-- MySQL dump 10.13  Distrib 5.7.22, for Linux (x86_64)
--
-- Host: 127.0.0.1    Database: vert_db
-- ------------------------------------------------------
-- Server version	5.7.22-0ubuntu0.16.04.1

/*!40101 SET @OLD_CHARACTER_SET_CLIENT=@@CHARACTER_SET_CLIENT */;
/*!40101 SET @OLD_CHARACTER_SET_RESULTS=@@CHARACTER_SET_RESULTS */;
/*!40101 SET @OLD_COLLATION_CONNECTION=@@COLLATION_CONNECTION */;
/*!40101 SET NAMES utf8 */;
/*!40103 SET @OLD_TIME_ZONE=@@TIME_ZONE */;
/*!40103 SET TIME_ZONE='+00:00' */;
/*!40014 SET @OLD_UNIQUE_CHECKS=@@UNIQUE_CHECKS, UNIQUE_CHECKS=0 */;
/*!40014 SET @OLD_FOREIGN_KEY_CHECKS=@@FOREIGN_KEY_CHECKS, FOREIGN_KEY_CHECKS=0 */;
/*!40101 SET @OLD_SQL_MODE=@@SQL_MODE, SQL_MODE='NO_AUTO_VALUE_ON_ZERO' */;
/*!40111 SET @OLD_SQL_NOTES=@@SQL_NOTES, SQL_NOTES=0 */;

--
-- Table structure for table `balances`
--

DROP TABLE IF EXISTS `balances`;
/*!40101 SET @saved_cs_client     = @@character_set_client */;
/*!40101 SET character_set_client = utf8 */;
CREATE TABLE `balances` (
  `id` int(10) unsigned NOT NULL AUTO_INCREMENT,
  `total` decimal(8,2) unsigned NOT NULL,
  `id_customer` int(10) unsigned NOT NULL,
  `created_at` timestamp NULL DEFAULT NULL,
  `updated_at` timestamp NULL DEFAULT NULL,
  `deleted_at` timestamp NULL DEFAULT NULL,
  PRIMARY KEY (`id`),
  KEY `balances_id_customer_foreign` (`id_customer`) USING BTREE,
  CONSTRAINT `balances_ibfk_1` FOREIGN KEY (`id_customer`) REFERENCES `customers` (`id`)
) ENGINE=InnoDB AUTO_INCREMENT=5 DEFAULT CHARSET=utf8mb4 COLLATE=utf8mb4_unicode_ci;
/*!40101 SET character_set_client = @saved_cs_client */;

--
-- Dumping data for table `balances`
--

LOCK TABLES `balances` WRITE;
/*!40000 ALTER TABLE `balances` DISABLE KEYS */;
INSERT INTO `balances` VALUES (1,560.00,2,'2018-01-26 19:12:31',NULL,NULL),(4,750.00,14,'2018-06-07 22:19:07','2018-06-07 22:19:52',NULL);
/*!40000 ALTER TABLE `balances` ENABLE KEYS */;
UNLOCK TABLES;

--
-- Table structure for table `companies`
--

DROP TABLE IF EXISTS `companies`;
/*!40101 SET @saved_cs_client     = @@character_set_client */;
/*!40101 SET character_set_client = utf8 */;
CREATE TABLE `companies` (
  `id` int(10) unsigned NOT NULL AUTO_INCREMENT,
  `name` varchar(191) COLLATE utf8mb4_unicode_ci NOT NULL,
  `description` varchar(191) COLLATE utf8mb4_unicode_ci NOT NULL,
  `address` varchar(191) COLLATE utf8mb4_unicode_ci NOT NULL,
  `phone` varchar(191) COLLATE utf8mb4_unicode_ci NOT NULL,
  `rfc` varchar(191) COLLATE utf8mb4_unicode_ci NOT NULL,
  `email_billing` varchar(191) COLLATE utf8mb4_unicode_ci NOT NULL,
  `page_web` varchar(191) COLLATE utf8mb4_unicode_ci NOT NULL,
  `id_cedis` int(191) unsigned DEFAULT NULL,
  `created_at` timestamp NULL DEFAULT NULL,
  `updated_at` timestamp NULL DEFAULT NULL,
  `deleted_at` timestamp NULL DEFAULT NULL,
  PRIMARY KEY (`id`)
) ENGINE=InnoDB AUTO_INCREMENT=4 DEFAULT CHARSET=utf8mb4 COLLATE=utf8mb4_unicode_ci;
/*!40101 SET character_set_client = @saved_cs_client */;

--
-- Dumping data for table `companies`
--

LOCK TABLES `companies` WRITE;
/*!40000 ALTER TABLE `companies` DISABLE KEYS */;
INSERT INTO `companies` VALUES (1,'Altatec de occidente','soluciones de tecnologia','Industria Zapatera 124','01 33 3540 7200','aoc900115qh9','facturacion@altatec.com.mx','www.altatec.com.mx',12,'2018-01-25 00:03:39','2018-01-25 00:03:45',NULL),(2,'sello Rojo','da leche ','calle del sello rojo ','3216547896','SEDRR45','factura@sellorojo','www.sellorojo.com',NULL,'2018-02-01 20:23:19','2018-02-01 20:23:22',NULL),(3,'Potosino','Empresa 100% mexicana con más de 58 años\r\nde experiencia en el negocio de Auto-transporte.','Dr. R. Michel No. 2526-A / Col. Lomas de San Pedro / C.P. 44897 / Guadalajara, Jal.','01 800 36 115 00','pt45645689612','\r\nDr. R. Michel No. 2526-A / Col. Lomas de San Pedro / C.P. 44897 / Guadalajara, Jal.\r\n01 800 36 115 00\r\ncall_center@potosinos.com.mx	\r\ncall_center@potosinos.com.mx','http://www.potosinos.com.mx/home.html',12,'2018-02-13 00:06:57',NULL,NULL);
/*!40000 ALTER TABLE `companies` ENABLE KEYS */;
UNLOCK TABLES;

--
-- Table structure for table `customers`
--

DROP TABLE IF EXISTS `customers`;
/*!40101 SET @saved_cs_client     = @@character_set_client */;
/*!40101 SET character_set_client = utf8 */;
CREATE TABLE `customers` (
  `id` int(10) unsigned NOT NULL AUTO_INCREMENT,
  `code` varchar(191) COLLATE utf8mb4_unicode_ci NOT NULL,
  `name` varchar(191) COLLATE utf8mb4_unicode_ci NOT NULL,
  `last_name` varchar(191) COLLATE utf8mb4_unicode_ci NOT NULL,
  `phone` varchar(191) COLLATE utf8mb4_unicode_ci NOT NULL,
  `email` varchar(191) COLLATE utf8mb4_unicode_ci NOT NULL,
  `street` varchar(191) COLLATE utf8mb4_unicode_ci NOT NULL,
  `colony` varchar(191) COLLATE utf8mb4_unicode_ci NOT NULL,
  `city` varchar(191) COLLATE utf8mb4_unicode_ci NOT NULL,
  `state` varchar(191) COLLATE utf8mb4_unicode_ci NOT NULL,
  `cp` varchar(191) COLLATE utf8mb4_unicode_ci NOT NULL,
  `external_number` varchar(191) COLLATE utf8mb4_unicode_ci NOT NULL,
  `internal_number` varchar(191) COLLATE utf8mb4_unicode_ci DEFAULT NULL,
  `latitude` varchar(191) COLLATE utf8mb4_unicode_ci NOT NULL,
  `longitude` varchar(191) COLLATE utf8mb4_unicode_ci NOT NULL,
  `id_warehouse` int(10) unsigned NOT NULL,
  `id_company` int(10) unsigned NOT NULL,
  `id_sector` int(10) unsigned NOT NULL,
  `created_at` timestamp NULL DEFAULT NULL,
  `updated_at` timestamp NULL DEFAULT NULL,
  `deleted_at` timestamp NULL DEFAULT NULL,
  PRIMARY KEY (`id`),
  UNIQUE KEY `customers_email_unique` (`email`) USING BTREE,
  KEY `customers_id_warehouse_foreign` (`id_warehouse`) USING BTREE,
  KEY `customers_id_company_foreign` (`id_company`) USING BTREE,
  KEY `customers_id_sector_foreign` (`id_sector`) USING BTREE,
  CONSTRAINT `customers_ibfk_1` FOREIGN KEY (`id_company`) REFERENCES `companies` (`id`),
  CONSTRAINT `customers_ibfk_2` FOREIGN KEY (`id_warehouse`) REFERENCES `warehouses` (`id`)
) ENGINE=InnoDB AUTO_INCREMENT=15 DEFAULT CHARSET=utf8mb4 COLLATE=utf8mb4_unicode_ci;
/*!40101 SET character_set_client = @saved_cs_client */;

--
-- Dumping data for table `customers`
--

LOCK TABLES `customers` WRITE;
/*!40000 ALTER TABLE `customers` DISABLE KEYS */;
INSERT INTO `customers` VALUES (2,'12345','Emmanuel','Martinez Rodriguez','3311712517','isc.emmanuel.mtz@gmail.com','Vale del usumacinta','Jardines del Valle','Zapopan','Jalisco','45138','2111','00','28','-98',1,1,1,'2018-01-25 00:36:03','2018-02-22 18:32:53',NULL),(3,'123','Dr. Jeromy Stanton I','Feil','4521698736','crona.bette@example.net','labore','Ruth Langworth PhD','West Sonia','Hermann','44717','Lf','3Y','19','-97',1,1,1,'2018-01-25 00:36:03','2018-02-07 18:23:22',NULL),(4,'4657981326','Joan Langosh','Bednar','7894651326','mia.altenwerth@example.net','quam','Jon Bartell','North Missourichester','Bashirian','44754','12366','a9','28','-98',1,1,1,'2018-01-25 00:36:04','2018-02-22 18:33:31',NULL),(5,'4561237896','Jose Ramon','Wuckert','7894566666','leopoldo22@example.org','minus','Anibal Schaefer','North Aurelio','Hodkiewicz','44740','tp','Df','31','-97',1,1,1,'2018-01-25 00:36:04','2018-02-19 22:53:43','2018-02-19 22:53:43'),(6,'8978977878','Carlos Adrian','Mar Felix','7894561236','felix.mar1995@hotmail.com','cantera sur','mision de la cantera','Tampico','jalisco','45405','5','546','20.6512695','-103.2690326',12,1,1,'2018-02-10 00:53:51','2018-02-19 22:19:25',NULL),(7,'4540464646','Jairo','Santoyo','2222222222','jairo@santoyo.com','calle cantera sur int 69','jhhjg','madero','Tamaulipas','45045','54654','4654','20.6713596','-103.28438570000003',11,1,6,'2018-02-14 20:02:30','2018-02-17 20:17:57','2018-02-17 20:17:57'),(8,'1212121121','Fernando','Contreras','3334445877','fernando@hotmail.com','Cantera','Mision de la cantera','Tonala','Jalisco','40455','69','68','20.6512695','-103.2690326',16,2,34,'2018-02-17 18:25:50','2018-02-17 19:58:11','2018-02-17 19:58:11'),(9,'0982534223','Carlos','Acosta','3334473386','jc.acosta@eeo.com.mx','Avenida idalia','Alamedas de Zalatitan','Tonala','Jalisco','45407','347','0','20.664629','-103.25463589999998',1,1,41,'2018-02-20 00:06:47','2018-02-20 00:13:11',NULL),(10,'4540422222','Lazaro','Cornejo','8979897897','lazaro@cornejo.com','Sabiduría','Infonavit Estadio','Guadalajara','Jalisco','44307','231','13 A e','20.7135735','-103.31671019999999',11,1,1,'2018-02-22 17:32:35','2018-02-22 17:32:35',NULL),(11,'4654654564','Juan Carlos','Macias','3325665696','juan@macias.com','Avenida Idalia','Las Torres','Tonalá','Jalisco','45405','347',NULL,'20.664629','-103.25463589999998',11,1,41,'2018-02-23 17:26:43','2018-02-23 17:26:43',NULL),(12,'1111111111','Pedro','Perez','4465545645','pedro@hotmail.com','Avenida Idalia','Los Camichines II','Tonalá','Jalisco','40445','362',NULL,'20.6720857','-103.25374829999998',11,1,6,'2018-02-23 18:10:37','2018-02-23 18:10:37',NULL),(13,'6446646464','Karla Anelly','Salvador Ramirez','8797879999','karla@salvador.com','Violeta','Revolución Verde','Ciudad Madero','Tamaulipas','89518','104',NULL,'22.3188618','-97.8452653',28,1,41,'2018-02-23 18:17:00','2018-02-23 18:17:00',NULL),(14,'4540422222','Maria Cristina','Salvador Ramirez','1231313111','maria@hotmail.com','Lázaro Cárdenas','Emiliano Zapata','Puerto Vallarta','Jalisco','48380','506',NULL,'20.604393','-105.2305998',22,2,42,'2018-02-26 23:51:36','2018-02-26 23:51:36',NULL);
/*!40000 ALTER TABLE `customers` ENABLE KEYS */;
UNLOCK TABLES;

--
-- Table structure for table `deliveries`
--

DROP TABLE IF EXISTS `deliveries`;
/*!40101 SET @saved_cs_client     = @@character_set_client */;
/*!40101 SET character_set_client = utf8 */;
CREATE TABLE `deliveries` (
  `id` int(10) unsigned NOT NULL AUTO_INCREMENT,
  `id_order` int(10) unsigned NOT NULL,
  `description` varchar(191) COLLATE utf8mb4_unicode_ci NOT NULL,
  `created_at` timestamp NULL DEFAULT NULL,
  `updated_at` timestamp NULL DEFAULT NULL,
  `deleted_at` timestamp NULL DEFAULT NULL,
  PRIMARY KEY (`id`),
  KEY `deliveries_id_order_foreign` (`id_order`) USING BTREE,
  CONSTRAINT `deliveries_ibfk_1` FOREIGN KEY (`id_order`) REFERENCES `orders` (`id`)
) ENGINE=InnoDB AUTO_INCREMENT=3 DEFAULT CHARSET=utf8mb4 COLLATE=utf8mb4_unicode_ci;
/*!40101 SET character_set_client = @saved_cs_client */;

--
-- Dumping data for table `deliveries`
--

LOCK TABLES `deliveries` WRITE;
/*!40000 ALTER TABLE `deliveries` DISABLE KEYS */;
INSERT INTO `deliveries` VALUES (2,98,'test de descripcion',NULL,NULL,NULL);
/*!40000 ALTER TABLE `deliveries` ENABLE KEYS */;
UNLOCK TABLES;

--
-- Table structure for table `migrations`
--

DROP TABLE IF EXISTS `migrations`;
/*!40101 SET @saved_cs_client     = @@character_set_client */;
/*!40101 SET character_set_client = utf8 */;
CREATE TABLE `migrations` (
  `id` int(10) unsigned NOT NULL AUTO_INCREMENT,
  `migration` varchar(191) COLLATE utf8mb4_unicode_ci NOT NULL,
  `batch` int(11) NOT NULL,
  PRIMARY KEY (`id`)
) ENGINE=InnoDB AUTO_INCREMENT=24 DEFAULT CHARSET=utf8mb4 COLLATE=utf8mb4_unicode_ci;
/*!40101 SET character_set_client = @saved_cs_client */;

--
-- Dumping data for table `migrations`
--

LOCK TABLES `migrations` WRITE;
/*!40000 ALTER TABLE `migrations` DISABLE KEYS */;
INSERT INTO `migrations` VALUES (2,'2016_06_01_000001_create_oauth_auth_codes_table',1),(3,'2016_06_01_000002_create_oauth_access_tokens_table',1),(4,'2016_06_01_000003_create_oauth_refresh_tokens_table',1),(5,'2016_06_01_000004_create_oauth_clients_table',1),(6,'2016_06_01_000005_create_oauth_personal_access_clients_table',1),(7,'2017_11_15_231658_create_user_types_table',1),(8,'2014_10_12_000000_create_users_table',2),(9,'2017_11_15_232427_create_customers_table',3),(10,'2017_11_15_232552_create_products_table',3),(11,'2017_11_15_232607_create_product_categories_table',3),(13,'2017_11_29_001146_create_companies_table',3),(14,'2017_11_29_001205_create_balances_table',3),(15,'2017_11_29_001248_create_warehouses_table',3),(16,'2017_11_29_001406_create_deliveries_table',3),(17,'2017_11_29_001423_create_orders_table',3),(18,'2017_11_29_001433_create_sales_table',3),(19,'2017_12_06_231328_pivote',3),(20,'2017_12_11_225046_create_payments_table',3),(21,'2017_12_18_233224_cretate_pivotes_table',3),(22,'2018_01_16_165427_create_stocktakings_table',3),(23,'2017_11_29_001056_create_sectors_table',4);
/*!40000 ALTER TABLE `migrations` ENABLE KEYS */;
UNLOCK TABLES;

--
-- Table structure for table `oauth_access_tokens`
--

DROP TABLE IF EXISTS `oauth_access_tokens`;
/*!40101 SET @saved_cs_client     = @@character_set_client */;
/*!40101 SET character_set_client = utf8 */;
CREATE TABLE `oauth_access_tokens` (
  `id` varchar(100) COLLATE utf8mb4_unicode_ci NOT NULL,
  `user_id` int(11) DEFAULT NULL,
  `client_id` int(11) NOT NULL,
  `name` varchar(191) COLLATE utf8mb4_unicode_ci DEFAULT NULL,
  `scopes` text COLLATE utf8mb4_unicode_ci,
  `revoked` tinyint(1) NOT NULL,
  `created_at` timestamp NULL DEFAULT NULL,
  `updated_at` timestamp NULL DEFAULT NULL,
  `expires_at` datetime DEFAULT NULL,
  PRIMARY KEY (`id`),
  KEY `oauth_access_tokens_user_id_index` (`user_id`) USING BTREE
) ENGINE=InnoDB DEFAULT CHARSET=utf8mb4 COLLATE=utf8mb4_unicode_ci;
/*!40101 SET character_set_client = @saved_cs_client */;

--
-- Dumping data for table `oauth_access_tokens`
--

LOCK TABLES `oauth_access_tokens` WRITE;
/*!40000 ALTER TABLE `oauth_access_tokens` DISABLE KEYS */;
INSERT INTO `oauth_access_tokens` VALUES ('006e4587f6559bcadb08d0be451ba6000078402fc4026bf41e341b2641e2d6207feef54894d7fe9e',7,2,NULL,'[]',0,'2018-03-02 00:15:17','2018-03-02 00:15:17','2018-03-11 18:15:17'),('00d42dd4a412b7d225a43f0e938e8c683e9116c49f5a9150887cf1b2a203e0a37feadd2ce989ed7e',1,2,NULL,'[]',0,'2018-02-13 00:28:08','2018-02-13 00:28:08','2018-02-22 18:28:08'),('00f30ba099e556722d6d624f9364e7e96c7c0bbac045359ead99efc331e68322ff124deccd74402b',8,2,NULL,'[]',0,'2018-02-01 22:58:27','2018-02-01 22:58:27','2018-02-11 16:58:27'),('01bd69df1616f35c57db166513b50481a54bda6f2c1d1e91d000075b717eb828914170a1a498fb57',1,2,NULL,'[]',0,'2018-02-14 00:23:24','2018-02-14 00:23:24','2018-02-23 18:23:24'),('01df613ae16295ab8e2707e530489eef7bc69fb248bb7c2720a428c851623c498bdc35674e8e2f7a',1,4,NULL,'[]',0,'2018-05-30 23:22:53','2018-05-30 23:22:53','2018-06-09 18:22:53'),('01e0e25849c4a15c793a47fa54233398f1e13bd14ac9fdca95888b2250e8075e2d0cf003bf41f416',14,2,NULL,'[]',0,'2018-02-27 19:10:40','2018-02-27 19:10:40','2018-03-09 13:10:40'),('0289a5daa5999d84a2fbe75dfe8b9f291ab3d844b67049a7c8ba647603a5a959a4d95d1e9ed3c057',7,2,NULL,'[]',0,'2018-02-02 18:24:25','2018-02-02 18:24:25','2018-02-12 12:24:25'),('029b2fbbd8bed4d30b9aeeee7c0b41335e4098f7c1a264657e370d660de47e384b2833cbd1a9c15c',7,2,NULL,'[]',0,'2018-02-02 00:28:34','2018-02-02 00:28:34','2018-02-11 18:28:34'),('02db977184e1e9a075dfb9ae8776fef4f2a3f783de38a96dd7e7256fc6bbd0af09de4170cbac4e7e',1,2,NULL,'[]',0,'2018-02-01 22:23:47','2018-02-01 22:23:47','2018-02-11 16:23:47'),('03097a03f1021d32061a9c9fcedc753de793f861d5933f99f05adabed4bd8b4812521156ad537042',1,2,NULL,'[]',0,'2018-02-20 20:00:37','2018-02-20 20:00:37','2018-03-02 14:00:37'),('03c61e45fad7a9716eaf56be3be545e8a7edd93bd499e99745037efc2fa2a6c45f773d6bcb149c26',1,2,NULL,'[]',0,'2018-01-29 22:00:55','2018-01-29 22:00:55','2018-02-08 16:00:55'),('04880299a9310511e2291a353b4b3023fdaf8ffa09009e404e281f8bbd91a7594af2fb492576cbc1',1,2,NULL,'[]',0,'2018-03-05 23:22:32','2018-03-05 23:22:32','2018-03-15 17:22:32'),('04e4f0cb65993cf0a4559b4e67d93ef50aa94af9f9c3e80be4ea6f62089e225a7f33d6bfc5876499',1,2,NULL,'[]',0,'2018-02-16 22:18:34','2018-02-16 22:18:34','2018-02-26 16:18:34'),('0573e940c4d2c879c57ef799de8254f110d61c160e24d919afc5584d2c15d6dde8be423f01696666',17,2,NULL,'[]',0,'2018-02-19 23:20:01','2018-02-19 23:20:01','2018-03-01 17:20:01'),('062a623844855747460afbdaba993d960536d901acef5d373bb5dc3fa38afd483d928738b15cd534',7,2,NULL,'[]',0,'2018-02-27 20:38:58','2018-02-27 20:38:58','2018-03-09 14:38:58'),('0635849bc26b3a68fb8f5673242f118b33a8cff863d7d82009b421a06a6eaf8c3b4bf91abe6d6268',8,2,NULL,'[]',0,'2018-02-13 23:16:44','2018-02-13 23:16:44','2018-02-23 17:16:44'),('065c5d4141ccfa918f67cef04e6a620ad5afa99c9b5b2c161a3beab3fe25f561d7e7b1e5846d1279',7,2,NULL,'[]',0,'2018-02-27 22:20:38','2018-02-27 22:20:38','2018-03-09 16:20:38'),('06cd918d7fb23d6b2a72d2e8671598c3c3017b4cf17ea962a5728b045100ee54b3cd4f071acbfa96',1,2,NULL,'[]',0,'2018-04-24 20:13:44','2018-04-24 20:13:44','2018-05-04 15:13:43'),('07443bd68fc396eafcab33e8175649cdc78b554b6c0d8834f6b4013a5f313357f7222b0890aece3d',1,2,NULL,'[]',0,'2018-02-20 16:20:32','2018-02-20 16:20:32','2018-03-02 10:20:32'),('075e95d261421fcf3ca7582ae1a642cfb72d0a600934e2b49a3c6c6fe3a69e571b32351fc5e344a8',1,2,NULL,'[]',0,'2018-02-07 15:57:23','2018-02-07 15:57:23','2018-02-17 09:57:23'),('07810e3598f75150968fcf37e97bbd7795d1be5c8e8d7032030c63b7e2fe4edc7bfc82d703350ba7',1,2,NULL,'[]',0,'2018-02-09 00:42:00','2018-02-09 00:42:00','2018-02-18 18:42:00'),('07d037aa8595fa3653665997aa426e52a2c4281d93d61c370307004ec4d721ad3794a0d006dbcc9a',1,2,NULL,'[]',0,'2018-02-06 23:24:24','2018-02-06 23:24:24','2018-02-16 17:24:24'),('0828056df2264e58f43a3f5c4bb54e6deb42a6dc924f30c2b8feb611ab045013794c9ed0f6294ecd',8,2,NULL,'[]',0,'2018-02-19 15:11:19','2018-02-19 15:11:19','2018-03-01 09:11:18'),('085d853ed8cb901375d5d23fc2eb4b86a35cfdfd0c058eac4228483fe89306889d8b52de6abb2727',1,2,NULL,'[]',0,'2018-02-21 22:52:40','2018-02-21 22:52:40','2018-03-03 16:52:40'),('088d9c5f2dac219047d9565577a3173be1670ee0edd1fccff0251b373545d718669268f5caff0b2d',1,3,NULL,'[]',0,'2018-05-30 22:08:42','2018-05-30 22:08:42','2018-06-09 17:08:42'),('08c0c187065a8ba5cf223208ed8f0fb543248ca15da2d9559fd30a9b599f44e79d5845901eaf4d79',1,2,NULL,'[]',0,'2018-02-22 23:36:03','2018-02-22 23:36:03','2018-03-04 17:36:03'),('093fb1945fe33eadcfadc7db59dc619444789c219aa6bb275786d84823dfc939a0002ad766982097',1,2,NULL,'[]',0,'2018-02-02 16:41:48','2018-02-02 16:41:48','2018-02-12 10:41:48'),('099cd96cc68881fb1dcb606d5ad838ccf93a3cbdbca8e97b790178ac8ac15b153742d88c341db784',7,2,NULL,'[]',0,'2018-02-01 19:05:28','2018-02-01 19:05:28','2018-02-11 13:05:28'),('09ae5cbb74f3ec90905d9e45d13df34faef5fed5913eb02789503c70bca19421c13f757ecbde0ae2',1,2,NULL,'[]',0,'2018-02-08 21:44:17','2018-02-08 21:44:17','2018-02-18 15:44:17'),('0a1c5bdf5f21b5d9b3d62ac763fd4930bb282cce4059d3391cd0f5e2e95978226da0e2ddc1459374',1,2,NULL,'[]',0,'2018-02-14 19:29:26','2018-02-14 19:29:26','2018-02-24 13:29:26'),('0aa0ea882a19cf982618403153e50e9ca15a73e249e9ae1b54b2886e5d890251decabe7f0423ab8f',7,2,NULL,'[]',0,'2018-02-27 00:53:07','2018-02-27 00:53:07','2018-03-08 18:53:07'),('0b1bc41833b5dc2ad86cb6581a813ee74a7d8963e69f26665a86d3d66efa26e95ff3ebdbc48cfecb',1,2,NULL,'[]',0,'2018-02-01 02:20:28','2018-02-01 02:20:28','2018-02-10 20:20:28'),('0b1fbae625b621354f503c080b73327e524e484b07587337be68078a804316a874f741f1401b4c4a',1,2,NULL,'[]',0,'2018-01-29 19:48:43','2018-01-29 19:48:43','2018-02-08 13:48:43'),('0b27746afe7760f659b8ba4e20d708588261461b58c2e3ec871178e9d81e2766513a4530d137f629',1,2,NULL,'[]',0,'2018-02-20 22:46:12','2018-02-20 22:46:12','2018-03-02 16:46:12'),('0b5ffaa8b1cd7532c61651d0ec5a7cdd6687bac02d8777ced4c0a10222aab56ef0bc05173d88b47a',1,2,NULL,'[]',0,'2018-02-13 00:22:44','2018-02-13 00:22:44','2018-02-22 18:22:44'),('0b628bd801b86a980107a19cc2c4b8367c6c1f7a6ffaf4ca7b313b08324c390de76bfe76f282856e',1,2,NULL,'[]',0,'2018-02-09 23:49:10','2018-02-09 23:49:10','2018-02-19 17:49:10'),('0b80fdcef50045e6f226380a3267021737f8ab03aa98196246b1b3663486af393d64fc00360a2ede',7,2,NULL,'[]',0,'2018-02-27 21:48:03','2018-02-27 21:48:03','2018-03-09 15:48:03'),('0bbe57e8514eadbc9daeeb6faedc2444024a433354d3fcfd13041a3aff05939239faa9f2cbce0a14',1,2,NULL,'[]',0,'2018-02-13 23:11:47','2018-02-13 23:11:47','2018-02-23 17:11:47'),('0bc17b5a5fdddee743c720cd0a19c3bc81c97d5c1fd6bed28347ee01210683d22cd7c3db20ac2c2e',1,2,NULL,'[]',0,'2018-01-31 19:17:33','2018-01-31 19:17:33','2018-02-10 13:17:33'),('0c111cb9ee478cfa1ba94c1e335027cbfef824686252527fcb6f9c20e5bf87ed07a722976e650091',1,2,NULL,'[]',0,'2018-02-12 21:45:11','2018-02-12 21:45:11','2018-02-22 15:45:11'),('0c3310d1b7c732680283f689fe9a5b4a5bb9e458cb6f859be8300c13f8f635c39a8db14bdc6b2d86',8,2,NULL,'[]',0,'2018-02-13 16:39:51','2018-02-13 16:39:51','2018-02-23 10:39:51'),('0d478e491b53d7f4ea5bd76711cfd8a6b16c471757a84f9bf20ac3b1df13e6a498a4455e5d787f27',7,2,NULL,'[]',0,'2018-02-27 23:44:55','2018-02-27 23:44:55','2018-03-09 17:44:55'),('0da30e6b88dc8c83ae681434e56e88021182e3781e4f5fdaa3d18d8cebab428f7892a4ba79f2c62f',1,2,NULL,'[]',0,'2018-02-17 17:58:59','2018-02-17 17:58:59','2018-02-27 11:58:59'),('0da436cac1390b41389073f5eb88abc70bba8e6d7fb0d969a7beb2412840009990acf70fae17c724',1,2,NULL,'[]',0,'2018-02-22 22:20:59','2018-02-22 22:20:59','2018-03-04 16:20:59'),('0da7b0ae11502e1f3a351706e9a160b9850f93413123cb9a6f9bcd4f765dddea535788fdf8c52b2d',1,2,NULL,'[]',0,'2018-01-31 22:37:49','2018-01-31 22:37:49','2018-02-10 16:37:49'),('0dba380d58df22f07357bbcf1027aebc8a5fedd03899f37412b1b19a4f03e8f055370da8d0871286',1,2,NULL,'[]',0,'2018-02-07 01:05:14','2018-02-07 01:05:14','2018-02-16 19:05:14'),('0dc381595128dd57ad5126468aea2757cfc36ee626ff12e89c0acc82d11bedc9baccfd53f8fc503c',1,2,NULL,'[]',0,'2018-02-27 00:55:47','2018-02-27 00:55:47','2018-03-08 18:55:47'),('0ded7decf7dd4bcaa6536268accbb0f532f41d73fc14cffc13048253b16b31700094d0e4be834f45',17,2,NULL,'[]',0,'2018-02-19 23:37:02','2018-02-19 23:37:02','2018-03-01 17:37:02'),('0e01f6b5c7b380b0f7a374689a746dd03daa56c58e68f0d0000ede15eb9a32ca5895a5ee3d6a3d98',1,2,NULL,'[]',0,'2018-02-08 00:01:49','2018-02-08 00:01:49','2018-02-17 18:01:49'),('0e5cd9133108678b3e7c9e6d1b504feee2c1bbbc37d1271bf38d175c47657cb0ac9609cd0c3127d0',8,2,NULL,'[]',0,'2018-02-28 23:58:09','2018-02-28 23:58:09','2018-03-10 17:58:09'),('0e7d3efb50ff14a41996af8f0283b0ddb0f6d5d33a3352cf6bb1bec84cceffb2748be00c98f3840d',7,2,NULL,'[]',0,'2018-02-08 21:51:29','2018-02-08 21:51:29','2018-02-18 15:51:29'),('0eae654d2cabda9487a6b9c2ab7d25224e7b6763de0eef4382a6bce4f75e90ca055d5e25b5354a62',1,2,NULL,'[]',0,'2018-02-01 22:09:10','2018-02-01 22:09:10','2018-02-11 16:09:10'),('0ec8eabe2c4d4e885c65c818856474dcf77f876c9e640b8bb1dee5c376eae04ad321685bbb2eab06',1,2,NULL,'[]',0,'2018-02-16 06:39:14','2018-02-16 06:39:14','2018-02-26 00:39:14'),('0f2bcd95549273900436dd1ceb71a7d69ff089c02a62affc6d8424c6c3892615467dff9c2344658b',1,2,NULL,'[]',0,'2018-02-25 06:26:33','2018-02-25 06:26:33','2018-03-07 00:26:33'),('0f6131d6032c83adad12e73c42bfee0f666d4e1115513b4375daa7f0fcf518bc075bc1d501b02238',1,2,NULL,'[]',0,'2018-02-22 22:34:18','2018-02-22 22:34:18','2018-03-04 16:34:18'),('0f907c0166b901ce492ec033d2dbc34d75ea5c5c7ec82ca1e121df6f670c61cd3f341b58fcc47514',1,2,NULL,'[]',0,'2018-01-31 21:40:41','2018-01-31 21:40:41','2018-02-10 15:40:41'),('105f438cf6882023c0fa6cb9b767d86ee8916593f702d8da51b516f2e3a12b235ffc4b63953c80ee',1,2,NULL,'[]',0,'2018-02-21 15:59:11','2018-02-21 15:59:11','2018-03-03 09:59:11'),('106126bd07d70f4fec69b2e2dcfe3648ab36d496ae7a5be05d5f89a5879fbce195631a8638092d62',14,2,NULL,'[]',0,'2018-02-28 13:47:23','2018-02-28 13:47:23','2018-03-10 07:47:23'),('10d3de552beeef0cc25e1713574abd02fe7360bdc21a62361edf1f1f24603a455851f84c5afea7e1',1,2,NULL,'[]',0,'2018-02-20 23:03:53','2018-02-20 23:03:53','2018-03-02 17:03:53'),('111fce4a3ea7790d4b469b7724e4a9207189ffb6a83c0aa00d22331b793203fcdcf7572a6588069a',1,2,NULL,'[]',0,'2018-02-01 23:35:01','2018-02-01 23:35:01','2018-02-11 17:35:01'),('1149ff5d60471bd20541a5c15670dd0f90861a23853bfdc3091eb4eb97efd802fce6a6101c7a2b57',14,2,NULL,'[]',0,'2018-02-28 21:32:18','2018-02-28 21:32:18','2018-03-10 15:32:18'),('114ef6a24cf7e316f1dde3af0c4550b06670be82b609be073d9df4881aaba0f98a36185d984cf48f',32,2,NULL,'[]',0,'2018-02-19 22:08:25','2018-02-19 22:08:25','2018-03-01 16:08:25'),('116fc8e28af46bfd9896820e61babe351103d2e3e2134bf9fa69260129e87d6643de5190cd9f90bd',1,2,NULL,'[]',0,'2018-02-08 22:40:47','2018-02-08 22:40:47','2018-02-18 16:40:47'),('11d1c05e15267d56ed0f38cd67513b688c19032bf1205ed7559096d346dd36533ce1102f7e64ee82',1,2,NULL,'[]',0,'2018-01-31 00:47:07','2018-01-31 00:47:07','2018-02-09 18:47:07'),('11e97f6ec7db70473de911563e88814093e27675f883d23422b4117d7b542a913f3b0cb699774023',1,2,NULL,'[]',0,'2018-02-01 22:10:19','2018-02-01 22:10:19','2018-02-11 16:10:19'),('11ea3afd06f2fcdb54836de4f5106cb27f719daf0d47b5dad4448c6c734bd26b468331959c89ceb6',1,2,NULL,'[]',0,'2018-02-08 21:44:59','2018-02-08 21:44:59','2018-02-18 15:44:59'),('12a0a8b79ee06778538db39a8ce4581b00aacbc646ae28d6221ea108e4e52ff97ae0ca1ff8954984',1,2,NULL,'[]',0,'2018-02-10 00:39:00','2018-02-10 00:39:00','2018-02-19 18:39:00'),('12aee75e0706c54bada7b156fecd47f891229e1623837931ac17f059e05e6d4e55d1626149ff6952',14,2,NULL,'[]',0,'2018-02-27 19:04:57','2018-02-27 19:04:57','2018-03-09 13:04:57'),('12db803776f1c1bc5615d826d846a0370d3cbd3ac69dd08dae400cb8f2f83710c52d684b3244b99b',1,2,NULL,'[]',0,'2018-05-30 20:54:57','2018-05-30 20:54:57','2018-06-09 15:54:56'),('1329ed4c42c6025252fd581e079bcc470d54bd22a898b3ea9c7701da7e1a830e153658d9841a59a6',1,2,NULL,'[]',0,'2018-02-13 21:58:07','2018-02-13 21:58:07','2018-02-23 15:58:07'),('1345f8bb5fe5bbff4efc59c7f5062e46c7d85072ac750e4ec5791237b29ed5768ba03f7c385d9d1e',1,2,NULL,'[]',0,'2018-02-12 21:01:30','2018-02-12 21:01:30','2018-02-22 15:01:30'),('1377dbcfbc22d5aaa90c20db08baab1aa420632d008f36c9e841d9c619503a010e10f181a284c1ad',1,2,NULL,'[]',0,'2018-02-06 23:48:58','2018-02-06 23:48:58','2018-02-16 17:48:58'),('13bb8a478929c02edc92051045bc4e3157e2fc4b625bf13a4bdb0430088da07b537d942c8274e717',1,2,NULL,'[]',0,'2018-02-07 00:49:43','2018-02-07 00:49:43','2018-02-16 18:49:43'),('144b8d390b3fe27cd2c4749c6d17b330b95008516bf1606bccf5238a1744304fa757906b4340ab73',1,2,NULL,'[]',0,'2018-01-31 00:26:00','2018-01-31 00:26:00','2018-02-09 18:26:00'),('1455affff43906789e7a4e6e4ff255afe5a59ee6508245129850d8d4a2fbcb05d86e045c93ceac31',1,2,NULL,'[]',0,'2018-05-25 23:33:36','2018-05-25 23:33:36','2018-06-04 18:33:36'),('145df3c2b1f6c53fbdb0fbdcd7c71877ad3734cfee520c7073e0c84ed160945e319f36778ac91907',1,2,NULL,'[]',0,'2018-02-27 00:03:24','2018-02-27 00:03:24','2018-03-08 18:03:24'),('1473483fd61b56476931d147c7e5faeae043e4f6495eb6d7b031911949bded19d352efc4ab7fcba7',1,2,NULL,'[]',0,'2018-03-05 22:57:56','2018-03-05 22:57:56','2018-03-15 16:57:56'),('149af124bf445d8c28b41c8c58f93da4d5266aa5b25ca760b240287cd04611d12a4e169ddb68f23d',1,4,NULL,'[]',0,'2018-06-01 20:25:18','2018-06-01 20:25:18','2018-06-11 15:25:18'),('14d08cd215bee6f77923f1293bb8c3d94f9812d9887a4a8b67599c0a5dd5ada0f6e598d51baef148',1,2,NULL,'[]',0,'2018-02-06 23:00:26','2018-02-06 23:00:26','2018-02-16 17:00:26'),('14d39cce53d2a5a3caf833022da9f066d1944813dfa8d0a1961fbc3ce9a9f285622ce4fc66e8f678',1,2,NULL,'[]',0,'2018-02-22 23:29:24','2018-02-22 23:29:24','2018-03-04 17:29:24'),('15006877915cd7e5c7d9ea7da860b985be5e48b3702bb2b1061f52a011043a4d8b7f904c9943999c',1,2,NULL,'[]',0,'2018-02-01 00:11:35','2018-02-01 00:11:35','2018-02-10 18:11:35'),('152ac6c253bbc0e26677370761e3a87aca392b1ef4c6bb876797e3ac5452cd865d054207454d2a6f',7,2,NULL,'[]',0,'2018-02-28 23:56:58','2018-02-28 23:56:58','2018-03-10 17:56:58'),('152dfa33463b756f40aced68b9e1ccac0a974bd33e9cf7221bccd972a83cbefc10d4b17061071948',1,2,NULL,'[]',0,'2018-02-23 22:51:48','2018-02-23 22:51:48','2018-03-05 16:51:48'),('15904b074862a667c4544917ea4f4fac5e72fad1039a65a7f13452c5df8040d0bc917ee54e221a15',8,2,NULL,'[]',0,'2018-02-20 17:13:30','2018-02-20 17:13:30','2018-03-02 11:13:30'),('15966301829dbd4d97812773edf29062894c98742cfd907f21b7dd62e5bcc64a4a512662a4f7299c',1,4,NULL,'[]',0,'2018-05-31 21:37:55','2018-05-31 21:37:55','2018-06-10 16:37:55'),('15aa76f1f7beba3f480921209f070da1cbdd334a6b9463c6824a4f3e29b031e28938351ee9a255f8',1,2,NULL,'[]',0,'2018-01-31 19:14:35','2018-01-31 19:14:35','2018-02-10 13:14:35'),('15abf6448eacffce9cebba69ddc93ad0a5d93cafecd8fdc6a8f00c21e5f66c73778003a2820e3b90',1,2,NULL,'[]',0,'2018-03-02 23:44:24','2018-03-02 23:44:24','2018-03-12 17:44:24'),('1624ac5964db680a73a028a9aaed8847e97d6abea7be95e92cb13c02907994a11f40e9f718a0038f',1,2,NULL,'[]',0,'2018-02-02 16:20:39','2018-02-02 16:20:39','2018-02-12 10:20:39'),('1625bf76a4dd2b19fa85ed50f0bf8affbbf889c3d5c8cad86ab564a651c222e12413fcffae156f95',1,2,NULL,'[]',0,'2018-03-05 23:05:32','2018-03-05 23:05:32','2018-03-15 17:05:32'),('1627e219a8c99c26210e6f3a3fcf8fa312f2ae06085bec19e448352529bb0b6af628fddf6232374d',1,2,NULL,'[]',0,'2018-02-16 22:01:29','2018-02-16 22:01:29','2018-02-26 16:01:29'),('16b64d14ed9d6521a0790dddbcd3a9e38981aa2a89991bf081f3b68c00a06e7a9e5f428d8d0a7ec1',1,2,NULL,'[]',0,'2018-02-08 16:15:03','2018-02-08 16:15:03','2018-02-18 10:15:03'),('16d787e0cf9b5db7891a0a0c284151d3abadf64a243f6f2a44d2fc2f289cc81d3412af4d12879b54',1,2,NULL,'[]',0,'2018-02-10 00:04:04','2018-02-10 00:04:04','2018-02-19 18:04:04'),('16d885a36fe2fc29dc2441727e44f1937205b182527bfcbcaff2ee67e4fcf4d55a768467fa027d12',1,2,NULL,'[]',0,'2018-02-13 23:42:50','2018-02-13 23:42:50','2018-02-23 17:42:50'),('16f30d05b9562af05b651e83dc62088396e105f4debee60381e9a74e2f457c38b99db89ec31adefd',8,2,NULL,'[]',0,'2018-02-17 18:03:47','2018-02-17 18:03:47','2018-02-27 12:03:47'),('1732be499743885ff18ab02f6ad1d5e73a541fec30a14d275a5cdb4af88d89861fc8e031cb52a1c9',1,4,NULL,'[]',0,'2018-05-30 22:58:36','2018-05-30 22:58:36','2018-06-09 17:58:36'),('1764a94960c4425c001fc414f49ec473847f1f1765cb0129c7ac74a0008617e1d693c418a5b5a883',1,2,NULL,'[]',0,'2018-02-10 00:42:00','2018-02-10 00:42:00','2018-02-19 18:42:00'),('17bacad092b6e4545df1130eeeb028a058f5816eded08486b8d05e48aec2958e86c85bbd5927d222',1,2,NULL,'[]',0,'2018-02-09 00:40:27','2018-02-09 00:40:27','2018-02-18 18:40:27'),('17c8abb519fdc74207c73d578e0813d60df3df9110af76762f263313ea9368899f82de985cf42dea',1,2,NULL,'[]',0,'2018-02-23 23:57:56','2018-02-23 23:57:56','2018-03-05 17:57:56'),('17fb134ba2d0395874078da79ec3c07882449b7f902bbbd668404a9d9e369dc2d5f2b60f378549c6',1,2,NULL,'[]',0,'2018-02-21 22:44:36','2018-02-21 22:44:36','2018-03-03 16:44:36'),('1825be48fe3f4420aab3815f4ec000cb49f673293da7336b84b6016d2cdc5a61a1b4563e67f03a34',1,2,NULL,'[]',0,'2018-02-27 21:13:56','2018-02-27 21:13:56','2018-03-09 15:13:56'),('18772afe70a772fce67a0d92006e1e129045e0946aa0549792faa0de0be2aa6c2d129efc86437c65',1,2,NULL,'[]',0,'2018-02-01 00:56:08','2018-02-01 00:56:08','2018-02-10 18:56:08'),('18951bae54beb54033d66f7155b357a47076cd2c455f32cc186ff8f8ff57af2603ff3139d75d5a9f',1,2,NULL,'[]',0,'2018-02-13 00:48:27','2018-02-13 00:48:27','2018-02-22 18:48:27'),('1901928e5aa6acce1e98e34be02a4f37c17afb51c1a1c99ac0db38329a49e2652ef311a314f88395',1,2,NULL,'[]',0,'2018-02-08 20:08:36','2018-02-08 20:08:36','2018-02-18 14:08:36'),('19050faae4ee9b9e6b7018207457cdbd188bc2a9d19975ae379f82a28fd507b8c5090929175db63e',1,2,NULL,'[]',0,'2018-02-10 00:54:24','2018-02-10 00:54:24','2018-02-19 18:54:24'),('191f3adbc1edd5714506ddf2e6f522e480f3441067d45fde2b3d863615878044facd0eb5a323d706',1,2,NULL,'[]',0,'2018-02-28 23:45:41','2018-02-28 23:45:41','2018-03-10 17:45:41'),('1957c0d0ee8da16ea6eabc6e47f3d5401bde822f9a2be5eb6c860567c6c28ac707072c684f470c18',1,2,NULL,'[]',0,'2018-02-07 04:14:32','2018-02-07 04:14:32','2018-02-16 22:14:32'),('195f8ea2ed6f7acae6f5521ef7c4f75b3021d19bf8907756b07d656a12c49f9a3c72a2e41a961cdd',1,2,NULL,'[]',0,'2018-02-21 00:34:42','2018-02-21 00:34:42','2018-03-02 18:34:42'),('19f29f8c605b1fc9cb72e343c2e58bcc9908587abb4cb638dfa39560eb6bb07a9b409e78ef44c5a7',7,2,NULL,'[]',0,'2018-01-31 23:33:26','2018-01-31 23:33:26','2018-02-10 17:33:26'),('19f565da2c08c99e9b5cfd4dbb3ff3b179dca0dcf1f40ce72998cac5d30935f2cd638d5238a1bd5b',1,2,NULL,'[]',0,'2018-02-10 00:02:18','2018-02-10 00:02:18','2018-02-19 18:02:18'),('1a06e81943f9e94d5528b3670467e16c618aabb1a90b04355a1e6854bc10ee6cd7d6aaa68742976e',1,2,NULL,'[]',0,'2018-02-16 22:34:59','2018-02-16 22:34:59','2018-02-26 16:34:59'),('1ae2fdc10d51c29f615274ea4de8ad5aa9498da6b4a8441b8163862cd8cbf65f6a8f7a2a677bda64',1,2,NULL,'[]',0,'2018-02-26 23:35:48','2018-02-26 23:35:48','2018-03-08 17:35:48'),('1b0078a28e2137ea1816da832c5fbcf9da93a52dea38d765d611c7d3cf5bc25d879e331d11219558',1,2,NULL,'[]',0,'2018-01-31 22:57:33','2018-01-31 22:57:33','2018-02-10 16:57:33'),('1b04e21ef0d88b3bb9854ab0d359621a47eae7ec9d41f0fa192372c9ab479340a908e44aa702af93',1,2,NULL,'[]',0,'2018-02-21 23:18:19','2018-02-21 23:18:19','2018-03-03 17:18:19'),('1b5d5344ceef0acd3c5b9040ab612fa43e4d7237c62a16973b857d74398077a3b11fc7f55f1b341f',1,2,NULL,'[]',0,'2018-02-02 04:53:37','2018-02-02 04:53:37','2018-02-11 22:53:37'),('1b5dde1686d1f79d10c370660923d12e966a80bc03ce1502084ab8f891b01fe0cc3f5c1910d6657c',1,2,NULL,'[]',0,'2018-02-12 23:40:29','2018-02-12 23:40:29','2018-02-22 17:40:29'),('1b8b013b1d7ea03db35109f517aee653b0939cebe8a18797cdbe3cba4b45b56b98dde66e79f6ad49',1,2,NULL,'[]',0,'2018-02-15 00:47:08','2018-02-15 00:47:08','2018-02-24 18:47:08'),('1c3ba23e8c11e8d108a96b3b107c248559f23b1ad993a6d7b8af70ddf7c462f6684bac032c176521',1,2,NULL,'[]',0,'2018-02-10 00:38:28','2018-02-10 00:38:28','2018-02-19 18:38:28'),('1c96201376226e7187cd1d71267d39cd6cbd4b67fb6671df1222d0d9c4d37f13d87568b1f7c4a2f1',7,2,NULL,'[]',0,'2018-02-01 22:55:03','2018-02-01 22:55:03','2018-02-11 16:55:03'),('1d0590b0bb226734ad709d584e2793c810826aa2e9790f33d4a1592b83704b2d74fb4f2c17ed9095',1,2,NULL,'[]',0,'2018-02-13 00:30:36','2018-02-13 00:30:36','2018-02-22 18:30:36'),('1d210960a56c303dcbacbc562f1c5013c6b0a0d0f07fb6f7cdaa618b993e89b6321e60e2854b1add',1,2,NULL,'[]',0,'2018-02-26 23:49:51','2018-02-26 23:49:51','2018-03-08 17:49:51'),('1d3c25be0e5d5a7c26f7d0724f296278d06a0b7f86d662e013465538bf876ddf66d08cd1679b262d',1,2,NULL,'[]',0,'2018-02-22 22:00:36','2018-02-22 22:00:36','2018-03-04 16:00:36'),('1da86e1407785a392be17b009ca7e35e47120abf36853dffe01e1e166ebdcc5b09734f2c63b6d5d3',1,2,NULL,'[]',0,'2018-02-09 00:40:42','2018-02-09 00:40:42','2018-02-18 18:40:42'),('1dba138e479560d156cab53606320b55b4386805fcbb25f7b450f745525a924e919ff71ae17ac8f4',1,2,NULL,'[]',0,'2018-01-30 18:01:33','2018-01-30 18:01:33','2018-02-09 12:01:33'),('1dc0b820663e3468699fa2ff58be0d9c25dc8f475a7ae1975ba5b76d1dc7e9f532559eba369867eb',1,2,NULL,'[]',0,'2018-01-31 00:23:49','2018-01-31 00:23:49','2018-02-09 18:23:49'),('1e48921170ca8ce8c2ff85827eb30b09ff6cfefecad981f0a9d029a728477dd7c7ce99ca77dde6ab',1,2,NULL,'[]',0,'2018-02-09 00:39:04','2018-02-09 00:39:04','2018-02-18 18:39:04'),('1e69a832961c4b015aa4ccc1e34b9730dd605b89addd5f6eaffebb088169be05c00172025ba86768',1,2,NULL,'[]',0,'2018-02-17 04:33:58','2018-02-17 04:33:58','2018-02-26 22:33:58'),('1e76b899d53254f063b7b0618b6b609a255a68dfc578ba9300383c21bd916665d4cb3eeae8b033e8',1,2,NULL,'[]',0,'2018-02-27 00:50:48','2018-02-27 00:50:48','2018-03-08 18:50:48'),('1ebba8212a95927f3ec14e429d31bc403c27cf58a3d6636db728075b2d131efb3a62f06f043afb3a',1,2,NULL,'[]',0,'2018-02-01 19:49:08','2018-02-01 19:49:08','2018-02-11 13:49:08'),('1ef53c9b18c0ecce5863c1c7b0a92bf21a577a26d5afdcde7268df6051bc8baa84617fa5e2cd4931',1,2,NULL,'[]',0,'2018-02-26 21:57:08','2018-02-26 21:57:08','2018-03-08 15:57:08'),('1f35f6f1ff4599457468e21f00ad26d8ad89d9a43ee4bfeca3097c680d6de0349564b3b09166f7b6',1,2,NULL,'[]',0,'2018-02-13 00:47:12','2018-02-13 00:47:12','2018-02-22 18:47:12'),('1f7fdfcb7d75941cdccd35b0e45cc4c37d1a30ac545e6b1c243cf98f259dc37704812c157925ff02',1,2,NULL,'[]',0,'2018-03-01 21:06:26','2018-03-01 21:06:26','2018-03-11 15:06:26'),('1fc8aa7207f73beeea10e7fe2086425d7a7c2cedec45f6da16cb483b984159d8c97d6e134fe92900',7,2,NULL,'[]',0,'2018-02-27 23:44:07','2018-02-27 23:44:07','2018-03-09 17:44:07'),('1fea2424a9de7854b4f26fa7d21e2f7a3b7d4050e7de5c8c390ec8d18062fb71c24b16c7ac31e6bf',1,2,NULL,'[]',0,'2018-02-20 19:53:51','2018-02-20 19:53:51','2018-03-02 13:53:51'),('1ffe139ada11676dafca111b89e7eb37c27114e9987ecb81a96a5f3e20b035ba1174cd2ba0ef59e0',1,2,NULL,'[]',0,'2018-02-01 20:06:22','2018-02-01 20:06:22','2018-02-11 14:06:22'),('20478314582dd4eded339ab18f13aa6d121b9c78c0692900339704847070c6a9df4f164524254577',1,2,NULL,'[]',0,'2018-03-03 13:44:56','2018-03-03 13:44:56','2018-03-13 07:44:56'),('20543e7701d50bf8137663c053c2e88455e7585ebedffb789cc5527e2e54f03d009eb5b07de873d5',1,2,NULL,'[]',0,'2018-01-30 00:17:24','2018-01-30 00:17:24','2018-02-08 18:17:24'),('206c030ce42119281897fccda9f16759d205d28d108d24e73a6a23d65dd11447fbc96f3cb3c958d0',1,4,NULL,'[]',0,'2018-05-30 22:25:10','2018-05-30 22:25:10','2018-06-09 17:25:10'),('209de76d07f65b2e2171ae5c477b41fb93c75aafef7812ac804ad7fc0ac61249ac1f2b8afff13179',1,2,NULL,'[]',0,'2018-02-08 00:05:52','2018-02-08 00:05:52','2018-02-17 18:05:52'),('209f9b3be3e711e554aa1692eab9f3a951df1d03138902ca671cf0282fdab5b83dee542b1a4c0877',1,2,NULL,'[]',0,'2018-05-25 23:54:20','2018-05-25 23:54:20','2018-06-04 18:54:20'),('20c3e9d96a2fe84cf54f766b075a1a08e3b07eb2cc814c52d3ed80c70c47ab055625b87fbd7518fe',1,2,NULL,'[]',0,'2018-02-17 00:29:27','2018-02-17 00:29:27','2018-02-26 18:29:27'),('211b629489045dd3f519833cc28a3f847de61824552b2c6fe849c2d0173593a1ba5ccdcaad629f13',1,2,NULL,'[]',0,'2018-02-22 21:58:50','2018-02-22 21:58:50','2018-03-04 15:58:50'),('212b0df8d4ea38640144acf482e38533d20f3bc02b4c6163b6aa9f33b6da1fca5c98e19954338a60',1,2,NULL,'[]',0,'2018-02-24 00:13:53','2018-02-24 00:13:53','2018-03-05 18:13:53'),('212f993ef380744df800e43578310b609977ef3f7922f5d069a040321dab2f8fb0fc07974b3569b1',7,2,NULL,'[]',0,'2018-02-01 19:32:19','2018-02-01 19:32:19','2018-02-11 13:32:19'),('2190b1d81a4a377a41e8cb2df12a3cb72246489424fa56c5eab0fa9ce50e2f2808f2e43a15b1808b',1,2,NULL,'[]',0,'2018-02-20 00:44:54','2018-02-20 00:44:54','2018-03-01 18:44:54'),('21c75c95c8ab99afecb45b4f445e14c77deeac66a176ef9257af6e0fb1d09531cba77d4653cd69ad',37,2,NULL,'[]',0,'2018-02-28 22:28:35','2018-02-28 22:28:35','2018-03-10 16:28:35'),('21e458fa22b888bc570f7eaf47eecf5e12f5fa5491d0ddfa89313fd9cda9b3d62bc9b69b6c306175',1,2,NULL,'[]',0,'2018-04-05 23:19:19','2018-04-05 23:19:19','2018-04-15 18:19:19'),('223dbee2fae71c63b03b8585c7909c255a9a9fb7fe1e7050b4c6fe83788d02b974037d98378ffe75',1,2,NULL,'[]',0,'2018-02-17 00:19:59','2018-02-17 00:19:59','2018-02-26 18:19:59'),('22a4b6f54a95904e92179bd0188c53f4246e8a32a8e47d5ad96b5873a0ccacb01e00ee46852e5309',1,2,NULL,'[]',0,'2018-02-27 00:07:05','2018-02-27 00:07:05','2018-03-08 18:07:05'),('22a8c39a8f54c7400666cb0bcde26c5b5814ec70e8fc02d7ac6cd5337eb593c019f64100ee6b548c',1,2,NULL,'[]',0,'2018-02-26 18:31:37','2018-02-26 18:31:37','2018-03-08 12:31:37'),('2334a576fd3afb2238b3e294b88e63d16461106fa3c76c4261292e7c791128a7ab479ba2c4eaddec',7,2,NULL,'[]',0,'2018-02-01 19:11:13','2018-02-01 19:11:13','2018-02-11 13:11:13'),('23be8e1fda5fe54289d73c55bed7a6ca635737c4e5da0212e9f993b36b42eb8f7db69c8dbc7dd2ec',1,2,NULL,'[]',0,'2018-01-31 22:58:19','2018-01-31 22:58:19','2018-02-10 16:58:19'),('23c6a3fa4301b6fe2585f96e44d1c98b3e7463016c19ad2d9da8ba2bb1d5f4862c83bd54d645f47f',14,2,NULL,'[]',0,'2018-02-27 21:53:04','2018-02-27 21:53:04','2018-03-09 15:53:04'),('23e69422abff9a808ec2c675e22e5e87dea1062ee325706469f9c0d6296036ecb506ba172aa0d69d',1,2,NULL,'[]',0,'2018-01-31 18:57:00','2018-01-31 18:57:00','2018-02-10 12:57:00'),('24660e62626269aa27db40c3ccb5bf073e00af70361dbb92da5e6e2e3902be0030874dd453d81e5a',1,2,NULL,'[]',0,'2018-02-02 00:30:33','2018-02-02 00:30:33','2018-02-11 18:30:33'),('24727124fc9abc1fff3b90e3795fe6cbc3ca5bcc5b7765761b7ed85b39ac8f0183f598ab46bd02e6',1,2,NULL,'[]',0,'2018-02-14 16:26:28','2018-02-14 16:26:28','2018-02-24 10:26:28'),('24893c325af72677500108180eaac97656729b90de05e5ef86e1dc0c4de4c6c4f1e061ecf077871f',1,2,NULL,'[]',0,'2018-05-25 23:53:06','2018-05-25 23:53:06','2018-06-04 18:53:06'),('2491880ebd13424cc4c5a1bf3440a39a241252e1833c7cf72f20da7268678c605c90a7fbd79d39e8',1,2,NULL,'[]',0,'2018-02-27 21:09:56','2018-02-27 21:09:56','2018-03-09 15:09:56'),('2492c9b07178a983137151b7bf0fa7384492b2a5b596621963bdb5f14320e8132844f21973d60400',1,2,NULL,'[]',0,'2018-02-02 22:16:02','2018-02-02 22:16:02','2018-02-12 16:16:02'),('249d7ec57ab1e02fb19bd40fae60a1fd180517b82a815dbc0ea31bd2952833f81d5e4e8264dd8855',1,2,NULL,'[]',0,'2018-03-02 00:38:45','2018-03-02 00:38:45','2018-03-11 18:38:45'),('24d76f8d2d15223df478e025c14580b1025527a75904bf35b0174b41edb7ec19a362af19bc43a3b5',1,2,NULL,'[]',0,'2018-03-02 07:19:06','2018-03-02 07:19:06','2018-03-12 01:19:06'),('250eca1c5d731531aa232100276f0cd01ab38bcf342f57b86feb44ad91f6993aedb40757fd709028',1,2,NULL,'[]',0,'2018-02-13 17:19:27','2018-02-13 17:19:27','2018-02-23 11:19:27'),('2517e0f2263fcb80ca5fa294be4ea46fa520ace58a48f5af36fcb7c5820810dca1eebf6b683ad21f',1,2,NULL,'[]',0,'2018-02-09 00:40:31','2018-02-09 00:40:31','2018-02-18 18:40:31'),('2543f4a2205aaae8ed68ef6322d6493c22a715e7d59a18146de04a9e57f2e4a5f718d3a666a44949',1,2,NULL,'[]',0,'2018-02-15 23:57:47','2018-02-15 23:57:47','2018-02-25 17:57:47'),('2549c87a1d2ccb90309161c5c1115cda04ca9d5d8ee9ce19301e35eeab1f1b8b4aaf572bc1e525a4',1,2,NULL,'[]',0,'2018-02-15 00:14:24','2018-02-15 00:14:24','2018-02-24 18:14:24'),('25875987841655dc166291398237ddecd30f104484598989e9de525520003dcee81675294176fba8',7,2,NULL,'[]',0,'2018-02-01 22:51:36','2018-02-01 22:51:36','2018-02-11 16:51:36'),('26103e8bc5ec9d7dee3d40e630a8c7de63995290ad83af2965ac28a1a87c69c0743da2f2b5d6fb32',1,4,NULL,'[]',0,'2018-06-01 20:15:41','2018-06-01 20:15:41','2018-06-11 15:15:41'),('265f0183ace0eee679a83ddbf3fce86844a5cc1788c2efa56585c1a18d4f45ebf0a226e4a0186358',1,2,NULL,'[]',0,'2018-02-08 22:51:47','2018-02-08 22:51:47','2018-02-18 16:51:47'),('267ab926e1e6c9661a142b06359ffb192af922a57293f5ffb6e0d5d39c390da3b73777e3ec9fba0c',1,2,NULL,'[]',0,'2018-01-30 23:39:20','2018-01-30 23:39:20','2018-02-09 17:39:20'),('26a1fcc9010fb61b0e49ce749f36320e3a1883ddba25ef113e511c90ed11075ad84a3aeeb19431c5',1,2,NULL,'[]',0,'2018-02-19 21:58:18','2018-02-19 21:58:18','2018-03-01 15:58:18'),('26ca5ce5cb8d0e60202f6cf24ef60c765ec3f9f0fe5bd62b8d37daf4fbe45f53702d2ee3019d5803',1,2,NULL,'[]',0,'2018-01-31 22:57:46','2018-01-31 22:57:46','2018-02-10 16:57:46'),('26ead8ece9892a8858256bb1da4504f6d8ca1dbbd474cefe2d95c527320ca474483952fdd02d07e8',1,2,NULL,'[]',0,'2018-02-13 23:05:19','2018-02-13 23:05:19','2018-02-23 17:05:19'),('2743d5ea26a47366564b5ae87282d53460c6ee51143895d1c54c02d48bd0e413be894a082ed03fd5',1,2,NULL,'[]',0,'2018-03-03 00:39:57','2018-03-03 00:39:57','2018-03-12 18:39:57'),('276d48eeee1f0fb8407d804244fe2fb6f2b32b6721f743249a0663f5768a9d810e08768b91f5669a',7,2,NULL,'[]',0,'2018-03-01 00:00:20','2018-03-01 00:00:20','2018-03-10 18:00:20'),('277235171e7382fb676029e4f35344f81d8fb88f0a3e96265b8556410e8e0096ca7cf3ef38512091',1,2,NULL,'[]',0,'2018-02-27 21:31:19','2018-02-27 21:31:19','2018-03-09 15:31:19'),('27b6e473b3ddcd52a9dd87b7a6b10bc4740d281398a6e0d90c1922766e6c3b67e9dc816ecf4e40ac',14,2,NULL,'[]',0,'2018-02-27 23:56:31','2018-02-27 23:56:31','2018-03-09 17:56:31'),('27dd5cda4db5a8e118fd3a2f5a606e37970ae40b569819850b7a7a20016af25efb4d578ddad0c6a8',1,2,NULL,'[]',0,'2018-03-27 18:31:49','2018-03-27 18:31:49','2018-04-06 12:31:49'),('28be87ee0a3758c217cc3b316b1d39ee72d452837381714528e32007fd3fa6341d9ce7ab3d5b3436',1,2,NULL,'[]',0,'2018-02-01 23:31:06','2018-02-01 23:31:06','2018-02-11 17:31:06'),('293727de47209a9e99207b4d4cec5bd13b15f8cffe475e78e55197d907f077fbd3ba190c94e5ffca',1,2,NULL,'[]',0,'2018-02-20 22:34:55','2018-02-20 22:34:55','2018-03-02 16:34:55'),('297b0d3e3ac0ce997c882eb1d35544b40fcfdd3c04c448a24c370342a671c3aca0c499d00f28b71a',7,2,NULL,'[]',0,'2018-01-31 23:32:08','2018-01-31 23:32:08','2018-02-10 17:32:08'),('2999b0a3a0b31f2ae82ebee24ad58114e6b09994bffea0c9b98b8df31e555dba53e8eb25593c9a55',1,2,NULL,'[]',0,'2018-02-20 17:05:58','2018-02-20 17:05:58','2018-03-02 11:05:58'),('29d2ce7938921bcf5352b5f921e468e589862c3de642be92367687373ee8722149c3234f5bdc1a15',1,2,NULL,'[]',0,'2018-01-31 23:52:11','2018-01-31 23:52:11','2018-02-10 17:52:11'),('29e094a45e9d9c46324baa0d77563f7e871124ac2bd759007959094f9475d64d8b531a828bcc4c39',1,2,NULL,'[]',0,'2018-02-13 23:38:22','2018-02-13 23:38:22','2018-02-23 17:38:22'),('29eba65520522916e4bf2e881a82d54712af45e6da9e80ce1d50a4aca28f0727bed252c0da23435f',1,2,NULL,'[]',0,'2018-02-13 19:46:26','2018-02-13 19:46:26','2018-02-23 13:46:26'),('2a9061b4435506cbb1c428a2008142ca36c2708ff0494be7107a671a464b777725b89371156458a5',8,2,NULL,'[]',0,'2018-02-27 19:01:41','2018-02-27 19:01:41','2018-03-09 13:01:41'),('2a918495cbd07d648a194de751ec38e908003bb3e35bdfbcd971450549eef38e5f9f9efa9a01bc7c',7,2,NULL,'[]',0,'2018-02-01 21:25:22','2018-02-01 21:25:22','2018-02-11 15:25:22'),('2abf68f9d35fb7366604d2907b30427a55ae8eba953fbfc509094287c2f7a0a14e989c340b1de59a',1,2,NULL,'[]',0,'2018-02-20 23:26:39','2018-02-20 23:26:39','2018-03-02 17:26:39'),('2b2ed5a362da714407901ce69f6366c15d595579ca59d0778409540443fc0c7e0847ddd0bc198db1',1,3,NULL,'[]',0,'2018-05-30 22:11:33','2018-05-30 22:11:33','2018-06-09 17:11:33'),('2b6499e44d20ca30772edb6e495ab2f8b6e1cd080f4e3eb4ce1144f4c32870406d7063efd4caba19',1,2,NULL,'[]',0,'2018-02-13 23:56:52','2018-02-13 23:56:52','2018-02-23 17:56:52'),('2b6ff645999838a066bd19d7cbb72198eb2fd8d9e498b6350609a3579f9846a3bffe9a790ac0535a',1,2,NULL,'[]',0,'2018-02-25 05:08:06','2018-02-25 05:08:06','2018-03-06 23:08:06'),('2b7ad5fb1ac2ae56c84c229e23dddefe26e77d2345a84b36eaa2e7e3995f16ea8b8f9aa5ff8df2d1',1,2,NULL,'[]',0,'2018-01-31 23:01:28','2018-01-31 23:01:28','2018-02-10 17:01:28'),('2bde6e8446b88d805f9da08ec60f6bf9313441c0a8e6f243497b6e3426b5aa435b6a21b93d77ed5b',1,2,NULL,'[]',0,'2018-03-05 23:26:07','2018-03-05 23:26:07','2018-03-15 17:26:07'),('2c1134564fec6e10bdb405103836ed229e28304bfdc9c5ed5ea164c23d107e1e690f2bca2be6aab6',1,2,NULL,'[]',0,'2018-02-02 17:47:19','2018-02-02 17:47:19','2018-02-12 11:47:19'),('2cdd6360dc6de4f417e6ff49e3e18c2c0a3ce0b51007f96e024e0e93428343ed27d5975bff6ac6b5',1,2,NULL,'[]',0,'2018-03-06 00:47:50','2018-03-06 00:47:50','2018-03-15 18:47:50'),('2d506d5196176d01bff0c2ecccccbcf8f71f6526dc4bf82d5da0a8505eb07e564cfc5e5dbd5c94ca',1,2,NULL,'[]',0,'2018-06-01 23:33:31','2018-06-01 23:33:31','2018-06-11 18:33:31'),('2d5b2b6af4d978149af714fe77d17aafc4ed60015db96287abe7a62baaa83bd1512c5de67662fb29',1,2,NULL,'[]',0,'2018-02-20 20:12:18','2018-02-20 20:12:18','2018-03-02 14:12:18'),('2d7c4e3ec814ec9a4783843584f12b692ea89185c1f43309449a09afc9309e286ff93aaa773bca9d',1,2,NULL,'[]',0,'2018-02-20 22:05:17','2018-02-20 22:05:17','2018-03-02 16:05:17'),('2dd9c4b81bc67281221c720b8c0e6e327c0685f425cfa435ab4981bc3a0252c31971931965530853',1,2,NULL,'[]',0,'2018-02-07 16:02:50','2018-02-07 16:02:50','2018-02-17 10:02:50'),('2e1dc9f3a248a2e0a9eb630d91e2454c1bfbf1a1b6ef8d71decf00f924f81484035b0fa673255771',1,2,NULL,'[]',0,'2018-02-26 23:48:18','2018-02-26 23:48:18','2018-03-08 17:48:18'),('2e2ffcf2dc1f8e14b06f87f13780a713d1e968fe3ce525b125127460f9d8b7c1df25e051e4bc4c13',7,2,NULL,'[]',0,'2018-02-01 01:18:05','2018-02-01 01:18:05','2018-02-10 19:18:05'),('2e7690a0d6d75383a37b81e481ae603dc4fc8d5f70ecf971c303ae42c08b8c63ef6a211cafd4fc87',1,2,NULL,'[]',0,'2018-02-16 04:01:00','2018-02-16 04:01:00','2018-02-25 22:01:00'),('2ea55ff1fae278d35afdbdcb80ef745011c87bfc8d964f48aef9b977c0d0a7f53e84c7a5ba6c735b',1,2,NULL,'[]',0,'2018-02-26 22:48:02','2018-02-26 22:48:02','2018-03-08 16:48:02'),('2eb305320058ab3cb76a40c030f7e2f8dbf771fcb0b0783b2478425d821a92bd3a9d0ea39b716fca',1,2,NULL,'[]',0,'2018-02-22 23:27:07','2018-02-22 23:27:07','2018-03-04 17:27:07'),('2eed8404581457548450a57c0a2c654edd68049741a0731552c74da636e4a79a12898677ab118840',1,2,NULL,'[]',0,'2018-03-03 00:22:18','2018-03-03 00:22:18','2018-03-12 18:22:18'),('2f0b3a4a716d782a2844694d82cc527fdbe82a3ee9354ed9481a9da5d1cb1097813b5a516867152b',1,2,NULL,'[]',0,'2018-02-22 22:30:08','2018-02-22 22:30:08','2018-03-04 16:30:08'),('2f382a2133ff144588059d34b249b2037118832c12411f9745ebff3ba1c1c2538ce00202c0919efd',7,2,NULL,'[]',0,'2018-05-24 21:30:52','2018-05-24 21:30:52','2018-06-03 16:30:52'),('2f83b760994a6ffdce07fedc8b6f6e95e1f9b0cc1abdb5819e966f65f8fc3e3dfa662a56374f670f',1,4,NULL,'[]',0,'2018-06-01 23:50:16','2018-06-01 23:50:16','2018-06-11 18:50:16'),('2fd47365cd771880faf7e803b8bd98e0801a742ce886909cb5ef9df666808e4972652d68b203169e',1,2,NULL,'[]',0,'2018-02-02 17:22:02','2018-02-02 17:22:02','2018-02-12 11:22:02'),('2fef6be80e7e6d06542425520981c5a714335c87bcb756f8c98d4ed01a697269400eadcf51235636',1,2,NULL,'[]',0,'2018-02-07 18:50:53','2018-02-07 18:50:53','2018-02-17 12:50:53'),('300b24defa7410182490264aa2fa3e1b6df9568f53a85803deb0ad4f0e9af5406c7dd5049128c79b',1,2,NULL,'[]',0,'2018-01-31 22:58:15','2018-01-31 22:58:15','2018-02-10 16:58:15'),('3057d18232866691f80fd7f6d95b8d6224e78943a05625d51357fde42fe0e625eecc67592167b4de',1,2,NULL,'[]',0,'2018-02-22 23:27:26','2018-02-22 23:27:26','2018-03-04 17:27:26'),('30636c9a8be9ccea522d52ce508685d0862f6a04c79c426d49b16573285bc203a50047a6293b4043',7,2,NULL,'[]',0,'2018-02-28 23:53:29','2018-02-28 23:53:29','2018-03-10 17:53:29'),('30dc864656a60ca5b62f15036814ab42f12e74e624e2b1842392b3a5c7eaf3eec30c98545e6e0c15',7,2,NULL,'[]',0,'2018-01-30 00:45:18','2018-01-30 00:45:18','2018-02-08 18:45:18'),('315966588bbdf5a09b9f208a9cd550f82cce0166aaa6c963acc25459a0663f79ffafbc92eb4a8bf7',1,2,NULL,'[]',0,'2018-02-10 00:11:01','2018-02-10 00:11:01','2018-02-19 18:11:01'),('318ffb2be306334ea61c58951d3ca3874634c3bab95d695a888e53f3ea0db67e1119a8a8d98df441',7,2,NULL,'[]',0,'2018-01-31 23:54:19','2018-01-31 23:54:19','2018-02-10 17:54:19'),('319cefed865756b7792fa427f7b08bbd6b7b45074b893591b28ba00a5fe05de00536d8bbbbe6c190',1,2,NULL,'[]',0,'2018-02-13 18:21:40','2018-02-13 18:21:40','2018-02-23 12:21:40'),('31ce5e42cd2c88a1c2b37b5cbead66498eed6b8324add131daa49fd12bd117db05a96fbebf0bf1e5',1,2,NULL,'[]',0,'2018-03-05 23:20:55','2018-03-05 23:20:55','2018-03-15 17:20:55'),('32a0909e3066b6f6263d5d0b58ad3e00f8c76d90c1c621eb58e1f5dd92f7c0d39a88e2f2adb435a9',7,2,NULL,'[]',0,'2018-04-05 23:09:47','2018-04-05 23:09:47','2018-04-15 18:09:47'),('33d9a9b7fa46620544a4b617f6c08f62dce77ee031202191cc986461bd15f92349d652c6cd5cf6ea',1,2,NULL,'[]',0,'2018-02-15 22:43:55','2018-02-15 22:43:55','2018-02-25 16:43:55'),('33dc1f4b9c45990af490ccfa77792d053823bac21739cd59c2086087539f2563e52e080b6bc727c0',1,2,NULL,'[]',0,'2018-02-08 22:45:47','2018-02-08 22:45:47','2018-02-18 16:45:47'),('34ad07486dafb9fe9bb1e30001d60de0a0271dcdaab4a9e37682856be9b1740dd7cb177980424aba',1,2,NULL,'[]',0,'2018-02-12 21:43:36','2018-02-12 21:43:36','2018-02-22 15:43:36'),('35199ab974e4471b8755a2a331886ebde69346499790e73e3ad6b92ea1eb5d48a4a9fd25b91d99e1',1,2,NULL,'[]',0,'2018-02-16 22:29:34','2018-02-16 22:29:34','2018-02-26 16:29:34'),('3624aefe2c4b93d56e02984139fe11002e185da73fdf51fa1a9801e42de9fe97d17adf628fdff82d',1,2,NULL,'[]',0,'2018-02-28 23:55:46','2018-02-28 23:55:46','2018-03-10 17:55:45'),('3629a05a1bb0e5892bb76f5ab71972147a224118994545de5dabf8f505b069a14fe9c7badd8a8671',7,2,NULL,'[]',0,'2018-02-01 01:19:20','2018-02-01 01:19:20','2018-02-10 19:19:20'),('363ce451c8a27b86dd6c716483a95bec973fef342bd90d0fe811096c10fd4712e368cd05cf0a799c',1,2,NULL,'[]',0,'2018-02-27 00:11:12','2018-02-27 00:11:12','2018-03-08 18:11:12'),('36cbbd57112d34d682f883498b53ead00736493b21167b6819e1e4d1c3b6108e88116bd6a3cdc520',7,2,NULL,'[]',0,'2018-02-01 19:23:12','2018-02-01 19:23:12','2018-02-11 13:23:12'),('36dd56edc39fb97a3438b169d1b61da6fc11aefc7f219e1c6c746a494c889515341eeb8e19062d39',1,2,NULL,'[]',0,'2018-02-07 22:24:36','2018-02-07 22:24:36','2018-02-17 16:24:36'),('371ce9fe12f912e45306704bfd739e2c76838427ac101a870a149b5c104054079d512ed026174abf',1,2,NULL,'[]',0,'2018-02-14 22:35:04','2018-02-14 22:35:04','2018-02-24 16:35:04'),('3735d4834feb181aabee700cfd6a3f61be9c97de2b526139995372e8eec2f748ab83b9b5e0252c38',7,2,NULL,'[]',0,'2018-02-01 00:55:38','2018-02-01 00:55:38','2018-02-10 18:55:38'),('375c32bf2ab47b52ef697f3e949d877f88da9235736316f8335e09150ed3900802faa3c7d1c16f0c',1,2,NULL,'[]',0,'2018-03-01 20:51:46','2018-03-01 20:51:46','2018-03-11 14:51:46'),('37887bcdc9ced6898c35c34f4768fc678212845a17292508e88c1ba8effed9168775e1850c1fe697',1,2,NULL,'[]',0,'2018-02-06 22:08:22','2018-02-06 22:08:22','2018-02-16 16:08:22'),('37af6158bcc229ede6126866f44d76bbadca502bcd7b2f3beb6747108ff20a8bd94ddb750a683b70',1,2,NULL,'[]',0,'2018-02-21 23:25:37','2018-02-21 23:25:37','2018-03-03 17:25:37'),('37c07be22c7e299a053d7da9bb685420c93b95a005b25b0db82bd9c034afd3974fb781ae7ab03fc6',1,2,NULL,'[]',0,'2018-01-30 23:23:20','2018-01-30 23:23:20','2018-02-09 17:23:20'),('37f2d4d9c5f04f4cb66fb1e5487aca468acf49b8fa0e19603ee9b0e8c7cd64be3441fc0d44f3356f',1,2,NULL,'[]',0,'2018-05-24 21:31:19','2018-05-24 21:31:19','2018-06-03 16:31:19'),('37f2f9f49b8de7b77a1b18694fb4b747d403fcf7a3b1a05f1d70cf7f7aff1c430d41c5fc346cec07',1,2,NULL,'[]',0,'2018-02-07 21:59:42','2018-02-07 21:59:42','2018-02-17 15:59:42'),('385c69d151e7c539dd3df577e3d1afca0f1537777de372d1b2e12cd3e86cf3078280fe78a271b1ff',1,2,NULL,'[]',0,'2018-02-08 22:14:26','2018-02-08 22:14:26','2018-02-18 16:14:26'),('38725320784f6199eb1a444f6a7008b45690805ae4ac4eaded0a365afea4a64480039a080cd7da49',1,2,NULL,'[]',0,'2018-02-02 23:26:03','2018-02-02 23:26:03','2018-02-12 17:26:03'),('38d422056caee6fee4fb156dd4eb9bca95b3354627cdc8f95e3f7f8a50a0c7d1a8c6f2db880f0888',1,2,NULL,'[]',0,'2018-03-08 00:05:51','2018-03-08 00:05:51','2018-03-17 18:05:51'),('39899a24aaf78b0bcf9a9f3fe1e56a945f9c4592ba69adf09b0057b1f5bd6dc12f13edb3724c8881',7,2,NULL,'[]',0,'2018-03-02 00:27:31','2018-03-02 00:27:31','2018-03-11 18:27:31'),('3992cc304672c00ed69f24c5abce723e6263b63c4f1afc5cc1e152956d4df59594b397f81079d8df',1,2,NULL,'[]',0,'2018-03-01 21:05:08','2018-03-01 21:05:08','2018-03-11 15:05:08'),('39d5e9809d37591ef95f5ee7eaffe438e63fe61ffc695e430f36c805443217703e86867f2e787bc1',1,2,NULL,'[]',0,'2018-02-17 04:42:43','2018-02-17 04:42:43','2018-02-26 22:42:43'),('3a0c92dd6154c44c111bda004b10ecee5d25b00897409fdd58d6d9e9a67ede8d1c1ec673de23f474',7,2,NULL,'[]',0,'2018-02-02 04:05:11','2018-02-02 04:05:11','2018-02-11 22:05:11'),('3a162808971d8d22f02ffce6e562acea38e113e015ccd1628cb97a7a4abd4ee16eaa4e66fd900ea8',7,2,NULL,'[]',0,'2018-02-27 21:31:25','2018-02-27 21:31:25','2018-03-09 15:31:25'),('3a302b63024dce9976c305c0509bb2130a92ca649df135f064399580e1edef4fb58d91e47239165a',7,2,NULL,'[]',0,'2018-05-23 17:06:48','2018-05-23 17:06:48','2018-06-02 12:06:48'),('3a334028291daf53ba2e04786148e2649ec7fa747e05dead2f57132405a630ff8345e2a24645affc',1,2,NULL,'[]',0,'2018-02-19 22:30:21','2018-02-19 22:30:21','2018-03-01 16:30:21'),('3b8ca0dff137c31fe4a063647d811642730986809bde9597e8f7ce89bd2fda8b7b9882644b41f5b7',1,2,NULL,'[]',0,'2018-02-01 19:41:00','2018-02-01 19:41:00','2018-02-11 13:41:00'),('3c6198a42ce02e9f5721491144edc92663e778aacc2a27eca9bd1f8f80f23002d62fb35b60da735a',1,2,NULL,'[]',0,'2018-02-17 00:21:40','2018-02-17 00:21:40','2018-02-26 18:21:40'),('3caad5067426dcf7068cdcfe748e6c3723bf6da5d2bbb03f39f60c435b63af8ec86e8ad9534d66d0',1,2,NULL,'[]',0,'2018-02-13 22:22:33','2018-02-13 22:22:33','2018-02-23 16:22:33'),('3ce62047376935c3e4a1af9665f509d13c8b702345521ef26727f4f9e628a0cb7c32f90281a3ddfe',1,2,NULL,'[]',0,'2018-02-02 22:47:53','2018-02-02 22:47:53','2018-02-12 16:47:53'),('3cff1e1cea969dba64086ee486cf4e3ae9b758cec4900e14d961eff16bfa552ee5db5d38195444b9',7,2,NULL,'[]',0,'2018-03-28 19:19:23','2018-03-28 19:19:23','2018-04-07 13:19:23'),('3d0e255e7de55ee4539498025bd0c1f1eb89c4a0fe6de9097967d27213c8c0bebe8f34dcecbbdb82',1,2,NULL,'[]',0,'2018-02-01 22:41:07','2018-02-01 22:41:07','2018-02-11 16:41:07'),('3d1357f4ffe73ced09de5cf2711208f4b463e3aa6ccc17fec750b4300e29bdf03556a390182f0ecd',1,2,NULL,'[]',0,'2018-01-29 21:53:57','2018-01-29 21:53:57','2018-02-08 15:53:57'),('3d94b065b8829d7b7ad88e19393b1006ecf54a892560b24ce41c90768dc45cdd38f29a3b023905f0',1,2,NULL,'[]',0,'2018-01-29 19:50:43','2018-01-29 19:50:43','2018-02-08 13:50:43'),('3d94fb55cc7567706304201a38b6f6e3e7295c99985dde0588f6d0b882f6dae6269404d56530150e',7,2,NULL,'[]',0,'2018-02-01 01:04:06','2018-02-01 01:04:06','2018-02-10 19:04:06'),('3ddef7c814125b702a105e96044d1d0666bcb87d6a44103fe096647c338676f5c305aea8ac82d9d8',1,2,NULL,'[]',0,'2018-02-09 00:39:37','2018-02-09 00:39:37','2018-02-18 18:39:37'),('3df788611b895d8a11d5ea80377b2f2e9e47ddc26e10d89aee99a73b22683730b475f74e89ac72f1',1,4,NULL,'[]',0,'2018-05-30 22:44:52','2018-05-30 22:44:52','2018-06-09 17:44:52'),('3e1317989fd447a352666e7c9a10f75d769e631d4e7a783f35471a2eb80a4b92f804e2a016ad10db',1,2,NULL,'[]',0,'2018-02-08 21:49:06','2018-02-08 21:49:06','2018-02-18 15:49:06'),('3e297f5832edf96a975222c3df8b5a13b5aba282e8940fe8d4fa493061a4b1916bbbfd8d8ebe7cad',14,2,NULL,'[]',0,'2018-02-27 21:47:45','2018-02-27 21:47:45','2018-03-09 15:47:45'),('3e6a31b063710bfcd050285d60e25cd67045e304cb584aff674d49b4ed454584562e61bd2a948158',32,2,NULL,'[]',0,'2018-02-19 22:26:52','2018-02-19 22:26:52','2018-03-01 16:26:52'),('3e847b52c13290ceb85f3602507bf912c85204e4d03e4c12328a74c659ce914e36e02be850f0e26c',1,2,NULL,'[]',0,'2018-02-20 22:51:02','2018-02-20 22:51:02','2018-03-02 16:51:02'),('3f3656d318ffb6b1f651e8e13d551aee31b19986a95094166ee1b93da58da55c9cc42f534567d185',1,2,NULL,'[]',0,'2018-03-01 21:15:47','2018-03-01 21:15:47','2018-03-11 15:15:46'),('3f3e729731d360b6fbf413277a3c2128ca899ea6e3fc1a032e313ac542ddcde4563c621973757764',1,4,NULL,'[]',0,'2018-05-30 23:25:13','2018-05-30 23:25:13','2018-06-09 18:25:13'),('3f3f5417f1376b4a8492e986faa1367b169a0d51a9ac5daf2be88c9e62c6941f248edca92bdfeb9b',1,2,NULL,'[]',0,'2018-02-20 22:05:00','2018-02-20 22:05:00','2018-03-02 16:05:00'),('3f5089e552e712f0ae1a14e880a8f17c1056a7e7875c99e3af2dc39d62a1e6e85b6c1ea4305c8bbc',1,2,NULL,'[]',0,'2018-02-02 16:47:44','2018-02-02 16:47:44','2018-02-12 10:47:44'),('3f72bff35a8117e4b7ab7e4db9a46a57b639a56fd493757e85c08696658b3abad0fd9cc77d2f7717',1,2,NULL,'[]',0,'2018-02-09 00:40:40','2018-02-09 00:40:40','2018-02-18 18:40:40'),('3f99552c08e2e7beda202487f9acdedbaaf2bbddf3f79460a8e63a21ccea49ae0f4edd120d764b79',1,2,NULL,'[]',0,'2018-06-01 23:16:26','2018-06-01 23:16:26','2018-06-11 18:16:26'),('3fe4fc3574ec72444cf24a69fd27d1b714c7b89ad4e8704ffee0f7d0d6c24eb80762be11a0e6ab9a',1,4,NULL,'[]',0,'2018-05-31 21:09:39','2018-05-31 21:09:39','2018-06-10 16:09:39'),('402fe55be56c32725fd6397bf26088f547b7b1fb4a35d89e26c4886377ebbe52d81a140cc8c63ae3',7,2,NULL,'[]',0,'2018-02-01 04:43:18','2018-02-01 04:43:18','2018-02-10 22:43:18'),('40646fa15d016dcd6da68c1662664b7a6c48442cbd79e9d433506c95331fcb9fd02fdb498bef5590',1,2,NULL,'[]',0,'2018-02-20 23:09:42','2018-02-20 23:09:42','2018-03-02 17:09:42'),('408682df5e66d020d6c7353ecfb3d86604bb4182ed71f4f7dc4dc3ee81d4bb27810c537e50d4f046',1,2,NULL,'[]',0,'2018-02-02 00:12:17','2018-02-02 00:12:17','2018-02-11 18:12:17'),('40f978c6f5ba171c1f66b9694d305a970e80582a76acb751aae04dbec8d3e44d62a29616a7c148c7',1,2,NULL,'[]',0,'2018-03-05 23:19:34','2018-03-05 23:19:34','2018-03-15 17:19:34'),('41971ca5f24e988296eeddd96cb57f14a48bc89c8267a78c7fb51d00cc54876069db8ac2588d2c4b',1,2,NULL,'[]',0,'2018-02-28 23:46:38','2018-02-28 23:46:38','2018-03-10 17:46:38'),('41ac2c454c0c30011334c183294de154cd7da7f384e1ec000d6316106ea16875921ad9de2b335af1',1,2,NULL,'[]',0,'2018-02-23 22:35:55','2018-02-23 22:35:55','2018-03-05 16:35:55'),('41e1d584683b0d6e1e2e6608caa9f090e65ff8c9731e3ef322c8b11f2bea39dec5e161959087ffaf',8,2,NULL,'[]',0,'2018-02-27 00:40:37','2018-02-27 00:40:37','2018-03-08 18:40:37'),('41e66f64cc91ad977ea18e177ec3e99fac8fccfe6b3058ec14f9c6605ac06e6e8e3a99b481520d29',1,2,NULL,'[]',0,'2018-02-07 00:11:11','2018-02-07 00:11:11','2018-02-16 18:11:11'),('41eecf1176dff32ffbb503f8ed8bce7a19fe43ae81ebfef1a1aae296270e4bde0052cfd0732b0141',1,2,NULL,'[]',0,'2018-02-09 23:02:06','2018-02-09 23:02:06','2018-02-19 17:02:06'),('424da552debd4aad041bd697c346f00bc22c6ed884a1b748c6b6425c6898b2e0dcd85315fc8f9162',1,2,NULL,'[]',0,'2018-02-14 00:34:30','2018-02-14 00:34:30','2018-02-23 18:34:30'),('4265acfdccdcd10eec7c97408544271fd99996368e48eacd49283da218f13275d7767f753228153c',1,2,NULL,'[]',0,'2018-02-19 21:33:08','2018-02-19 21:33:08','2018-03-01 15:33:08'),('42f7a6fb39b5a178defb4a283835a40be57d347989ab5ad9ea22160acbd910db584227266c4d82a5',1,2,NULL,'[]',0,'2018-02-22 22:33:11','2018-02-22 22:33:11','2018-03-04 16:33:11'),('430fd82d0471a8eb062ac7450581a5b74d582bb1810101d5adc923f02006ad71281f3899d499b2e6',1,2,NULL,'[]',0,'2018-02-13 23:36:14','2018-02-13 23:36:14','2018-02-23 17:36:14'),('43463828dd3c859a6007722aa4b72eb1066258d8f70e3586d2be92615f851df05cea64dd8e9fa431',1,2,NULL,'[]',0,'2018-02-23 23:15:26','2018-02-23 23:15:26','2018-03-05 17:15:26'),('43fc4b45ed74a44459cf5ccf055972bf8bc154034636422960110f9fb1e12a47a690febd4231ae52',1,2,NULL,'[]',0,'2018-02-01 23:52:52','2018-02-01 23:52:52','2018-02-11 17:52:52'),('43fd402fb4c4d812c0eecfdd96a225a5e36cd527eb25f7b81efaf0cee55e3f5452aa8220596e16e9',1,2,NULL,'[]',0,'2018-02-26 23:14:25','2018-02-26 23:14:25','2018-03-08 17:14:25'),('442ae37008e8ec2fd27bc95eb56a915617c1be3497aa0589bc8dcac6e5929a269aae29fa2bcecb66',1,2,NULL,'[]',0,'2018-02-14 19:32:04','2018-02-14 19:32:04','2018-02-24 13:32:04'),('447c79415a35baf5e1bfa6ee7991a58e851cc13ffa344ed1d38a06f9ac9168bdac1e060d9e034054',1,2,NULL,'[]',0,'2018-02-01 16:11:59','2018-02-01 16:11:59','2018-02-11 10:11:59'),('44a9ddfe8354ae986fff0fc3c633ae5c80de4da77f490a49dd29ee6d7cf1d9c497d64687ab30d4b7',1,2,NULL,'[]',0,'2018-02-21 22:29:10','2018-02-21 22:29:10','2018-03-03 16:29:10'),('451617918266c4ecf5ef29a51cacb2cab898e9ca3d2d988bba8b66d1a703bb852e3c0e76fec7a6e0',1,2,NULL,'[]',0,'2018-02-28 23:47:36','2018-02-28 23:47:36','2018-03-10 17:47:36'),('453b92da0df493d0c84e54ee5f93ec130c66fe103a9b87af4ba174b28e63d6891e2feb55c8bfa73b',1,2,NULL,'[]',0,'2018-03-08 23:23:28','2018-03-08 23:23:28','2018-03-18 17:23:28'),('4571e3e0444501daee8ca1d4bf8051fb37cca30ea31f00c5b419c1ac7b594680db6f9aecdbde9307',1,2,NULL,'[]',0,'2018-02-28 23:32:19','2018-02-28 23:32:19','2018-03-10 17:32:19'),('45c92d9e361244788f2e23477b74fd97c8e6377ca13e44d5b5f7840757d5b6ae944254229c2f78ce',1,2,NULL,'[]',0,'2018-02-01 23:32:58','2018-02-01 23:32:58','2018-02-11 17:32:58'),('45fcf5c5a4bb45023d25ed9b415b7661a2b21dbb4ec891c79adc0ef6b45aed25dc4c9a2b31f6c545',7,2,NULL,'[]',0,'2018-02-27 20:34:56','2018-02-27 20:34:56','2018-03-09 14:34:56'),('46239a4181609ed89b9c7a025751e9f3c626db754f0ba4e55da5b5538101b57c1f03aa0771d913fc',1,2,NULL,'[]',0,'2018-01-30 19:29:38','2018-01-30 19:29:38','2018-02-09 13:29:38'),('462e3648640a58ac53c8777e365cd3669d90534cb3af93172067597ba22975522e5e63e4390604fb',7,2,NULL,'[]',0,'2018-03-27 18:45:27','2018-03-27 18:45:27','2018-04-06 12:45:27'),('46482045e0c1d4b7d632a4986064948d743c62ecb7dacd8161e868579b8afad36f2ae307ed2c8e53',1,2,NULL,'[]',0,'2018-02-09 00:39:41','2018-02-09 00:39:41','2018-02-18 18:39:41'),('467e78e11d6d41c271f2e6ddddd0db2f4ff90267d2c852be710f87c0bf33641f47f9dcd17f769cdd',1,2,NULL,'[]',0,'2018-02-02 18:58:27','2018-02-02 18:58:27','2018-02-12 12:58:27'),('468db369e1b4fc4aa177f3063e7396cf35b5890be099b03687f1e7ed04f5d3c17d750d8b70a2067b',14,2,NULL,'[]',0,'2018-02-27 22:21:30','2018-02-27 22:21:30','2018-03-09 16:21:30'),('470bd5e6e0e1be5564cef8d3d4f9cbd7813119fe6560652e329d9c528445badc9af756e1bfc7aca3',1,2,NULL,'[]',0,'2018-02-08 22:12:08','2018-02-08 22:12:08','2018-02-18 16:12:08'),('47314ec7a320eae8480018cc66c6d2ca03a1d519582744296ad540df2695912a65fef1f24de34eff',7,2,NULL,'[]',0,'2018-02-27 03:46:46','2018-02-27 03:46:46','2018-03-08 21:46:46'),('474f685ee02f941dfed722d20cdfcd40fd8f387112b775fc8abfb57c4da3fc004abe5f3265ce59c4',1,2,NULL,'[]',0,'2018-02-17 00:27:19','2018-02-17 00:27:19','2018-02-26 18:27:19'),('476eca2bc0f8233abd4b9ade29d5172eb28a3fd43fb372a54f1d0b53060b6fd893a800020fd74644',8,2,NULL,'[]',0,'2018-02-28 23:25:51','2018-02-28 23:25:51','2018-03-10 17:25:51'),('47e4946b9a5a7b4cc42ebfac475eb82f21df71c639262de0e216059fc087b70d6031a7fb4d3a840d',1,2,NULL,'[]',0,'2018-02-02 04:02:23','2018-02-02 04:02:23','2018-02-11 22:02:23'),('4862f3d7d4d44bc8c57739d6b9ff495bc4e45e5985d858c567467dbe51c5bd2c34244c63dc021bef',1,2,NULL,'[]',0,'2018-02-21 23:06:30','2018-02-21 23:06:30','2018-03-03 17:06:30'),('486dc68d424ea7f9a3d5bf02a36c564063650f877ad66dfc58f6d9e2348b9151d88b09d1fb6e9cc5',7,3,NULL,'[]',0,'2018-05-30 22:13:17','2018-05-30 22:13:17','2018-06-09 17:13:17'),('4881bb1100b1af6decff6a56267ffca6bbc7beab086ea5c00fa335674c972226dbc6495047918efe',1,4,NULL,'[]',0,'2018-05-31 21:47:34','2018-05-31 21:47:34','2018-06-10 16:47:34'),('4896caee6a36f2db00a6d07b527302a27cbd0bd16a2944ef98ed19eeae921a0a7210ff43fb91ce1d',1,2,NULL,'[]',0,'2018-02-08 21:55:26','2018-02-08 21:55:26','2018-02-18 15:55:26'),('48fb4cce14e06e475c436e3d6cd2e8c172403d05a9a2b2bf0162714b68cf3c049f7f41eae2a4a8e0',1,2,NULL,'[]',0,'2018-02-19 22:01:21','2018-02-19 22:01:21','2018-03-01 16:01:21'),('4a0323275ea036712f4dd34729c7bc91f3c3fb131aae4989d8d408642b3330945380e121f0d4eca8',1,2,NULL,'[]',0,'2018-01-31 20:19:29','2018-01-31 20:19:29','2018-02-10 14:19:29'),('4a036940cab840aac1b29130fed5eab2dbbb8e2f0ee07f3ff70d4ba20be81ccac3085cd973ae45aa',1,2,NULL,'[]',0,'2018-02-20 19:53:02','2018-02-20 19:53:02','2018-03-02 13:53:02'),('4a266122acbcfe073d99e7ae8cc0879829d87759bb2aab278a085b213adf0a52f8723aba7b3f55a0',1,2,NULL,'[]',0,'2018-02-06 22:40:18','2018-02-06 22:40:18','2018-02-16 16:40:18'),('4a488448b697a2758ee7b0aa45e9bcf38aca088d6f3e65c1c96b3f9d5e7b64131034ed5ff17522a8',7,2,NULL,'[]',0,'2018-01-31 23:48:46','2018-01-31 23:48:46','2018-02-10 17:48:46'),('4a736b350fb866f5689ea847fbc5d191ecfd04bc937f72398d62c0b327abffa9deba6ce73b080182',1,2,NULL,'[]',0,'2018-02-26 23:57:41','2018-02-26 23:57:41','2018-03-08 17:57:41'),('4a774818a5d0dbbf543b8602c9da92df88699d504bf9b210beba23a27167073cf8ed474efb5d8203',1,2,NULL,'[]',0,'2018-02-15 00:40:32','2018-02-15 00:40:32','2018-02-24 18:40:32'),('4a9cecb586a00104b1fd17a13c6a070eb1444e6bfb892ee5b61a6462a10e841b118761ebabdc4f81',1,2,NULL,'[]',0,'2018-01-30 17:59:23','2018-01-30 17:59:23','2018-02-09 11:59:23'),('4aaaf075492578f8df0840fd3b57ba95e2a3503588b756ce417bb69d962bcdd5455aa5bd34ff008c',8,2,NULL,'[]',0,'2018-02-27 00:29:29','2018-02-27 00:29:29','2018-03-08 18:29:29'),('4ab3a3c046253422e9937d2d5933f35340f0bb947eb83b79ec7bac3facfefe232d3cd5162bfd16f9',1,2,NULL,'[]',0,'2018-02-06 19:25:23','2018-02-06 19:25:23','2018-02-16 13:25:23'),('4af320d3f572a59ffd25d5d1b3ef27f771757fc3fc405d1c036d8d35487d756148b3c005f6547cf6',1,2,NULL,'[]',0,'2018-01-31 23:55:17','2018-01-31 23:55:17','2018-02-10 17:55:17'),('4b6483db77de5156a976c44bd917e775e5ac1dc30da04c45bedfe5f577a1ce8dadda1fd1c8eecf1c',1,2,NULL,'[]',0,'2018-02-26 22:10:31','2018-02-26 22:10:31','2018-03-08 16:10:31'),('4b70e7c0ac77e9ddba3933a5249110a0968642f9d39f3a686359a410e434d04a9e6a410aa8d38ac6',7,2,NULL,'[]',0,'2018-02-01 19:05:48','2018-02-01 19:05:48','2018-02-11 13:05:48'),('4ba4e8505f7250b8388c6f6557b651aea70de7e6b9aad3b3aa51d0476a997d3ca8bd4e76dc7227f9',1,2,NULL,'[]',0,'2018-03-05 23:20:52','2018-03-05 23:20:52','2018-03-15 17:20:52'),('4c7041943d05f0fe73572eaa0dbb73fe11b486d9bc532b82764cbb1fa6cc16dfae22bf649e191eeb',1,2,NULL,'[]',0,'2018-02-14 22:37:58','2018-02-14 22:37:58','2018-02-24 16:37:58'),('4c75fc88e1c329e25b4c39705a1864cdfe73ce3398490097922beaea6821af74a0f609a108a04506',1,2,NULL,'[]',0,'2018-02-22 00:25:37','2018-02-22 00:25:37','2018-03-03 18:25:37'),('4cc19f03f43b446b9ab928a4fede6980f9e6d47ea2ca4cae7d66a07473a0e1517bd0c711c13e12f0',2,2,NULL,'[]',0,'2018-01-25 23:31:58','2018-01-25 23:31:58','2018-02-04 17:31:58'),('4d6456f4a657e46e5694d2f8bc433ad711f431097c9ddc0c1b8af9c68fbeab96f74942e97b1a59de',1,2,NULL,'[]',0,'2018-02-13 19:44:16','2018-02-13 19:44:16','2018-02-23 13:44:16'),('4d995dc19cedaf2f3781c4fb3af2e6e560ca7799cfcdb148636b1a158193bf66354b26a8264da551',1,2,NULL,'[]',0,'2018-03-05 21:04:03','2018-03-05 21:04:03','2018-03-15 15:04:02'),('4e13c349ac781e4b94946684250e76eb5b2d939ff1ae5b880b7dbe25c989d7fbaa7c7ba490bae662',1,2,NULL,'[]',0,'2018-02-28 23:31:12','2018-02-28 23:31:12','2018-03-10 17:31:12'),('4e2a6a176878df6ff33188bf280e30a969c5a0bb672c22b20e526f6f95b9381ef636cc7470159654',1,2,NULL,'[]',0,'2018-02-19 23:24:53','2018-02-19 23:24:53','2018-03-01 17:24:53'),('4e48a5c83227dae704c24647e152eeb388bfa651790115afbdca0e395ac3b60f453161093eb38dff',1,2,NULL,'[]',0,'2018-02-21 22:59:41','2018-02-21 22:59:41','2018-03-03 16:59:41'),('4e9f76b8c8ee39b7a74cc3dcedc1eff6813352c2017565ab831581ab366d44b9000d6c249bda5151',1,2,NULL,'[]',0,'2018-02-17 00:25:46','2018-02-17 00:25:46','2018-02-26 18:25:46'),('4eac11f3483f14974459340c282d9fd50fbf2ffaf4a7864b3b97a46fbdd097d5f1056815f14af083',1,2,NULL,'[]',0,'2018-02-21 00:08:34','2018-02-21 00:08:34','2018-03-02 18:08:34'),('4ebd26becec3aea7ab18f35b7101957e178b21691fa24620aac9758beaf8ae5ff8b9e00acd4128dc',1,2,NULL,'[]',0,'2018-02-09 00:40:36','2018-02-09 00:40:36','2018-02-18 18:40:36'),('4ed30e48c0d025b52035de024c1fdad4dd62861d4f13124d631d9efa6fbe1b96277dae46cb0d731a',1,2,NULL,'[]',0,'2018-02-20 16:17:57','2018-02-20 16:17:57','2018-03-02 10:17:57'),('4ee46069b027e17f01a82b5de2dfe5a43b98bdb34d65f7b5ab9ad808f93af45a386def7e8e839644',1,2,NULL,'[]',0,'2018-02-06 15:55:00','2018-02-06 15:55:00','2018-02-16 09:54:59'),('4efd05c0ed6f16361fab656d85a3554fd893180c3207dbc4b291887f328de722ffd162672879493f',1,2,NULL,'[]',0,'2018-02-26 23:30:24','2018-02-26 23:30:24','2018-03-08 17:30:24'),('4f06c1b7d781dc3320f14fb24f8e2c53991409bc3b6c5101248c0a95d1afab7ba099b74efd6b3976',7,2,NULL,'[]',0,'2018-02-27 20:36:18','2018-02-27 20:36:18','2018-03-09 14:36:18'),('4f64499fbb1348a9b913388e1e904dfeb254ce6102fa3d0274ddbc5b3f1fe4cb7458ed278e181bae',1,2,NULL,'[]',0,'2018-02-27 00:10:02','2018-02-27 00:10:02','2018-03-08 18:10:02'),('4f6e24effbccda6b2f9ffabea3e160f77ec3297a2d91be8e3b93a250b14a90032bf6a7fb9c3f1ac8',1,2,NULL,'[]',0,'2018-01-30 18:52:25','2018-01-30 18:52:25','2018-02-09 12:52:25'),('4f8123a7ed20256ccce30756e234012399e55b091fa6d1eaca664563ea8e7454bd1c3c6c5ed8810d',17,2,NULL,'[]',0,'2018-02-19 23:31:44','2018-02-19 23:31:44','2018-03-01 17:31:44'),('4f94e8a27a077e3c3ed23ebd995d3601f52cc6cc13ee9584994eaa8bfc16643408e543ce0124da4c',1,2,NULL,'[]',0,'2018-02-21 22:56:30','2018-02-21 22:56:30','2018-03-03 16:56:30'),('4fa79ff512b3e640981d0ce6f1c189b4e58fb20014b95936e0f55ec97ff2e6e247e14c7c1ed29d9f',1,2,NULL,'[]',0,'2018-02-17 00:35:01','2018-02-17 00:35:01','2018-02-26 18:35:01'),('4ff83f05c5a280c918c94eb9e70cc4552eb8e05b90e5f5981e839147844a0ad1632b8fd5ea9523fa',1,2,NULL,'[]',0,'2018-02-01 00:03:31','2018-02-01 00:03:31','2018-02-10 18:03:31'),('508ab218ee88fb818fcadf21b93f4b8c72f3ef4d7b9bac3deff0bf822baa48b602dac06de3573ee7',1,2,NULL,'[]',0,'2018-02-14 20:18:36','2018-02-14 20:18:36','2018-02-24 14:18:36'),('50ac799fcaab040cf13e4803fb71f036c1458af960f7e44c7683e469658405a8ce6670a07d40b054',1,2,NULL,'[]',0,'2018-01-31 23:22:42','2018-01-31 23:22:42','2018-02-10 17:22:42'),('50c8500530db328e9fdd03b03e4f3e32179e02d086c8d7f399dd4d462dc2d1ce07bb3b4be8ae9897',1,2,NULL,'[]',0,'2018-02-20 19:58:20','2018-02-20 19:58:20','2018-03-02 13:58:20'),('5140ca0b9ffb08f6078431b751575502cda36c2a694fefe346507449607fd0f81b86a89ce88ceee4',14,2,NULL,'[]',0,'2018-03-01 22:51:21','2018-03-01 22:51:21','2018-03-11 16:51:21'),('51a1cfeee85c25b7310bfb66aa343c486e5fc95b649876ac8e1a70d88542c8e2b46116ea93e98487',1,2,NULL,'[]',0,'2018-02-06 22:56:57','2018-02-06 22:56:57','2018-02-16 16:56:57'),('51ea8636b9ca070a25d1ed4120f5f07202d24dcad6ffac0af523cab791528753766119c0790ea7e2',1,2,NULL,'[]',0,'2018-03-27 18:37:13','2018-03-27 18:37:13','2018-04-06 12:37:13'),('525c49717907a409d57383c0a0407bf63d4d9b0cb494535559a68f5f22d02ff136867db0dbf8aecd',1,2,NULL,'[]',0,'2018-02-08 22:50:31','2018-02-08 22:50:31','2018-02-18 16:50:31'),('52a73e8d66a048e66424d89a2057de16fc5bb74b10922082720e0bf13625ccd5e6ade869dc2964cd',1,2,NULL,'[]',0,'2018-02-08 06:08:42','2018-02-08 06:08:42','2018-02-18 00:08:42'),('52f9f00fc782d80a307775b50a398ae0dfd819fd9ca3d0cae2e1022f22c6fa9c18746e2205522af8',1,2,NULL,'[]',0,'2018-02-12 23:39:13','2018-02-12 23:39:13','2018-02-22 17:39:13'),('534818ebe0c0abc7040f7764f1fc5cfa14143f4815857eddedf192f102bc9480dbec4a8bee56f836',1,2,NULL,'[]',0,'2018-03-01 21:08:05','2018-03-01 21:08:05','2018-03-11 15:08:05'),('53d70b0e017c22f6c6691e9b82c63a9a569f63d1aafb56cd485d3917e65717aebbe44f49e2e6328c',7,2,NULL,'[]',0,'2018-02-26 23:04:17','2018-02-26 23:04:17','2018-03-08 17:04:17'),('53dd4ea2d8d0bcd98a80ddca01abf31f68b1e299a4ed525041a45b7ab43b49123d8baaaca6bf7a04',1,2,NULL,'[]',0,'2018-01-30 19:23:35','2018-01-30 19:23:35','2018-02-09 13:23:35'),('53f92b5aad25b8532c636f2812254d224e493c7276ec322d5eb55f8e49fe9d5943f4cc957e2a73bc',8,2,NULL,'[]',0,'2018-02-20 19:55:27','2018-02-20 19:55:27','2018-03-02 13:55:27'),('5457f77a4ed17233a3480559ed84871a6928aab4d991654c9107b27a240601ca9dc1f140a93e7a93',1,2,NULL,'[]',0,'2018-02-13 00:50:08','2018-02-13 00:50:08','2018-02-22 18:50:08'),('5466d84b0a6183c818d93a7ab0d838e4a7592995061c13938b108ef8efb26eef141ce538895f5acc',1,2,NULL,'[]',0,'2018-03-08 00:05:47','2018-03-08 00:05:47','2018-03-17 18:05:45'),('546d841606c984d06a65217ed9b8fd2a340259666e57597c301b340bcd5cff1300d61c4455821101',1,2,NULL,'[]',0,'2018-01-29 20:12:47','2018-01-29 20:12:47','2018-02-08 14:12:47'),('546e8a80fbf38e02934ad01d808ae937e7913c15ed230db3ae6aaead848092431a8891653d3d59ce',1,2,NULL,'[]',0,'2018-02-27 00:12:04','2018-02-27 00:12:04','2018-03-08 18:12:04'),('549c3f961d1706b018f0ec791dae8e491169c50c0011d3950473bd45a4688d262f09757d97831bd9',1,2,NULL,'[]',0,'2018-02-15 00:12:57','2018-02-15 00:12:57','2018-02-24 18:12:57'),('54cda446498661cca1159588899973460c44b3b96afac3410e58f83b38ca067413328218d8689b8d',1,2,NULL,'[]',0,'2018-02-26 23:51:28','2018-02-26 23:51:28','2018-03-08 17:51:28'),('54ec4306c36c0356515a73eb2cf1af60a3cb40ce6b48568e3f1d7aa9cd6f4ed0ab2451913903b7da',1,2,NULL,'[]',0,'2018-02-15 22:46:29','2018-02-15 22:46:29','2018-02-25 16:46:29'),('552f80136ef8784e80567e87db8d1c7c2af35dac042819674677e26917ae089cced0bda1c192038e',7,2,NULL,'[]',0,'2018-02-01 04:33:38','2018-02-01 04:33:38','2018-02-10 22:33:38'),('559eea8a0277e3bf2fb5f46e2d4de679b9d476113632a4325536c525f598e8cf540dff1746cbc60b',1,2,NULL,'[]',0,'2018-03-01 21:10:54','2018-03-01 21:10:54','2018-03-11 15:10:54'),('55be16c7e6eb99b05dadc8270612f0851ec141f7de0cc27892f70b4a2c8ec7fe4c269d27e1628595',1,2,NULL,'[]',0,'2018-03-03 00:37:44','2018-03-03 00:37:44','2018-03-12 18:37:44'),('55c34c65047cf62bbf56ccc3b4f6afff7e37a78ef2cc3af975def0a6bfce74db8d3d9396f3c98f21',1,2,NULL,'[]',0,'2018-02-19 23:17:51','2018-02-19 23:17:51','2018-03-01 17:17:51'),('5620d1482d22cd259b9d7f01720f23154a7180ded9a3c43014185ac3220135e28608a18a12575d7b',7,2,NULL,'[]',0,'2018-02-01 19:28:41','2018-02-01 19:28:41','2018-02-11 13:28:41'),('5659a0815be57bcf208ac4d10ab1f11f16359968f340d147d76a9ca19f7d101500e473a6d7996ba7',1,2,NULL,'[]',0,'2018-02-02 00:12:57','2018-02-02 00:12:57','2018-02-11 18:12:57'),('57089713801e6e07efed0347d73a6c7e245bcc4bfe0dae1c7c0247814bef0805fca275473aa75362',1,2,NULL,'[]',0,'2018-02-01 16:44:16','2018-02-01 16:44:16','2018-02-11 10:44:16'),('5747f7e4bb085ba623a3aa88d5bcded5b371284198c46a156f4d8ef8cc453be36118779aef63ee38',7,2,NULL,'[]',0,'2018-01-29 22:28:57','2018-01-29 22:28:57','2018-02-08 16:28:57'),('576b76153c428904889ac42ba34326dc0c171ad5abd9a6e53ce4381d89808d4041cc904649029756',1,2,NULL,'[]',0,'2018-02-13 23:03:19','2018-02-13 23:03:19','2018-02-23 17:03:19'),('57adead7b30a6a48aacafca798e2363e889644d0f9d3e11b132d066deb34718935a71b5e6c6f116d',7,2,NULL,'[]',0,'2018-01-31 22:55:03','2018-01-31 22:55:03','2018-02-10 16:55:03'),('57e6522093cc83efb5bdd2349084303d724ee335aac42e32f11921c56dbaba75473de9f6905858d7',8,2,NULL,'[]',0,'2018-02-17 18:00:32','2018-02-17 18:00:32','2018-02-27 12:00:32'),('5803c67e0f09ac112ebdd16371629b25ecb6e7826bb00fdec6e47e0a841bb77a01eb4f2605800fc5',1,2,NULL,'[]',0,'2018-03-08 05:38:26','2018-03-08 05:38:26','2018-03-17 23:38:26'),('582e600889e216e218cfdac99975011957e712953e60266ed4093be87b2f8e3298b7edc5f46b7338',7,2,NULL,'[]',0,'2018-02-27 23:44:47','2018-02-27 23:44:47','2018-03-09 17:44:47'),('588a0edbd7e010be9da6f781d09509b7859ee2100a0767d6f9b6ebc4c266f12606fb175d067c2c6d',8,2,NULL,'[]',0,'2018-02-21 15:42:25','2018-02-21 15:42:25','2018-03-03 09:42:25'),('591b06e059061669081ef64c621451a27a6ffbe5fb519296841a070cbb48e0d6cddbbfbde203bb09',1,2,NULL,'[]',0,'2018-02-12 23:43:31','2018-02-12 23:43:31','2018-02-22 17:43:31'),('59975b3fb334cc7c18cd384de28a721719e54cabed04776b7253a0c7bfc6dfe34eead7b3126feacd',1,4,NULL,'[]',0,'2018-06-01 20:17:40','2018-06-01 20:17:40','2018-06-11 15:17:40'),('59a0efab3992f3092bd414b7b417402cecc0091cfca6b73812d5f1fcc0553efba9c280b89e678d85',1,2,NULL,'[]',0,'2018-02-13 23:49:31','2018-02-13 23:49:31','2018-02-23 17:49:31'),('59a69210b972c88000ac3f95b2bd58fe19b85016265ff9913a614e6619c4b9f5d77fa62d5fff0c2d',1,2,NULL,'[]',0,'2018-02-01 16:13:18','2018-02-01 16:13:18','2018-02-11 10:13:18'),('59e3bf19a24292997e8b5b00c5cefbab37fa02669d3610fe539c3b27fc3441f9d2bb29d12040f339',1,2,NULL,'[]',0,'2018-02-17 00:40:29','2018-02-17 00:40:29','2018-02-26 18:40:29'),('5a1c2b1ea3c96b16e2f5bfdc30f94530165f6a0ac883a32950a2ba99c613239b797662eee602a91b',1,2,NULL,'[]',0,'2018-02-08 22:46:02','2018-02-08 22:46:02','2018-02-18 16:46:02'),('5a597684817f225a9a2ea738cef0f47f7ca9b23ef537c703f477e698a07f1cb3d16fa0486321d617',1,2,NULL,'[]',0,'2018-02-24 00:15:39','2018-02-24 00:15:39','2018-03-05 18:15:39'),('5a68a0e47a0e5f50f40aa41df279563dc8e85ef3b8d3539b1e39f9c721937d71b4114396ef019bf5',8,2,NULL,'[]',0,'2018-02-12 23:37:51','2018-02-12 23:37:51','2018-02-22 17:37:51'),('5b3162b5efd673705afdcc56c69310a40f8f8c61ab0b7f6fb6ecee4ee5c8dc69dfb073ced227a28f',7,2,NULL,'[]',0,'2018-02-01 21:43:59','2018-02-01 21:43:59','2018-02-11 15:43:59'),('5b345aec850a057dc3c13b6f9682ad28741becdf346507e81a1aa517aaca0ad02220733b7998195b',7,2,NULL,'[]',0,'2018-02-06 19:26:21','2018-02-06 19:26:21','2018-02-16 13:26:21'),('5b3f001ec855903e647e7fcd73aa01d78213977a35e928a02487de1321134d933866ef0ab9d01415',1,2,NULL,'[]',0,'2018-01-29 19:33:08','2018-01-29 19:33:08','2018-02-08 13:33:08'),('5b801ec14cfed2b2666aab04dc3206662c98801c682a9b2832d483e679773acb07e4614052ab3206',1,2,NULL,'[]',0,'2018-02-14 18:41:06','2018-02-14 18:41:06','2018-02-24 12:41:06'),('5c50aca97041f220cf27f7fdb03bcd3932589f5628b8af258fbe2d864462fa1b344f91e048da9918',1,2,NULL,'[]',0,'2018-01-31 00:45:19','2018-01-31 00:45:19','2018-02-09 18:45:19'),('5d53014deab8b3f9af9c0cef57de506e669dd91b3b47b5e2dbaa3e82cd7116676ece54a50ed12106',1,2,NULL,'[]',0,'2018-02-27 19:03:44','2018-02-27 19:03:44','2018-03-09 13:03:44'),('5d6c45985a56a80c3796d0d863e6c2eb870e422feaf8d065f288fba1d290ab88cf973a46326bee91',8,2,NULL,'[]',0,'2018-02-17 20:55:37','2018-02-17 20:55:37','2018-02-27 14:55:37'),('5d81832f4c9a4a1fa84bb75eadd92887062b568c5cf7280301c21bfdbd188f649812b8b33896623a',1,2,NULL,'[]',0,'2018-01-26 18:22:50','2018-01-26 18:22:50','2018-02-05 12:22:50'),('5e1f38c624f7910360b283a05359610b846e9acfb7bdd279eb978713d6182b5be82089f58aa89ba5',8,2,NULL,'[]',0,'2018-02-27 19:03:03','2018-02-27 19:03:03','2018-03-09 13:03:03'),('5e59e3bb12c2882c99bf1b4ae9fa40b287523e9c60b8626cefe509093df61d4e4a7be0b7e4c92446',1,2,NULL,'[]',0,'2018-02-23 01:01:13','2018-02-23 01:01:13','2018-03-04 19:01:13'),('5e7126d1ed03995ca7635ee85dbbb04dbc0875ed505f4dfbe53f81a3290d3816a9632593c953b7ee',8,2,NULL,'[]',0,'2018-02-13 21:50:26','2018-02-13 21:50:26','2018-02-23 15:50:26'),('5ea585fa5d0c6ea722f928bac62eb62d7e5c452b2d00f7e99a1d19e79d749a3c85fe176be769bee9',1,2,NULL,'[]',0,'2018-01-30 23:13:44','2018-01-30 23:13:44','2018-02-09 17:13:44'),('5ececa6ebb2d2246bde747ce0f63c93b274db986b1163b6d453db4c6f87fef37e9823e98fa9c7adb',1,2,NULL,'[]',0,'2018-02-21 16:43:12','2018-02-21 16:43:12','2018-03-03 10:43:12'),('5f1746d6e1e2d07c4f871adb5ea4a6cf8d549fe28f34f8f9e310eb79c5743193dbebc009bccf71f7',1,2,NULL,'[]',0,'2018-02-17 01:02:28','2018-02-17 01:02:28','2018-02-26 19:02:28'),('5f1d40dd53cb9ef9612988688906a7dbcc759c4ab73ed7519b020bf7bc220dda7f9ce7adb53d5fad',1,2,NULL,'[]',0,'2018-03-01 00:17:07','2018-03-01 00:17:07','2018-03-10 18:17:07'),('5f1de96e607652f744409ce6799ba5108d4add305bd5cd949030ee9743d6c93576c6e10ba84ac372',1,2,NULL,'[]',0,'2018-01-31 19:24:22','2018-01-31 19:24:22','2018-02-10 13:24:22'),('5fd5940a573ca34c7fe0817c37a59de3640961bb66712840bb466bbcfe97e48ee9269965a3fd6b48',1,2,NULL,'[]',0,'2018-02-20 23:12:46','2018-02-20 23:12:46','2018-03-02 17:12:46'),('5ff510f6e8349df2443a7743103bf2de463be5c716d2f55382aa39ef9aee5d01a34f1d7a7306b623',1,2,NULL,'[]',0,'2018-02-02 00:13:53','2018-02-02 00:13:53','2018-02-11 18:13:53'),('602f822909a3774103957f40263be6fcfa0398f1354e4fe7c9747e229f81c08e5f41381d025d3fe9',7,2,NULL,'[]',0,'2018-02-01 04:29:37','2018-02-01 04:29:37','2018-02-10 22:29:37'),('611365943189894c682629f8d9fd701adbb44f30849f422042134ce147ffdc38a0f0789c10d15f0a',1,2,NULL,'[]',0,'2018-01-31 20:18:51','2018-01-31 20:18:51','2018-02-10 14:18:51'),('617c5f9ef2e1f014cdd1d77c13e0184f86324d16b26545baad2c087115342766911d79e6faa20a45',1,2,NULL,'[]',0,'2018-02-10 00:20:29','2018-02-10 00:20:29','2018-02-19 18:20:29'),('617eee86518723b4fd06eb9eae60eef749814411628d6af27be4b8b72540754b1832258985d8a253',1,2,NULL,'[]',0,'2018-02-13 19:13:00','2018-02-13 19:13:00','2018-02-23 13:13:00'),('62246d7a92bee24eaedc2b7f53de351912102046aa85ce12a3f9a14c101ec923df44d0491fde4551',7,2,NULL,'[]',0,'2018-02-28 23:53:16','2018-02-28 23:53:16','2018-03-10 17:53:16'),('625200ebbedf42ddbf5b1bdeb76cc91f010cb5d028923c576ac7544682509ddfa21882870182717a',1,2,NULL,'[]',0,'2018-02-16 21:59:36','2018-02-16 21:59:36','2018-02-26 15:59:36'),('625f4381b391edcc8a80f9437072b72c77dfc1ca9a44c5f22156dd8a35120cf2dbecfb4a6a263f7f',1,2,NULL,'[]',0,'2018-01-31 19:25:53','2018-01-31 19:25:53','2018-02-10 13:25:53'),('629198759168ec4fd7ca60ed333780239d688a8471da94283d39095a0ef1d5c419952f5cfb65c6bf',7,2,NULL,'[]',0,'2018-02-01 00:56:30','2018-02-01 00:56:30','2018-02-10 18:56:30'),('62b8099d86085c21ccf7c6176bb27d494b5a92f85b72c45139bcb5e6d60aa39cd51d52c64beb2dba',1,2,NULL,'[]',0,'2018-02-21 15:23:22','2018-02-21 15:23:22','2018-03-03 09:23:22'),('6346c2017d71287a105f9be8ccc8239a768dfc3d1b7b175fa9b414e402e34f87eba20f20d70bf701',1,2,NULL,'[]',0,'2018-02-15 01:13:35','2018-02-15 01:13:35','2018-02-24 19:13:35'),('639259a619d33fb9a65d44e910204c2ff47440ac61df0e1af604e703a47a1f09d0e86c89305f9a20',1,2,NULL,'[]',0,'2018-02-27 00:12:09','2018-02-27 00:12:09','2018-03-08 18:12:09'),('63a1b701fb03f9a5d562fe73c10b2697af0659efd2ff7efab686a39745e6639f18ffe05433a9746e',7,2,NULL,'[]',0,'2018-02-01 00:58:57','2018-02-01 00:58:57','2018-02-10 18:58:57'),('63aa18b6769136514db6ca76d95e4ce9e80d164a604d4d71619fefdca3287e71563427bf0a284676',1,2,NULL,'[]',0,'2018-02-21 15:40:15','2018-02-21 15:40:15','2018-03-03 09:40:15'),('646e160f753c63b99e6ed918517272b934dccdb8a23614aa39bcf30554e422fd0da1ee9884061af4',1,2,NULL,'[]',0,'2018-02-19 22:28:56','2018-02-19 22:28:56','2018-03-01 16:28:56'),('648953a2de2d50e59c1d8a356c78244eee68f188ed27f0c5af55963da0926c27cf13b050a155ff75',1,2,NULL,'[]',0,'2018-02-06 23:22:59','2018-02-06 23:22:59','2018-02-16 17:22:59'),('649dee31111b84a98768242c87d164cd0b71ed53a10c094995a4e602b5f9a63ceb3c0f45f9d4eba5',7,2,NULL,'[]',0,'2018-02-08 22:10:40','2018-02-08 22:10:40','2018-02-18 16:10:40'),('64cd4e3697f40dfd1a4bb1a09bffd71e508b4e05e67784fe6d89390debc063cdb9a84efc19b1bad7',1,2,NULL,'[]',0,'2018-01-25 23:26:53','2018-01-25 23:26:53','2018-02-04 17:26:53'),('65015ca1990aa61866d2af8e5b87b1740e8bdf33928014dbe048c660f78bbe86f2f8e36e2622e7db',1,2,NULL,'[]',0,'2018-01-31 19:12:23','2018-01-31 19:12:23','2018-02-10 13:12:23'),('654547ff2e0319bfdb157953dd9de6f0529e96bc2c76aac7d09be9249cea10159a60636fce9e3874',1,2,NULL,'[]',0,'2018-06-01 23:12:00','2018-06-01 23:12:00','2018-06-11 18:12:00'),('662046a290978b7e4d27d72c3509f3bfd8f7db8ddf27d0097a0ea24214b15cc96c074742757bea0c',1,2,NULL,'[]',0,'2018-02-01 23:52:19','2018-02-01 23:52:19','2018-02-11 17:52:19'),('663d4b6dad2e842ee16e7ff841f2858c5aca7382b699c7344ba614afe3bd706916eb451f46027892',1,2,NULL,'[]',0,'2018-02-09 22:59:39','2018-02-09 22:59:39','2018-02-19 16:59:39'),('664b7c387b38eb6d7772df73636378f2f1046f138d14df5e3ea9dadfad415d8ae59772390ce06538',1,2,NULL,'[]',0,'2018-02-13 00:35:48','2018-02-13 00:35:48','2018-02-22 18:35:48'),('665d6bde28039eb16209bb16151c6e6b44737885bf3acea2c89dadda1950687b4bc4e6da313eb043',1,2,NULL,'[]',0,'2018-02-20 22:57:42','2018-02-20 22:57:42','2018-03-02 16:57:42'),('6682198b990641d886405019750038ae837749e61e9bb16e0640fa3b88b0cb736ba93134c81087b1',7,2,NULL,'[]',0,'2018-01-29 23:42:36','2018-01-29 23:42:36','2018-02-08 17:42:36'),('66c7317bd4983b1459bf1d12c38b12f8a8529c8489da4b1ced92fe874eb5f2a5dff052dd91ff587d',14,2,NULL,'[]',0,'2018-02-28 22:26:15','2018-02-28 22:26:15','2018-03-10 16:26:15'),('66f414a55b1fd23a015e5d681d270307caca8e434b70e1991f786ecfba9dca68e398e7a37c55e39f',1,2,NULL,'[]',0,'2018-02-24 01:03:42','2018-02-24 01:03:42','2018-03-05 19:03:42'),('6739201ac4c05d0127d0d9d1c7081324522b457d2b7964822dd7c5ab97466d7ba81bdd71da22a646',1,2,NULL,'[]',0,'2018-02-14 23:58:10','2018-02-14 23:58:10','2018-02-24 17:58:10'),('67a6a8b101bfa0db9d212ce3a62a9e2d7484a35f0c3dafbbe27402845ccfe8dfb7b1540ba738eac7',1,2,NULL,'[]',0,'2018-02-20 17:04:59','2018-02-20 17:04:59','2018-03-02 11:04:59'),('67c1241d883748ce3f1921fb100c30be565bd8c2b908e8fcad418dd06eb2ecc69c373810e8f100f8',1,4,NULL,'[]',0,'2018-06-02 15:24:21','2018-06-02 15:24:21','2018-06-12 10:24:21'),('6819d8f11f8292ed0cd63e54def5117fc9acff7a8621ed289197546009ba0d9575c6339f2a849b25',1,2,NULL,'[]',0,'2018-02-28 23:36:19','2018-02-28 23:36:19','2018-03-10 17:36:19'),('684223bc32d89e4d510758ea5d0bec2a87b15bca9e73c656eb44cd4778a6b8dda1e76553043fda66',8,2,NULL,'[]',0,'2018-02-13 18:00:26','2018-02-13 18:00:26','2018-02-23 12:00:26'),('68a87ae73e07653811868542801daea8a8cef03ca3df333d23c01f0e297b8f3e7f4ade64ea8c4858',1,2,NULL,'[]',0,'2018-02-02 17:05:04','2018-02-02 17:05:04','2018-02-12 11:05:04'),('691890d74bac01bc693dba588d55498271be7d00b9352d1267908e3eb785e7ee4f7559f22871203c',1,2,NULL,'[]',0,'2018-03-27 18:31:47','2018-03-27 18:31:47','2018-04-06 12:31:47'),('6931faac88484603af1f75be1ad6635b9147c55170fca8af96c61661b1b1b98b15e10a82abbaef01',1,2,NULL,'[]',0,'2018-01-31 23:33:02','2018-01-31 23:33:02','2018-02-10 17:33:02'),('6933c110f9efaf04cc18a83cc3c37c76164513fa72bbfdf91d4545a220ed3f03179964f4e9352c6c',17,2,NULL,'[]',0,'2018-02-19 23:31:08','2018-02-19 23:31:08','2018-03-01 17:31:08'),('6939c9f613916028de32571b364c1af4c4b193b77d2261f4be35280c4f9d99f6e88636bcc2f805a9',1,2,NULL,'[]',0,'2018-02-01 22:09:27','2018-02-01 22:09:27','2018-02-11 16:09:27'),('697365b8ee349f13c75c110a9add976fbc7da2f5b3179302bce52d2e16e3b27bf4608893f71616cd',14,2,NULL,'[]',0,'2018-03-01 00:26:17','2018-03-01 00:26:17','2018-03-10 18:26:17'),('69e981b3754b8f01d84cd03f29245f824d05bca883369e88d2ffb2db6c0b3ce3a45f24f658696648',1,2,NULL,'[]',0,'2018-02-20 19:47:12','2018-02-20 19:47:12','2018-03-02 13:47:12'),('6a0219ba4e4c50ff2dc3032c4371cde1275403bf8523386b0e5f13230922d9ddcda9cf456bd418fb',1,2,NULL,'[]',0,'2018-02-13 19:34:18','2018-02-13 19:34:18','2018-02-23 13:34:18'),('6a2ba7d4b10a7b1bcc191f88527032b4159f6fee6ba43e823ec0ed175b2ee59baa58e370152693bb',7,2,NULL,'[]',0,'2018-02-27 21:50:56','2018-02-27 21:50:56','2018-03-09 15:50:56'),('6a351a80a66ca3a8a3df0739638f973fddee390ebbfe9ebdba0e5bcdd3ffd49ec3029912b2a2788e',1,2,NULL,'[]',0,'2018-02-01 23:47:08','2018-02-01 23:47:08','2018-02-11 17:47:08'),('6a607262c4230ac256490d2395dea1663cc3b352898534e59bd381a2d401f5b4fecef6f64587f4d8',1,2,NULL,'[]',0,'2018-02-19 21:36:09','2018-02-19 21:36:09','2018-03-01 15:36:09'),('6ab34430f89684baf065aefe006c00db74ae5835113cf9794163fc5433d8315a802460904c733452',1,2,NULL,'[]',0,'2018-02-06 22:06:48','2018-02-06 22:06:48','2018-02-16 16:06:48'),('6ac4fb28f1226e1981fbdfdc08147c22724acbb3ad173549fd7a391e1a98dcdfac4036f7127d77b8',8,2,NULL,'[]',0,'2018-02-27 00:32:38','2018-02-27 00:32:38','2018-03-08 18:32:38'),('6afb6c5763b0389d35d472be5567b185f669e81d69729010d4713a75fe8b15db3f650d1723ba4bca',1,2,NULL,'[]',0,'2018-02-06 23:20:58','2018-02-06 23:20:58','2018-02-16 17:20:58'),('6b4c1f2b7f3b8467def7256bc5c49c1f25731763e94ea10334265c285244de7be80eb32b9aa4f384',7,2,NULL,'[]',0,'2018-04-05 15:12:27','2018-04-05 15:12:27','2018-04-15 10:12:27'),('6b6dcdcc95d738fa3e34bcfe506adba27bbf908ce58c5413ccb5d367905c895626a9e72dbff3a335',1,2,NULL,'[]',0,'2018-01-31 23:24:26','2018-01-31 23:24:26','2018-02-10 17:24:26'),('6b8a66890adde596ae3f621f954f1c0997029b7840fe76ce655a1eb202d41de7ddcfa84bc0720943',7,2,NULL,'[]',0,'2018-03-01 00:58:10','2018-03-01 00:58:10','2018-03-10 18:58:10'),('6c2343328e27cd5d80981fc658b4d8ab9400402cf33930cf8ae23e8189aa2878cf6a2c660e1da637',14,2,NULL,'[]',0,'2018-02-28 00:36:54','2018-02-28 00:36:54','2018-03-09 18:36:54'),('6c39805c2c02423c3588db91c5ebc10fa864e37badb5bfd86644d19daa1c6bda12c7113d9b70875e',1,2,NULL,'[]',0,'2018-02-20 20:09:00','2018-02-20 20:09:00','2018-03-02 14:09:00'),('6c5d60236fcb24ffe9551aab036aa8a376852b883feae1b793e597ef23054630a0c1caac14a391c6',1,2,NULL,'[]',0,'2018-02-02 04:02:33','2018-02-02 04:02:33','2018-02-11 22:02:33'),('6d37ce5c7a7979be79bcdfd0c2d5cc6e0e218c61ea01bff5009bad04f12ba066c7dc7635bfd9d86c',7,2,NULL,'[]',0,'2018-02-01 19:20:36','2018-02-01 19:20:36','2018-02-11 13:20:36'),('6e80928f2bda7508c46e2061d9e85564f7825f1515ae2e80b9a4965994a1fbd4116b0b166fcead39',1,2,NULL,'[]',0,'2018-02-13 23:04:06','2018-02-13 23:04:06','2018-02-23 17:04:06'),('6f16137651263a07375d3ad5980083a49e52312d5139c8321711d81ba525069f8b5e443cdfc47afe',1,2,NULL,'[]',0,'2018-02-19 23:25:45','2018-02-19 23:25:45','2018-03-01 17:25:45'),('6f6ab94d5e14bc9f9bb5b3d6e382e90559f3373ca698a786ad10e30ac140403da673dffa805d506c',14,2,NULL,'[]',0,'2018-03-01 00:11:25','2018-03-01 00:11:25','2018-03-10 18:11:25'),('6fcec183d4f9cb2530196e2721e56d9d077e9e5d5c8b4b161fbfa65fedce144d27a8cf80b9e72ee6',1,2,NULL,'[]',0,'2018-02-21 23:04:37','2018-02-21 23:04:37','2018-03-03 17:04:37'),('7014385c72b782273c53d440ceccd43e30c5a3f8c9f174219511cdb0e50fd3ba57e37dafd5458859',1,2,NULL,'[]',0,'2018-02-19 21:32:58','2018-02-19 21:32:58','2018-03-01 15:32:58'),('7066090343b236a7fc37e47d565b6e9e89b1a7589649719a78d6f2d3c13344640284f75aef4e1e0b',1,2,NULL,'[]',0,'2018-02-08 21:49:41','2018-02-08 21:49:41','2018-02-18 15:49:41'),('70706fd20cab3ebb8ba237d5d5892ae9986dae1a6f7408dec82e1fc0f0042adf25ded7a1b0da596a',7,2,NULL,'[]',0,'2018-02-01 19:07:29','2018-02-01 19:07:29','2018-02-11 13:07:29'),('7082dfa7663679c7597b88fd83bf09dd4b101f35a154279036998db6ba158c9b3f2b752425c56d48',1,2,NULL,'[]',0,'2018-02-13 19:59:16','2018-02-13 19:59:16','2018-02-23 13:59:16'),('70874f30f8ac151810c38c3c1a99d17982fa840b8cf655efda17749487aa24cb048a28cc133e614d',8,2,NULL,'[]',0,'2018-02-19 22:54:26','2018-02-19 22:54:26','2018-03-01 16:54:26'),('70c9fc0c65a76dcc2b6179f5f3d125ba4e56b37d5765459c219678b89d9418bcc337d5ead56c1691',1,2,NULL,'[]',0,'2018-03-23 00:57:15','2018-03-23 00:57:15','2018-04-01 18:57:15'),('710e2bc2ea33da67173cf72e7076bfd1c752f45fd62d80086c9c59298c8d3c20d20644b5613ea786',1,2,NULL,'[]',0,'2018-01-31 19:27:31','2018-01-31 19:27:31','2018-02-10 13:27:31'),('711568203065486f54f1fe0b4f56db186c910f19af3faa813a029aabcacf4f4b4525d32dadf7e9f9',1,2,NULL,'[]',0,'2018-02-13 21:54:55','2018-02-13 21:54:55','2018-02-23 15:54:55'),('7161539bebc2df62850f4684af482af19e9f1abee9251f39d656d4cfe506f7e346671dada9daee9a',1,2,NULL,'[]',0,'2018-02-13 23:31:28','2018-02-13 23:31:28','2018-02-23 17:31:28'),('71990c11fcd74604a898c1c8301bbded77d2665e248575ff147dd0403a38e5cd999b30ee2829a2d1',1,2,NULL,'[]',0,'2018-01-31 20:25:51','2018-01-31 20:25:51','2018-02-10 14:25:51'),('72340e0377c26fce5b56d2028d08a844c40f7c6c830de7ebca9d410795c2b4153d17d68726ef1665',7,2,NULL,'[]',0,'2018-02-01 22:57:21','2018-02-01 22:57:21','2018-02-11 16:57:21'),('724dcc3e7e3b78e026614edfb58806c35e5c8e044c3fce335950887081f786d0106bb4fa47c04a63',1,2,NULL,'[]',0,'2018-02-01 23:25:55','2018-02-01 23:25:55','2018-02-11 17:25:55'),('7318267142834084bfd2cdd9df0b62d4745de2e4e987121cd3015f8f0b2333d03e5558a6e13271c6',14,2,NULL,'[]',0,'2018-02-27 22:26:20','2018-02-27 22:26:20','2018-03-09 16:26:20'),('7331c886c8f19861e7918b36852aca648ab98cfaf5c73cb632bdf50b518f86c02eb6c7f7f54473a1',1,2,NULL,'[]',0,'2018-02-01 00:01:41','2018-02-01 00:01:41','2018-02-10 18:01:41'),('7443771626cd61b1979e9c24cf57f4c2424828cfb5e86f078c3164d1d951839a2602992b94ddf741',1,2,NULL,'[]',0,'2018-02-23 23:18:50','2018-02-23 23:18:50','2018-03-05 17:18:50'),('74837c8294af32b76264fcfb97ebebdd2835095621aef5b3c788eab2bee3fdfdb45c094fab1bc53d',1,2,NULL,'[]',0,'2018-02-10 00:35:09','2018-02-10 00:35:09','2018-02-19 18:35:09'),('74a37531c3a574d800c0ff57175a643a04813adf2d45f9d91ed763eba0751231705c5ec33e0cb68f',1,2,NULL,'[]',0,'2018-02-28 23:58:02','2018-02-28 23:58:02','2018-03-10 17:58:02'),('74f17f178d402078a519a51fe41869cebcf9de73d543722ee78e0ea0a6790a21d16f348435569165',1,2,NULL,'[]',0,'2018-01-30 19:22:04','2018-01-30 19:22:04','2018-02-09 13:22:04'),('757ab2d40e39e8e69edfb6b777a000cf8486ac15b930a0a4639b0fe60c9ae0b23e37b863003c0be2',1,2,NULL,'[]',0,'2018-02-27 00:30:59','2018-02-27 00:30:59','2018-03-08 18:30:59'),('758c601675f75759639669257308f753979fcaa9ef0cb04305fead57e4b12671a702ed99a3a02a24',1,2,NULL,'[]',0,'2018-02-15 01:05:27','2018-02-15 01:05:27','2018-02-24 19:05:27'),('75a99bd0e554b1de9e78dfa5c2466db68006336ae04210677f40eba94853981ec2b6971602e8a66e',1,2,NULL,'[]',0,'2018-02-13 23:49:35','2018-02-13 23:49:35','2018-02-23 17:49:35'),('763e334a99a596bf5a3883cd444aa048207b536096f6b17e263b5baadf010b096dc838ef3076f385',7,2,NULL,'[]',0,'2018-02-01 00:57:52','2018-02-01 00:57:52','2018-02-10 18:57:52'),('76b8bd22b2d9f08477ec8482b0583079a7905eded088b5e46568879019727163803b000e9b35c666',1,2,NULL,'[]',0,'2018-02-17 00:28:35','2018-02-17 00:28:35','2018-02-26 18:28:35'),('76c4940d90c9323b1346b54c4f19e6c9d5ce1fa345c4b35f6cf58bbefd993bb92d27e2bd79870269',7,2,NULL,'[]',0,'2018-03-27 18:42:58','2018-03-27 18:42:58','2018-04-06 12:42:58'),('771baec95ac51b48dd42e7c3d70fb92e36e6925aede0d11fca89e4511b37b8864b1b966af2085f1f',32,2,NULL,'[]',0,'2018-02-19 22:10:38','2018-02-19 22:10:38','2018-03-01 16:10:38'),('771ca834a97813fa0a824ab65fe920ca3b60c86ee216336c269286d465266713cccc7b5518dc658b',8,2,NULL,'[]',0,'2018-02-27 00:22:53','2018-02-27 00:22:53','2018-03-08 18:22:53'),('77d247080c3cfa768a96b7e71aeaccb8de6484d804f612bf7ae2e795c5a822742319348172c218e1',1,2,NULL,'[]',0,'2018-04-09 22:40:03','2018-04-09 22:40:03','2018-04-19 17:40:02'),('77d839e7d41ad2b7d4e07552206223b4a4b408adfdb4bcadd7c4abb1fad37fa364cbc3d329eed12d',1,2,NULL,'[]',0,'2018-01-31 22:59:47','2018-01-31 22:59:47','2018-02-10 16:59:47'),('77de96225672a81496f8fd41028be2167432790ad90b42e665008cc4f7628a4fbd1eb053ad88bd9e',7,2,NULL,'[]',0,'2018-03-01 22:43:36','2018-03-01 22:43:36','2018-03-11 16:43:36'),('7813ba08150a08f29f135e83a3b511dec95d5d5c8ef9d2d0cf6905dc625709cf40f2ed0292fc606f',1,2,NULL,'[]',0,'2018-01-29 17:40:00','2018-01-29 17:40:00','2018-02-08 11:40:00'),('782d38ba2a1c36870fdeeb518508dcdbe6ee3b1eeb09787b19dab7389cc3ca9b7022ac5e674aabf9',1,2,NULL,'[]',0,'2018-02-06 23:19:52','2018-02-06 23:19:52','2018-02-16 17:19:52'),('785070aff468eb17fa4ad20a7c26a971164e5862cb4c9334314c26e91b7055c594e6ad772c930b36',1,2,NULL,'[]',0,'2018-02-02 22:46:30','2018-02-02 22:46:30','2018-02-12 16:46:30'),('785eee8deefb901c5ed26af41680f0f401721fbb0bd3cef550ae066db0968a196c874e825b363752',1,2,NULL,'[]',0,'2018-02-26 23:38:44','2018-02-26 23:38:44','2018-03-08 17:38:44'),('78b675a97d304655c6b80bedf5612d656ee90c522295d8bae889675f963512f58ecd7edc0c1596a5',1,2,NULL,'[]',0,'2018-02-21 00:38:38','2018-02-21 00:38:38','2018-03-02 18:38:38'),('78e0e89eac8cc4a511bfd38333dd21074fe2c29bbc7bc36013c987c727d394b94639679f075bc776',7,2,NULL,'[]',0,'2018-02-06 17:29:31','2018-02-06 17:29:31','2018-02-16 11:29:31'),('79324b2e3e494b966fadfffff2c262f8f37eb2c4e1858de95ee7eba20edad2cebe95b8223e9e5a48',1,2,NULL,'[]',0,'2018-02-21 23:07:05','2018-02-21 23:07:05','2018-03-03 17:07:05'),('7935ea5bd4a65a540119b3516acb58319e2a9d99ca0c73657c0813b8daa7a7b12786ce746d24b2f0',7,2,NULL,'[]',0,'2018-02-02 04:24:43','2018-02-02 04:24:43','2018-02-11 22:24:43'),('7987ac1384a776980e9454ec52580f0923390d91624d3c6881ebb0feeb0e6753e9c2ac781cbd4f80',7,2,NULL,'[]',0,'2018-05-25 23:34:27','2018-05-25 23:34:27','2018-06-04 18:34:27'),('7998bbabbb2a1a99fb884f48626173cf106343b3587a8b1fefcba5a45da6a34d9dd1bde63204cd19',1,2,NULL,'[]',0,'2018-02-13 21:59:56','2018-02-13 21:59:56','2018-02-23 15:59:56'),('79c5662b9a81950b47a8a157ebe540093bf58b9c54afe16baa8841e9a09ac5871973ee599cb6ac60',1,2,NULL,'[]',0,'2018-01-31 23:19:50','2018-01-31 23:19:50','2018-02-10 17:19:50'),('79c779eec88d4bd5a64b23b59afb5e80a02df608c78804aedb4f24e3b3cf4a648182f8294bde7135',1,2,NULL,'[]',0,'2018-02-19 21:42:08','2018-02-19 21:42:08','2018-03-01 15:42:08'),('7a57be90ad5934a3964bd67acd33a9525d65d48936ac08dad8fdfdadcf5962a9718d41a362c6eabc',1,3,NULL,'[]',0,'2018-05-30 22:12:03','2018-05-30 22:12:03','2018-06-09 17:12:03'),('7a75289a0d91f8bc9ab07f4ebd456afbd9b7103898cdbbb173364bb066f143fc14792c0e4dfaf8ac',1,2,NULL,'[]',0,'2018-02-20 23:06:45','2018-02-20 23:06:45','2018-03-02 17:06:45'),('7a7b6d3965fb9c474c455fc4b4a40ba2a4f04b6ec367c7b2a12f3197173479a27a0973b4d39e0fe4',8,2,NULL,'[]',0,'2018-02-12 23:03:01','2018-02-12 23:03:01','2018-02-22 17:03:01'),('7b72115e7db41ce425faecc885fb27a72c330705fb1d752c974f84964a80c93a172ff85419f78369',7,2,NULL,'[]',0,'2018-02-01 01:14:46','2018-02-01 01:14:46','2018-02-10 19:14:46'),('7b8e973128df69c73d313e7977b262337f1f6ea1a87392ff9435998f4b5e407127a3f08ba67a4c8f',8,2,NULL,'[]',0,'2018-02-19 16:30:36','2018-02-19 16:30:36','2018-03-01 10:30:36'),('7c1737e80f585f688f210eb1659cfada70b65fc4f6a4a5a1f55defdc42e25e8ad34a01e9902d82fe',1,2,NULL,'[]',0,'2018-02-01 19:25:21','2018-02-01 19:25:21','2018-02-11 13:25:21'),('7c1ebd5afec131cf2b93192b5253be78d24dd46fbcb17824bd5b1f2c3caed6ffc329c8f982c5559c',14,2,NULL,'[]',0,'2018-03-05 21:44:29','2018-03-05 21:44:29','2018-03-15 15:44:29'),('7c304a91ad003f74576529ed7e534cea1e37f55e935836e22782a4c8c5356eecce7b2674794bf6d8',7,2,NULL,'[]',0,'2018-02-27 23:44:43','2018-02-27 23:44:43','2018-03-09 17:44:43'),('7c4ed329a38b959d8bc9a65cc5938c2f8c2e03b3ffeb8978a29e76d76adb36c290f5d0239aa99fd8',1,2,NULL,'[]',0,'2018-01-30 23:43:37','2018-01-30 23:43:37','2018-02-09 17:43:37'),('7c90bb9ed6781b03e00107dd3503f16c292004d45423c7bc35a9b71d2d400ee40c21e759bf00f611',1,2,NULL,'[]',0,'2018-02-27 00:32:21','2018-02-27 00:32:21','2018-03-08 18:32:21'),('7ccfb49a95e9b13d2e62420853cfe161449b9f6c0b02c7a18d8f7605f8ff97b1b122d380709f9340',7,2,NULL,'[]',0,'2018-02-01 01:00:36','2018-02-01 01:00:36','2018-02-10 19:00:36'),('7d49d310ea9379a6b322d263385567bb06a233f9fb801f05c38b5dc123c86ee745aea6195d61ed39',1,2,NULL,'[]',0,'2018-02-01 16:28:06','2018-02-01 16:28:06','2018-02-11 10:28:06'),('7d7b6ed57e7844c0063aeaedd8b3ce8ecd9d5e25b1bae6ab81f118b3dbdbb909cf7dd71623c6e188',1,2,NULL,'[]',0,'2018-02-26 23:52:05','2018-02-26 23:52:05','2018-03-08 17:52:05'),('7dcd908df364934422c0edf8dfeebd9839098c4afa5871ff2a16739c8994ca4fb441b8212ba2ebaf',1,2,NULL,'[]',0,'2018-02-06 23:17:11','2018-02-06 23:17:11','2018-02-16 17:17:11'),('7dfb27ca955aca3febc4a6c89693c2e8f4688fd713f3d254fe8265f6bd5e0fcfa71a8523bef3843c',7,2,NULL,'[]',0,'2018-03-20 19:23:40','2018-03-20 19:23:40','2018-03-30 13:23:40'),('7e07e7cb84adc7eea66db4cbc74e6fa59ff122b3d82d45d08641c9cbd2d4fa76b808d8a1049da08e',1,2,NULL,'[]',0,'2018-02-07 00:52:01','2018-02-07 00:52:01','2018-02-16 18:52:01'),('7e414b208b83adc67af03e03f5e61b5fadfac78018064e3ed49e16812ef75f8bc1fbf3ad87a30e55',1,2,NULL,'[]',0,'2018-02-24 01:01:07','2018-02-24 01:01:07','2018-03-05 19:01:07'),('7e7613be1f9ac49ac59c2fc35ec328fc1693e011e85d9fd36a812f6d74be7c06ae5c4e6c332334c7',1,2,NULL,'[]',0,'2018-02-01 22:41:27','2018-02-01 22:41:27','2018-02-11 16:41:27'),('7e90d458541c920db6e3e41aa2dc2482d115b489fe6e579a9b744c3b8c4cdda27ce7105c1f9c22b6',1,2,NULL,'[]',0,'2018-02-01 02:20:07','2018-02-01 02:20:07','2018-02-10 20:20:07'),('7ed326ade43855498d685e5a62205d667984bdf3153754fc82bb897e6a7aa8b9b2f177b63ee44474',1,2,NULL,'[]',0,'2018-02-24 01:02:37','2018-02-24 01:02:37','2018-03-05 19:02:37'),('7f2dcb8a4048fe18eeeeb22409a661d79d07e24886e7d1afaf09ec70daeebfc13ee3d9cd8d30faf0',1,2,NULL,'[]',0,'2018-02-19 22:13:30','2018-02-19 22:13:30','2018-03-01 16:13:30'),('7fdc53b758ce791b6e5c8f171c9d5bd5ab4d6b790aa237d23d2aebac6b1d1f92eeb59c9ccc60add6',1,2,NULL,'[]',0,'2018-05-25 23:41:20','2018-05-25 23:41:20','2018-06-04 18:41:20'),('803d4dc44aa69856aa781cc123958480d1efb0d5d507647154b62c6045c7f42d2e07500e3aba060e',1,2,NULL,'[]',0,'2018-02-20 00:05:55','2018-02-20 00:05:55','2018-03-01 18:05:55'),('804b45683412e9bc38975129bc380e569f432488a6123c277713e5a7e6b861a6ee14a6f43771cd36',1,2,NULL,'[]',0,'2018-02-23 23:02:10','2018-02-23 23:02:10','2018-03-05 17:02:10'),('80a8ba2772f7c117e28237ea4f24a694b20a45ec381818bc0bdfcdabac2764796d65b04a8879aeed',7,2,NULL,'[]',0,'2018-02-01 16:31:13','2018-02-01 16:31:13','2018-02-11 10:31:13'),('80c0304b3ed080e393ad5f47c6c55601400e1d7a71c45fc736efa2133f827e06c5e0fa4388681f69',1,2,NULL,'[]',0,'2018-01-31 00:29:46','2018-01-31 00:29:46','2018-02-09 18:29:46'),('80d365e8b4179277547981b76c5dcf674480a7b34bcab4337bf35a32e3c1e958766cd561e51b39c2',32,2,NULL,'[]',0,'2018-02-19 22:22:59','2018-02-19 22:22:59','2018-03-01 16:22:58'),('8117ee5768771ffcb496721dcbf0d4ea4c63025576b9ddac4380bdfc6141feae8700c8dec84eed72',1,2,NULL,'[]',0,'2018-02-21 22:23:50','2018-02-21 22:23:50','2018-03-03 16:23:50'),('811ba3013e4a541e5b16577f9cd74d5cad6b971e61bce4a7e62233d99e84a32c9d9940b40bd87d3b',1,2,NULL,'[]',0,'2018-02-08 22:06:03','2018-02-08 22:06:03','2018-02-18 16:06:03'),('814dfea6938d533d2ac333ad4ac34bf2b2d810b5fc4b214a97cacfe3cf83ffb49178f4accb758175',1,2,NULL,'[]',0,'2018-03-05 23:18:27','2018-03-05 23:18:27','2018-03-15 17:18:27'),('81a3b495240016069df7eb389dcde79b97bd4d51c37e53e5198aa6d42d090db49981834dce707413',1,4,NULL,'[]',0,'2018-05-30 22:37:59','2018-05-30 22:37:59','2018-06-09 17:37:59'),('81aa7f78078248f0f79ab0e8910e09bc2dd7b9364a431abd97ef9b06ff6d1263ae3fe5f62ebec9d5',14,2,NULL,'[]',0,'2018-02-27 22:40:15','2018-02-27 22:40:15','2018-03-09 16:40:15'),('81acd93080bdd0f81477be5b90d84f557dc24fd921a6fd79fdf1d2be43c452c53c39f012ed56f554',1,2,NULL,'[]',0,'2018-03-05 22:58:25','2018-03-05 22:58:25','2018-03-15 16:58:25'),('81e0d2b8cdc93bd15d5126f2805a83589ce020cef266f4bbdf5bfebdcd7b98a3ee4b8f20489fa653',1,2,NULL,'[]',0,'2018-02-02 18:21:05','2018-02-02 18:21:05','2018-02-12 12:21:05'),('820534a931cea7bd2169894ad789dfd47cb75af1c1d4b3115a4e6ec6c22e5678b5cae5282cbaa921',1,2,NULL,'[]',0,'2018-03-01 00:35:03','2018-03-01 00:35:03','2018-03-10 18:35:03'),('821fbcd591b39425bd3457201db155ab65b01298fb55593cd594316b8c156c05e1a913f7676295c7',1,2,NULL,'[]',0,'2018-02-01 22:52:44','2018-02-01 22:52:44','2018-02-11 16:52:44'),('823715068d174c1ff0c1aabc96c152ced83614511ae3178b39be32a957c722e046cc1e9aba917ad6',9,2,NULL,'[]',0,'2018-02-01 21:46:47','2018-02-01 21:46:47','2018-02-11 15:46:47'),('8296dc745ff67e9d11918d1af7dbbc816943460a64dfe962938f1841f9f92367e8bc357a8eb05393',1,2,NULL,'[]',0,'2018-02-16 00:08:25','2018-02-16 00:08:25','2018-02-25 18:08:25'),('82978b66bba63489015d26133883efab1e73d210a029a462be531d6c2c52ae6cc589fcf69a7fcd25',1,2,NULL,'[]',0,'2018-02-15 00:24:40','2018-02-15 00:24:40','2018-02-24 18:24:40'),('82a491f3aca3753599c74a0b7a81c810a7bbd16faa2acfedce1a1dd273e95eec276a8c2e66838ef8',1,4,NULL,'[]',0,'2018-05-31 21:02:26','2018-05-31 21:02:26','2018-06-10 16:02:26'),('82fed0b0724d61cbb867d3501adf81bce4e4c557d3681ed56916f6b4804c5090918dfcb493acc94d',1,2,NULL,'[]',0,'2018-03-04 17:20:48','2018-03-04 17:20:48','2018-03-14 11:20:48'),('8319b94eb969a346c6aa45a803121d36c37ee2eabf0a4d60beed081dcdc811cd5631db6a85539b2f',1,2,NULL,'[]',0,'2018-02-14 19:30:41','2018-02-14 19:30:41','2018-02-24 13:30:41'),('83418134fc7865d4f8cda5621e212788cc43d492b2f0c5d1e2fc814ea875f12b689b301e1de80055',1,2,NULL,'[]',0,'2018-02-21 22:41:43','2018-02-21 22:41:43','2018-03-03 16:41:43'),('83c0655aa6b40cc19bcd984e01159eca1f25b2e33c4fdabe0ea8ce1424e6fcce19006e5c64b1f589',1,2,NULL,'[]',0,'2018-02-13 23:58:15','2018-02-13 23:58:15','2018-02-23 17:58:15'),('842634a48392f8b9449755cc8cb2d24ef5fd382c74a356f1bdb97650b7dc0e1772a5262f2f63c74c',1,2,NULL,'[]',0,'2018-01-31 23:03:13','2018-01-31 23:03:13','2018-02-10 17:03:13'),('8434b613faae35f4f436d4efc57377bc8adeeb09aeca4fab0670a1610cb5255db0ac3bce092ef290',1,2,NULL,'[]',0,'2018-03-28 18:54:40','2018-03-28 18:54:40','2018-04-07 12:54:40'),('84409fcd4110cad53aab9ad17cb56c4f3a19a4bf9fdeb832efd00ddccd9b097a6ec1fe4e8bca07db',1,2,NULL,'[]',0,'2018-01-30 23:20:29','2018-01-30 23:20:29','2018-02-09 17:20:29'),('84427594448ae9affb21632aefb12cdb70c2700030382744065adb0a142a8ebb24b776eca7f338fc',1,2,NULL,'[]',0,'2018-03-08 05:42:37','2018-03-08 05:42:37','2018-03-17 23:42:37'),('84cc923cd3380a791732033cf11c8178006fc927e7ceb6ae7428726724c3a1ce5fab029d33a6c21d',1,2,NULL,'[]',0,'2018-02-28 23:53:12','2018-02-28 23:53:12','2018-03-10 17:53:12'),('851a16091cf5e3564d56bae1f06fb65820a6a40b1d43ddf9f2c25394be58223c89fdac8e92ad27b9',1,2,NULL,'[]',0,'2018-02-20 17:08:54','2018-02-20 17:08:54','2018-03-02 11:08:54'),('8528763ba34e95543e0229b7a08417f4e9fb62d7b3106cf62f4b2a203931007f4e639e2adcfcbd45',1,4,NULL,'[]',0,'2018-05-31 21:52:49','2018-05-31 21:52:49','2018-06-10 16:52:49'),('855c991c9c6b1549c0c424705c3c6a9855937f44a5c9e3d98be9727f2b3a6fc6c727670ee642debb',7,2,NULL,'[]',0,'2018-02-02 04:48:38','2018-02-02 04:48:38','2018-02-11 22:48:38'),('8573a2a14999899567c3330e7be524128489aaee885641686958a4a97a8c5554d02871ed78baf78f',7,2,NULL,'[]',0,'2018-02-01 01:09:14','2018-02-01 01:09:14','2018-02-10 19:09:14'),('85a2de3643bcad533d8db23588b59e493dcd3d0a8c37d0e0970d549ff2016d95c774220473f4c84b',1,2,NULL,'[]',0,'2018-02-20 00:06:06','2018-02-20 00:06:06','2018-03-01 18:06:06'),('85abfcaa7f05180ff2116e05a73a18c4c2a4aa60d01a0356321d19b8a3691e627b192b86fccbbf13',1,2,NULL,'[]',0,'2018-01-29 19:33:33','2018-01-29 19:33:33','2018-02-08 13:33:33'),('85c74982b4b9255e457d267d0e6b7d36c9f9db9f3f86009f2d183f15d3cc33fef16b7904eae08736',1,2,NULL,'[]',0,'2018-06-01 23:07:10','2018-06-01 23:07:10','2018-06-11 18:07:10'),('864baa4ba47b517e4e2b50daa150a2b2c0da81296a4da273ee4d30e7eb870f85fb5a48cd59babd02',1,2,NULL,'[]',0,'2018-02-13 19:37:14','2018-02-13 19:37:14','2018-02-23 13:37:14'),('8698ea6207a1aa9eb10fa85288a3aceac56f48fd47b3b109e81917bfc2a7b03bcbdecdd11b8e4e14',1,2,NULL,'[]',0,'2018-02-28 23:23:13','2018-02-28 23:23:13','2018-03-10 17:23:13'),('86a65b43eedee753a9d3d7db3af8a33271fe84bec56b8bc413168ff8136121b010b5a4263eaea935',1,2,NULL,'[]',0,'2018-02-21 22:54:11','2018-02-21 22:54:11','2018-03-03 16:54:11'),('86aa7e6c37c202b0e9a25ef68a09b4c15075d22ae754ed94b527746209d0c0189d6b86cc6a874ab5',1,2,NULL,'[]',0,'2018-02-10 00:19:18','2018-02-10 00:19:18','2018-02-19 18:19:18'),('86d47a8ec0ba787665fd4f09829abee064a1a743e5c439fa20d99bcca7e61223d3748e6ce24714eb',7,2,NULL,'[]',0,'2018-04-03 21:45:54','2018-04-03 21:45:54','2018-04-13 16:45:53'),('86e351a62c3131983a5afadfdabc1c22e14501a5de513e3e27327a380dc38384fac306f6874aa13e',7,2,NULL,'[]',0,'2018-03-02 07:18:26','2018-03-02 07:18:26','2018-03-12 01:18:26'),('8704b69c1d1de5bad9138e930fc92143f92e25ba8cea99670dab7f563a4c595c3fd76420ef988dd7',1,2,NULL,'[]',0,'2018-02-01 20:19:36','2018-02-01 20:19:36','2018-02-11 14:19:36'),('873a73ceb60a8f3f4df41f2ebc4267837c2a0a39fe1fe6d5e9a85716b009a0bba4e1824904b64bd4',1,2,NULL,'[]',0,'2018-01-30 00:45:37','2018-01-30 00:45:37','2018-02-08 18:45:37'),('87c2db230e376d4eafd6923d5e8aa633c55249041e0fef4120e2fc329e778745a93f3adb0c6c4b16',8,2,NULL,'[]',0,'2018-02-27 00:37:07','2018-02-27 00:37:07','2018-03-08 18:37:07'),('87da03b4866ec58e4caba6c60d6bc3ca55cac8f049638134d0bb8ca0f5e0f05b48fff0e2f93fa8bf',1,2,NULL,'[]',0,'2018-02-20 23:00:37','2018-02-20 23:00:37','2018-03-02 17:00:37'),('880e4bd4f0b4e95f3266ab5dfa490c864313fc91e947b38a497b4b616b4bb0e89c679ac6844b1491',1,2,NULL,'[]',0,'2018-02-15 01:01:55','2018-02-15 01:01:55','2018-02-24 19:01:55'),('891ab0c375ad9064d4b0f7ecdf6e11c5868b2f661b1be2124f54b4e57d3de78349f233958d991f2b',1,2,NULL,'[]',0,'2018-03-27 23:41:31','2018-03-27 23:41:31','2018-04-06 17:41:31'),('89adb34d87fa804dd7db2a3f151cab2c61ee778136bf08481e075dc5eead7dd86ed1cc5950ebf7f5',1,2,NULL,'[]',0,'2018-02-02 16:27:02','2018-02-02 16:27:02','2018-02-12 10:27:02'),('89ee3fff18f6003f078656acba17fc9971859768453d6d5956df097c3556835dcf88af297c854568',8,2,NULL,'[]',0,'2018-02-27 00:43:51','2018-02-27 00:43:51','2018-03-08 18:43:51'),('89f1c1679fa5d285e400138cbda28bb13d1f8a1fadad938aa2c862ac7a687975679e4a2d2d5dd295',8,2,NULL,'[]',0,'2018-02-26 23:31:36','2018-02-26 23:31:36','2018-03-08 17:31:36'),('8a3d050b0192514860fa32eb95b2b2e910aaa78fd157de7a6caf6d19aabb13f1980f22c2a0923efa',1,2,NULL,'[]',0,'2018-02-13 23:57:09','2018-02-13 23:57:09','2018-02-23 17:57:09'),('8ab13bed4711b89858a8d07a24f803da01c6743f6b822ea0601bf2fe95078169948a8d75b61ae794',1,2,NULL,'[]',0,'2018-02-02 17:19:41','2018-02-02 17:19:41','2018-02-12 11:19:41'),('8b4580745d428481b1a2af2b274e02ba088198edd3aa61cf4ac38d6253c51283d91c95da6b9ba97f',1,2,NULL,'[]',0,'2018-01-30 18:44:37','2018-01-30 18:44:37','2018-02-09 12:44:37'),('8b74ec9f6f9132bdc1bdf0df0773faf737869c55898a13b777b99c69ced15dbc2518899051eb595f',1,2,NULL,'[]',0,'2018-02-12 19:27:31','2018-02-12 19:27:31','2018-02-22 13:27:31'),('8b8df3502c7f9cc053c2c4192a0416669946d63193ff0f9bd1e45702d825203275562afce232d958',1,2,NULL,'[]',0,'2018-02-13 16:02:58','2018-02-13 16:02:58','2018-02-23 10:02:58'),('8bc15fb78d3ddea3a5ac4d1262a6c178e2984618869bfcffe94a13f36080792cb0a8f90baed142be',1,2,NULL,'[]',0,'2018-02-08 21:45:17','2018-02-08 21:45:17','2018-02-18 15:45:17'),('8c164026ca3df560d015acb9168847d59b4450ec796c55b86b117614d740f3276ab19d01a8a792d6',7,2,NULL,'[]',0,'2018-02-08 21:50:09','2018-02-08 21:50:09','2018-02-18 15:50:09'),('8c3335d098eb5b3f851baa05d5886fbdf3ed42879859b1706bfbf130a218a81ec302eeed1d0026dc',1,2,NULL,'[]',0,'2018-02-20 17:08:57','2018-02-20 17:08:57','2018-03-02 11:08:57'),('8c52b79ef293ae127d74d9c699875c3ff974e8c779058c72595370e4554c72658dd7bfdb7edbb6c4',1,2,NULL,'[]',0,'2018-01-31 23:31:17','2018-01-31 23:31:17','2018-02-10 17:31:17'),('8c6afda350ceb15a0ea40f9a152d5b1d6ebb47bdceafe5b2d6c51624f243de5b7fb6eedbfbbd444f',1,2,NULL,'[]',0,'2018-02-22 21:49:47','2018-02-22 21:49:47','2018-03-04 15:49:47'),('8cce252a81963bb69caf19abf97375fff7796ff6b9ff03e91bdb0a813d4feb18e48eb5fe5b41b4ff',1,2,NULL,'[]',0,'2018-02-01 21:44:53','2018-02-01 21:44:53','2018-02-11 15:44:53'),('8d77d8aea685e0a3d58e7caf2e5b1912a2050312fa6ac2f277fbaf5f91b33d7d65d8203b81cdf0a6',14,2,NULL,'[]',0,'2018-02-28 17:07:45','2018-02-28 17:07:45','2018-03-10 11:07:45'),('8d78f252c956f705ed141da73c039c59e76fd5f23cce75d6b053d520a9e2fe30e51e4d49753541d2',1,2,NULL,'[]',0,'2018-02-02 04:48:02','2018-02-02 04:48:02','2018-02-11 22:48:02'),('8dbc7c4a2557e3824009b8133d74863bcacaff81d231d6c09c67688f4c9aa7055586faeb53b67f9e',8,2,NULL,'[]',0,'2018-02-13 16:17:47','2018-02-13 16:17:47','2018-02-23 10:17:47'),('8e48a8b49976ce80fb34466f82e371d46872e6cd6fbf89e8d359296e132ac771cf38be8b296d1d87',1,2,NULL,'[]',0,'2018-02-02 18:56:53','2018-02-02 18:56:53','2018-02-12 12:56:53'),('8ec90eb7a759fe78fa50931072bd7d4447858333d08d913191f23ef1f0832208cdff742aae880413',14,2,NULL,'[]',0,'2018-02-27 23:51:33','2018-02-27 23:51:33','2018-03-09 17:51:33'),('8ecf3b62d4430ddda6aded2242e4f5803816a08ceb73d0eeb9b0910488a179856ca2a77877e9f6c9',1,2,NULL,'[]',0,'2018-01-25 21:44:35','2018-01-25 21:44:35','2018-02-04 15:44:35'),('8ed03fde523219f4b51412023d8448cf01c4d87a13eddbfd52d6364d5bf3bcd1d1fb2b06a700c965',8,2,NULL,'[]',0,'2018-02-21 23:31:16','2018-02-21 23:31:16','2018-03-03 17:31:16'),('8f5cfc7d407bf0c1b461c3b6eeb08ee0ec7b75860132d04676d87433134127ca63718c5d0094239d',1,2,NULL,'[]',0,'2018-02-21 23:19:19','2018-02-21 23:19:19','2018-03-03 17:19:19'),('8f7666fe74be53c3e0c73ad02951e8924af4cbce8690c4da97265322c605b52d8eee1bda94fb53d9',7,2,NULL,'[]',0,'2018-01-31 23:55:19','2018-01-31 23:55:19','2018-02-10 17:55:19'),('8fb85f3b0f20fc1dff76493c9be071efc2e1b6555481e24d99ae252f9943a5bac560680f1b8c9b02',1,2,NULL,'[]',0,'2018-02-27 00:08:52','2018-02-27 00:08:52','2018-03-08 18:08:52'),('8fbe164ec2c4ddc4bd6049199b8b2782a7ba500ca879a8b456620bcbc0dc47ea3e8969bc262bdaf2',1,2,NULL,'[]',0,'2018-02-19 22:57:25','2018-02-19 22:57:25','2018-03-01 16:57:25'),('9035620523d3c8b05dd820edd4a7f067e4e2a7a5433cd9eda2fa764fff83fea15a087f5caec21890',1,2,NULL,'[]',0,'2018-02-26 23:59:11','2018-02-26 23:59:11','2018-03-08 17:59:11'),('9072be80e2629e09fcc94efa65bceb52c7a6cce25fa0b5410698fc32894ab2cb88731824f24cf883',1,2,NULL,'[]',0,'2018-01-31 19:28:26','2018-01-31 19:28:26','2018-02-10 13:28:26'),('90a9094fca56e25538c65be552fa48d255ba43771aeae1281eb83724e5d7d11fd130648b475cf586',1,2,NULL,'[]',0,'2018-01-31 19:05:53','2018-01-31 19:05:53','2018-02-10 13:05:53'),('90c550927c24ea6c91d7337a336b4172571c51962edf8f0925a860a0b0d944d6fb0c935e1d9a9295',1,2,NULL,'[]',0,'2018-02-01 00:48:58','2018-02-01 00:48:58','2018-02-10 18:48:58'),('91262bc119809b3ced6c8ef006cd324d963e838a30f703f42ea608b900733a5bd0279e07b628035a',1,4,NULL,'[]',0,'2018-06-01 23:47:35','2018-06-01 23:47:35','2018-06-11 18:47:35'),('91e381ccaa45692ea7e831f688d4ac94b01f0d4c20cf07117547aba3fdc0a26fd920cb26db9acbc0',1,2,NULL,'[]',0,'2018-02-19 21:33:04','2018-02-19 21:33:04','2018-03-01 15:33:04'),('922f8efee9495b4977a2c1cfd3ab9ae7b13b329af8452fbef2bc603bca8747d1cc9a40ad8184475e',1,2,NULL,'[]',0,'2018-02-17 00:26:24','2018-02-17 00:26:24','2018-02-26 18:26:24'),('923ad67f4e7f9607bf621d5766e5c12d7162b35dd498316d823617e8d44c4f8b717a4f1caa59a493',1,2,NULL,'[]',0,'2018-02-08 21:44:45','2018-02-08 21:44:45','2018-02-18 15:44:45'),('9270d478b66db85b57c09aa0c355ad2c6c1bf79a3b1d0034fa7fa32c2bb243dfa059de91754f7eee',1,2,NULL,'[]',0,'2018-02-07 22:57:10','2018-02-07 22:57:10','2018-02-17 16:57:10'),('928ba19c74656244fdd041cb59837a759bfe99137fd2257682130bb5c7d6341961e4c651f53afdc5',1,2,NULL,'[]',0,'2018-02-09 00:41:00','2018-02-09 00:41:00','2018-02-18 18:41:00'),('92f51342109f962859954dbe7601ab94d265db954cac58bd1187662d143ace786717519aaa3dd131',17,2,NULL,'[]',0,'2018-02-19 23:25:49','2018-02-19 23:25:49','2018-03-01 17:25:49'),('9313f94cde6ddce2ddc5b4b8f45e084484e892dc7f543bb08e89a021965d0514bec058cc5ef9d0e1',7,2,NULL,'[]',0,'2018-02-01 18:43:57','2018-02-01 18:43:57','2018-02-11 12:43:57'),('936e61caf03a55f1b2ce6e92874f49629581fc0e76849cf896acd9236b3eeac942bc1c09e7993f57',1,2,NULL,'[]',0,'2018-02-23 17:45:45','2018-02-23 17:45:45','2018-03-05 11:45:45'),('938559632a3f6be0fb0d93f9b623a813e947a3716f18459577d00ad2bb7d723509657664786617f0',1,2,NULL,'[]',0,'2018-01-30 18:05:53','2018-01-30 18:05:53','2018-02-09 12:05:53'),('93bec513b1d701a4c27476831bb529eb32f6b74d125af4719ce7679e32c1d7c4b1b28de681f0ecf9',1,2,NULL,'[]',0,'2018-02-13 23:29:29','2018-02-13 23:29:29','2018-02-23 17:29:29'),('93d168f6148cdb044f1aa14a9a5bde08c396842b9dd20317d0b62b1ffb0682dbe24923d8e2f38517',1,2,NULL,'[]',0,'2018-02-20 23:05:41','2018-02-20 23:05:41','2018-03-02 17:05:41'),('9427fb2d0ee72b4e01d578cb10779a3485af61796b6cad4a2c1c9f2e63756b08874da2dd4e79e29d',32,2,NULL,'[]',0,'2018-02-19 22:18:37','2018-02-19 22:18:37','2018-03-01 16:18:37'),('94a7ac22159ffc1dbae866a0cae7eea97b07141d62c2dfe0e521571d3a7de21434b01847b050d118',7,2,NULL,'[]',0,'2018-05-24 21:05:59','2018-05-24 21:05:59','2018-06-03 16:05:59'),('94ba26face4432fbfe20baa31001041218996e45cffba25925e8c4322671fbd128e95f38cb52d7fd',1,2,NULL,'[]',0,'2018-02-02 04:03:57','2018-02-02 04:03:57','2018-02-11 22:03:57'),('94c2eb210ec5d5f1bee5eb46d0c7eadeae4f634a59b8ba1e601a55e58b5bff89c6b1d1a76f720adf',1,2,NULL,'[]',0,'2018-02-22 22:06:32','2018-02-22 22:06:32','2018-03-04 16:06:32'),('9518cdb0548da019e19d00d685d5a8b7f3f2c021c07368863003c8be6eed6cc7ada5b3200fd2786c',1,2,NULL,'[]',0,'2018-01-30 22:52:09','2018-01-30 22:52:09','2018-02-09 16:52:09'),('956446d83b86ba2882bf18ecc9b61a359cb7559c13b1c321df98f9054d9ef3684e65a13b4c7d488e',1,2,NULL,'[]',0,'2018-02-01 23:52:57','2018-02-01 23:52:57','2018-02-11 17:52:57'),('956a26fc6438d1eeda9d363ac78cb725a96226cbd047e0b8a0054f011acaaea68cd101a16b608098',1,2,NULL,'[]',0,'2018-04-05 23:40:22','2018-04-05 23:40:22','2018-04-15 18:40:22'),('95a42319f292cedab077e9d3cf11bda6532cdf25d77c92040ba7d99c5b9975f75508d14b0d4c0226',14,2,NULL,'[]',0,'2018-02-27 23:45:28','2018-02-27 23:45:28','2018-03-09 17:45:28'),('95fbd65f09daeca4ed0b2b6a24f14295a122eed31c824b2c16b5d51fdb77be148f8944cb7794c264',1,2,NULL,'[]',0,'2018-02-12 23:45:19','2018-02-12 23:45:19','2018-02-22 17:45:18'),('9615f26ffe28988cf7f27cd22e785f6480c372fa9c78f8d9e2911ffe031e4a0d14d88b45f8a540c1',1,4,NULL,'[]',0,'2018-06-01 20:15:09','2018-06-01 20:15:09','2018-06-11 15:15:09'),('96883ac598093cca8c996186bf953210ac7194a6ccb5d8691ea7e07b8817fd871aa8e24220f5826e',1,2,NULL,'[]',0,'2018-02-27 00:22:30','2018-02-27 00:22:30','2018-03-08 18:22:30'),('972b2d93cb2ee960538a51e24101897d1a22f9a7a41a0122b781d5176baa3561a8435217bee6dc91',1,2,NULL,'[]',0,'2018-02-15 17:03:42','2018-02-15 17:03:42','2018-02-25 11:03:42'),('975f8adc87ed06b9b6034563622801a1c916cc42a34096c1f0d0c993f5cb38f47d643cab39b16e57',1,2,NULL,'[]',0,'2018-02-08 21:47:08','2018-02-08 21:47:08','2018-02-18 15:47:08'),('977b7d4fca9edcf3f0ccecf2fcb2d1e53152cf403360a7157c5e07089ca2f1e3505bd6c3dfff471f',7,2,NULL,'[]',0,'2018-03-05 23:15:07','2018-03-05 23:15:07','2018-03-15 17:15:07'),('97d7e9b7c2c2f1cbbb23c30275837311eb0d390d9b9dce8bc62217ef4ab8b81ad5b72347621d0161',1,4,NULL,'[]',0,'2018-06-01 23:55:03','2018-06-01 23:55:03','2018-06-11 18:55:02'),('9868d92d7ff9d44b934d223090563050f1897285c52cec419fb8829d0553ccd3b491e2ab8a402211',1,2,NULL,'[]',0,'2018-02-17 00:38:09','2018-02-17 00:38:09','2018-02-26 18:38:09'),('9880d45ec1942bd290f2d4b693847fae6391e5f5c9431e8eeb260fac004b5491c7345fc234c7db89',1,2,NULL,'[]',0,'2018-02-13 22:41:31','2018-02-13 22:41:31','2018-02-23 16:41:31'),('9895ce7b903fda1d3f4a09603cb66141b289291eede96f03eb90f20967f30fa9f1d9ba02a842779c',1,2,NULL,'[]',0,'2018-02-07 18:22:55','2018-02-07 18:22:55','2018-02-17 12:22:55'),('9895fbe38c3d040268731fe15006419be7b8f6f63a0eeee5ab6355463567b67a18ce7947a4b975ea',1,4,NULL,'[]',0,'2018-05-31 22:25:03','2018-05-31 22:25:03','2018-06-10 17:25:03'),('998e938b4ad42810f5dadcdcf20048c2115b7147edf2a28d4ad01730e0b232c37a57a6ac9ab7a784',1,4,NULL,'[]',0,'2018-06-02 15:18:03','2018-06-02 15:18:03','2018-06-12 10:18:03'),('99fa0f68e623362ac6306dda93b8304c3bd48aab1e6cd7efc56940758bcaff5673494773724ba76b',1,2,NULL,'[]',0,'2018-02-09 00:39:52','2018-02-09 00:39:52','2018-02-18 18:39:52'),('9a12e53fb3c0f42c69ea52d1ddce31e4b1c0985741ec78c60f13aa964285a396f3a740ddc7446cde',1,2,NULL,'[]',0,'2018-05-15 16:48:14','2018-05-15 16:48:14','2018-05-25 11:48:13'),('9a31fb486941a24f229bb8c44810f8a52af1372f5d94fb8ec18b3bb8c3653b37cb6b8cb751319cc6',1,2,NULL,'[]',0,'2018-06-01 23:09:29','2018-06-01 23:09:29','2018-06-11 18:09:29'),('9a6ca7de652652d25be1435cbab3900adeec4f75406d92ae16a1339b1946e6622ae7e51ac96648a3',7,2,NULL,'[]',0,'2018-05-24 21:32:01','2018-05-24 21:32:01','2018-06-03 16:32:01'),('9a8e3741b762ba7039cf5828021ef06eca1b7fe346f7f9ea64fe1754faf9ee455a6a3a0ff588d6d2',1,2,NULL,'[]',0,'2018-01-31 23:33:46','2018-01-31 23:33:46','2018-02-10 17:33:46'),('9ac11471d224c18f356de669af2de9f43afc5e6d0d866fff5730b09693526a73f5923c47ed2b3a5b',1,2,NULL,'[]',0,'2018-02-20 23:18:33','2018-02-20 23:18:33','2018-03-02 17:18:33'),('9adc16d0f47217340c5720b3f57d9558ad9077da9edb05e327644a72f8bc3fd0d68cca9a7afb1055',8,2,NULL,'[]',0,'2018-02-20 17:29:43','2018-02-20 17:29:43','2018-03-02 11:29:43'),('9b7f73898ff1f9e8eabd695fdf2002c8bf3e86d633867078a266b4e91883d399c2555ac65516bec8',1,2,NULL,'[]',0,'2018-02-19 21:56:30','2018-02-19 21:56:30','2018-03-01 15:56:30'),('9b8aa1aabc37bc66d6f7be734780182c08752834776feab3a033670674aeee0cdc8bd9d5ebc9523a',1,2,NULL,'[]',0,'2018-02-27 00:50:32','2018-02-27 00:50:32','2018-03-08 18:50:32'),('9bc419b4672afa531e02eb0b42333bc4a3dede96c05fcfc78c99990e331947c03cbfe7bc2811aaf8',1,2,NULL,'[]',0,'2018-02-27 00:06:27','2018-02-27 00:06:27','2018-03-08 18:06:27'),('9c03446ca1cef3a7ec01f8fcafda3867eda23120f14f75223fdddd8079a2bb90cf850a2d610f70ac',7,2,NULL,'[]',0,'2018-02-27 21:26:50','2018-02-27 21:26:50','2018-03-09 15:26:50'),('9c481c68b5b29494e29d4784831f63db0ce5a5b1b5a5a59d540d38db146ac2c0790f7ea3c9addf7d',1,2,NULL,'[]',0,'2018-05-25 23:45:55','2018-05-25 23:45:55','2018-06-04 18:45:55'),('9c4f7cbe939d075cc6f85570ae9e5c84e90a7be9e3b5faaf8504e63d4ee6e320166bf6ff0148ff71',1,2,NULL,'[]',0,'2018-02-12 23:16:41','2018-02-12 23:16:41','2018-02-22 17:16:41'),('9c61ed05d608f5b2d1009ab4463ef52a9a5d4df3a8ad6102e4255cd8681fa7900a6a2805f02cbbf5',1,2,NULL,'[]',0,'2018-02-19 21:52:47','2018-02-19 21:52:47','2018-03-01 15:52:47'),('9cbbfacc31a8a20cce70938271ca5e1ec000109d6a2049e81ed8398349bd0dd2c628559b5c67491e',7,2,NULL,'[]',0,'2018-02-01 22:55:26','2018-02-01 22:55:26','2018-02-11 16:55:26'),('9cbc66bc4f690216be73be7a315f2e40804db110e64beb186bac9a5c5f01c484502914fa434d1daf',8,2,NULL,'[]',0,'2018-02-19 15:41:41','2018-02-19 15:41:41','2018-03-01 09:41:41'),('9cbd9ef51bc69a269ddf09d358af452321e58de8ae65abe6fd541cc24089a55c3952dc6b096c5d2e',1,2,NULL,'[]',0,'2018-01-25 21:54:46','2018-01-25 21:54:46','2018-02-04 15:54:46'),('9d38312d44a91af7b3153f809d62f6bb02807950575a3f18f777a375c61443ed6a9026b04aa47ae4',1,2,NULL,'[]',0,'2018-02-26 22:17:03','2018-02-26 22:17:03','2018-03-08 16:17:03'),('9d6bfe4e2e24c515bbcf1a593bff530105000f4a704b6eb0a2dfad30494e8cbdaee6c45c0355b375',1,2,NULL,'[]',0,'2018-02-12 22:48:11','2018-02-12 22:48:11','2018-02-22 16:48:11'),('9da0bf797473d1d0425a2c38ebfdd9a9703bbead6b24ebb7dd2222d398bcfb67337f4750056d2d40',1,2,NULL,'[]',0,'2018-02-12 17:56:41','2018-02-12 17:56:41','2018-02-22 11:56:41'),('9da36714ee2164963ca877814865f512a40852a9625b4c6e48c93a5c44183744742d62ead7fa1cbd',1,2,NULL,'[]',0,'2018-02-19 22:06:21','2018-02-19 22:06:21','2018-03-01 16:06:21'),('9e9a9fecef209c578fbff24cfc3714a9d71b35931b01cf43a1b2add22b71e2745e61ef59b259454f',7,2,NULL,'[]',0,'2018-02-27 22:13:53','2018-02-27 22:13:53','2018-03-09 16:13:53'),('9f5209ba1a216581156e4059b46dd7c57394d3e4152ca7a122b0ab431d295f9424febe2b16ee7319',1,2,NULL,'[]',0,'2018-02-13 00:46:08','2018-02-13 00:46:08','2018-02-22 18:46:08'),('9f606cb675535aeca619dd04be3405dbefa5560f644abe0842c3d25fb728117596be4f1e12a4ea93',7,2,NULL,'[]',0,'2018-02-08 06:07:29','2018-02-08 06:07:29','2018-02-18 00:07:29'),('9f66fc1ade91ef3d1dbcac08f71a2772b6541daeb32aa24aaf07fbf1b965d381500043b32a19eb5c',1,2,NULL,'[]',0,'2018-02-27 21:31:43','2018-02-27 21:31:43','2018-03-09 15:31:43'),('9f802268f5172be354bb9cbd7c7d32ef0e0b91aae5c4735359b29614665bb842f9efad6db94d8e66',1,2,NULL,'[]',0,'2018-02-21 00:18:08','2018-02-21 00:18:08','2018-03-02 18:18:08'),('9fa0dc27f717cffcbc1dddc174d9d5ba43e474f17c6ba40c329d5c462a74843793c1d15c49ad9ce0',1,2,NULL,'[]',0,'2018-02-22 23:24:03','2018-02-22 23:24:03','2018-03-04 17:24:03'),('9fcf42fc3d8f7486524b4efbaf6a4c9324e66ffff21926768845774227e67bdeb65a642a31950899',14,2,NULL,'[]',0,'2018-02-28 21:31:54','2018-02-28 21:31:54','2018-03-10 15:31:54'),('9fd159b6c55e3d265fe734f2e48abfadd164fe5a3410292b3591bd4c1f4299d0d00a2bd1230d2e96',1,2,NULL,'[]',0,'2018-02-08 00:09:58','2018-02-08 00:09:58','2018-02-17 18:09:58'),('9ff55d7acdacc75ada4a4f49ac326d0b5e6a2a1ac7f0f12d5d3c80caa2f54791b8a2f6b8e5fba4b4',1,2,NULL,'[]',0,'2018-05-28 21:21:27','2018-05-28 21:21:27','2018-06-07 16:21:26'),('a03cf48c7a67701c719eb5ba7bb1f94779fdcafb35c3fab8e5ba5a01acc5e44bf307945a0a22a913',7,2,NULL,'[]',0,'2018-02-02 00:01:30','2018-02-02 00:01:30','2018-02-11 18:01:30'),('a0d1d8b9a5d255393ef26f9fc11dd71fd821f62453e47590865f7670da869ca358b92dd25cfd556d',1,2,NULL,'[]',0,'2018-02-16 00:01:51','2018-02-16 00:01:51','2018-02-25 18:01:51'),('a0f2670d5e5349c2a7ef5d3d22c75ee8090c60cc7addaadbdd4c0647d57fca3d7a1c27ae96cea4f3',7,2,NULL,'[]',0,'2018-03-05 20:59:02','2018-03-05 20:59:02','2018-03-15 14:59:02'),('a1650a0b5a0e6eb0c0ca18381d5e257f508dd1a7d55a45246db804c478d5422850ae0ec8d8785416',1,2,NULL,'[]',0,'2018-02-01 02:21:55','2018-02-01 02:21:55','2018-02-10 20:21:55'),('a20f421612128ba08174fb05a6477f88c149d2866f8da9861a84c42e6729265465ce0a9dbaaedd82',1,2,NULL,'[]',0,'2018-02-13 22:43:41','2018-02-13 22:43:41','2018-02-23 16:43:41'),('a27ef08266cb88846e22922d862f04cf5699d07c4f83fdc11f4e44f8a4e05e38f95f8dd0fa40a5c8',1,2,NULL,'[]',0,'2018-02-24 00:05:07','2018-02-24 00:05:07','2018-03-05 18:05:07'),('a2965e2ef4819ea85d0d06aba4cf2e71b7878527c01882c9be242acb04fb0c8f4f202b5ccf28f9ad',1,2,NULL,'[]',0,'2018-02-01 23:38:21','2018-02-01 23:38:21','2018-02-11 17:38:21'),('a2cb49d95bf5c1ea6cce1f45fdecb41d65b79f882ce539c707c1d8efb1728dcc0d22eec550418114',1,2,NULL,'[]',0,'2018-02-15 01:07:56','2018-02-15 01:07:56','2018-02-24 19:07:56'),('a381faf0e942e937d9b3bb3a41393e583f9186510b8869ae32fe28335842717c2ac427d91aa2a72b',7,2,NULL,'[]',0,'2018-04-06 22:04:02','2018-04-06 22:04:02','2018-04-16 17:04:01'),('a383b12791e2329d8b7734aa578b69f30aa622b65065f9bc6aa2088b5cb6b2c6d522bcaf47b5e723',1,2,NULL,'[]',0,'2018-02-23 17:40:15','2018-02-23 17:40:15','2018-03-05 11:40:15'),('a411fc47d2ae0f8428d240aa373acb9571fff809643d7b6be675042a0d22a5d11871c02132c879aa',8,2,NULL,'[]',0,'2018-02-12 19:38:35','2018-02-12 19:38:35','2018-02-22 13:38:35'),('a440fe1d0956d3fbe913734f6b9b06b845ea4972b6c8e0bf530e9f80b50ca5a7eee70f7fef2716e3',1,2,NULL,'[]',0,'2018-02-27 20:24:08','2018-02-27 20:24:08','2018-03-09 14:24:08'),('a44f28d435cd677ac13ecb33b9231a0f3de6471fe127b9d3d9f12df2648dad0fae1cd3ae04697966',1,2,NULL,'[]',0,'2018-02-21 00:42:17','2018-02-21 00:42:17','2018-03-02 18:42:17'),('a47089ac4ba8ca0c3309fed5fc540536b30bbec9d994b05379a79e08a1df0cda1a19eb334962c580',8,2,NULL,'[]',0,'2018-02-20 17:10:13','2018-02-20 17:10:13','2018-03-02 11:10:13'),('a4b9a4ca9a65b6adc7af7f9987fd564feb71e22dd1590505b1a46cb194f03b232511a1c1531c3c5f',1,2,NULL,'[]',0,'2018-01-30 18:37:55','2018-01-30 18:37:55','2018-02-09 12:37:55'),('a559b1af7b27eb8ce04541ab03486a30feb53d45098c5f6139e2a4cd90adff670aaff731c75f4ed4',1,2,NULL,'[]',0,'2018-03-01 00:06:21','2018-03-01 00:06:21','2018-03-10 18:06:21'),('a5bbd102f1d133a02ba2059499aed2955ab5cd9863672719aa8f4338fae2d1853667331ed99088ec',1,4,NULL,'[]',0,'2018-05-30 22:32:32','2018-05-30 22:32:32','2018-06-09 17:32:32'),('a5bd44c371d7b61b271b61d163b481f15dbb6fd76b91dfc53a9ac2aac7b9872d365d2feeb5d62e35',1,2,NULL,'[]',0,'2018-02-13 19:40:17','2018-02-13 19:40:17','2018-02-23 13:40:17'),('a5ee7badb668ab4a31af6b244a425a131f7b8ef314e9cd2ffd547e4afaa0403367377229d50341ba',1,4,NULL,'[]',0,'2018-06-01 23:48:54','2018-06-01 23:48:54','2018-06-11 18:48:54'),('a61e7e26ea1589dcf997b673b8ed21ddd25ec3414c546a13b264aadc4f84e0ab3382e1e626705729',1,2,NULL,'[]',0,'2018-01-31 00:33:00','2018-01-31 00:33:00','2018-02-09 18:33:00'),('a7361321e727e3acacd8e0c29eeaa625ebf0f66d3937265b2dd71c58dcf0d1976e67f518e3f74d90',1,2,NULL,'[]',0,'2018-01-31 23:50:44','2018-01-31 23:50:44','2018-02-10 17:50:44'),('a762fd284fe6f105b2a65aa60b50bdf9d3f986821cd4cfdb72c5b56614c20ccb8f4bc8d921204fe0',1,2,NULL,'[]',0,'2018-05-30 16:41:28','2018-05-30 16:41:28','2018-06-09 11:41:26'),('a805323736649436018a66d1f2ed7f698f151adc11ffd42beceb6ebbfed7af9139815a513a85a1f5',1,2,NULL,'[]',0,'2018-02-13 23:34:33','2018-02-13 23:34:33','2018-02-23 17:34:33'),('a814d7db417cd477f8ac8dc34b32b607b0f8550c10a0a8198555a6b60917dad4f5e4ec8ee5b25c34',1,2,NULL,'[]',0,'2018-02-03 04:29:54','2018-02-03 04:29:54','2018-02-12 22:29:54'),('a8a6bbf68b412d489441a92ed20aacd3d21caeabee96dc48da26b6b39f9d96dba92b8d6d5e686a55',1,2,NULL,'[]',0,'2018-02-07 00:55:33','2018-02-07 00:55:33','2018-02-16 18:55:33'),('a8b9be5fbbece9694da69e347bb0e31316dababf65d5cfb70f23da7104b6d8dc99533de9c666750f',1,2,NULL,'[]',0,'2018-02-06 22:30:13','2018-02-06 22:30:13','2018-02-16 16:30:13'),('a8ee1eee7f325c3eafecec1cb6d5f96e1e8ef46605928af552ddea1c3e407ae485d8c7a1514578a5',8,2,NULL,'[]',0,'2018-02-26 23:32:00','2018-02-26 23:32:00','2018-03-08 17:32:00'),('a8f23332571782459f70c520213e3b4cf4486d885fa760fe6b8134a24d2055b41242ea92613c66af',7,2,NULL,'[]',0,'2018-02-01 19:07:24','2018-02-01 19:07:24','2018-02-11 13:07:24'),('a907fe087ef71bd92bc7359f41dcf0b0495be39122ddcbc1eff4dba4a9265558e6155be24c03bca7',1,2,NULL,'[]',0,'2018-01-31 23:29:22','2018-01-31 23:29:22','2018-02-10 17:29:22'),('a913cb62760bd3d1dc9f02fdfbe9defeae9fbe29cbf1227f2fa724697abb7ac0a690523f8316ac10',1,2,NULL,'[]',0,'2018-02-09 22:59:34','2018-02-09 22:59:34','2018-02-19 16:59:34'),('a9306daa55e40fdd2bcf5d9ae8edec07f2ca3a0ec729bbb48017a8addca65c46d16d5836fcd85ea8',1,2,NULL,'[]',0,'2018-02-08 22:16:38','2018-02-08 22:16:38','2018-02-18 16:16:38'),('a939e6cbd9c96f9d7678a0e61d744d30125caa4e70b42806ca30be66466722c973fa1748f5422591',1,2,NULL,'[]',0,'2018-05-30 16:47:17','2018-05-30 16:47:17','2018-06-09 11:47:17'),('a9e72cae074433adf884d78470c5e76212f3aa75ec4e03f6a5970b539a63a76492c8f9c550ec2153',1,2,NULL,'[]',0,'2018-01-31 23:30:42','2018-01-31 23:30:42','2018-02-10 17:30:42'),('aa2ed063a0eae26700bfe705de22a5be6b2a1ea0814962e179f12484da5c817ae4769319309e91cc',7,2,NULL,'[]',0,'2018-02-07 00:06:11','2018-02-07 00:06:11','2018-02-16 18:06:11'),('aa8975f09af7d15a44a99399eb829b152c2880ed043d12662fc6f0b9db6aa179f976ac637d1db332',1,2,NULL,'[]',0,'2018-02-09 00:41:03','2018-02-09 00:41:03','2018-02-18 18:41:03'),('aaa0f1775f9214523e1c970dc5fe943469450574e6112f2f80a7d008e36172c1f3d17372e1779ff2',1,2,NULL,'[]',0,'2018-02-02 15:24:42','2018-02-02 15:24:42','2018-02-12 09:24:42'),('ab1be69a4666817f10676a0132759200c7e3bb8ed65ce14ca45316343ad4d8af91bd7d6b8cc9ea79',1,2,NULL,'[]',0,'2018-01-31 23:56:51','2018-01-31 23:56:51','2018-02-10 17:56:51'),('ab6c178e4a23af83ed201f2232470622e8a585b5dbbc45c99a45d6e2bd091dc6470d4b2d1b32a27f',1,2,NULL,'[]',0,'2018-02-23 16:31:47','2018-02-23 16:31:47','2018-03-05 10:31:47'),('ab72fe6c23554079063dbaa6b735d8d0bb2bac279756299c57116736edf9ca51fc992ab9bb316e46',1,2,NULL,'[]',0,'2018-02-23 22:27:56','2018-02-23 22:27:56','2018-03-05 16:27:56'),('ab8225d7ceef5987168b048089bb031a87ea32c6942f87eeb76ae94de905eff10e47a9f34b4a9625',8,2,NULL,'[]',0,'2018-02-13 00:42:00','2018-02-13 00:42:00','2018-02-22 18:42:00'),('abafa7bf267d1673a7f42c749f40b520e59c47baa494424aa5a1be44dc333b5dffcf62d69ed0ce6d',1,4,NULL,'[]',0,'2018-05-31 21:00:44','2018-05-31 21:00:44','2018-06-10 16:00:44'),('abc46364a70eb65ef00b235042c4138fbfcf718f61550afc3541281da7b008b5fd79d10b3720db78',1,4,NULL,'[]',0,'2018-05-30 23:30:53','2018-05-30 23:30:53','2018-06-09 18:30:53'),('abee795d01f4dfb87d9eee8d14657db033dfce96bbf22e682ac0c5c16d53527aa6be14b343cfbec6',1,2,NULL,'[]',0,'2018-02-20 22:24:17','2018-02-20 22:24:17','2018-03-02 16:24:17'),('ac6bcd745a17ec859f5898e16805560fcfb4aa088d4fdf4f848acda95406571a822c0f372026a413',1,4,NULL,'[]',0,'2018-05-30 23:44:08','2018-05-30 23:44:08','2018-06-09 18:44:08'),('acca7ce3584e9f824f016a13daa9edb19efc89e1282c120e6d26ff808bb3b561197e5667ff359468',1,2,NULL,'[]',0,'2018-02-12 15:48:44','2018-02-12 15:48:44','2018-02-22 09:48:44'),('ad0452b6a233589b2e95213adaed9556f6b3a3545ec903229a65387f84a2c4c69681355432c157d5',1,2,NULL,'[]',0,'2018-02-06 22:47:39','2018-02-06 22:47:39','2018-02-16 16:47:39'),('ad1a0e42b1f8c042d99d52065e02ce8e90dc63d632b02786492b2cd1261b1ad6171fbe6e455c3eb9',1,2,NULL,'[]',0,'2018-02-01 22:28:19','2018-02-01 22:28:19','2018-02-11 16:28:19'),('ad6ec9d8e75fdb3dc3bdf3599e697536f1960cb5b50399b264d9dbb5a50c7c34eedce72c0401d9d5',7,2,NULL,'[]',0,'2018-03-27 18:43:07','2018-03-27 18:43:07','2018-04-06 12:43:07'),('ad82c0bb423e5d01e64cea45c813f2b3b43fb8a4806edb90190d2525fe3e439de19e127ef38f36bb',1,2,NULL,'[]',0,'2018-01-31 23:57:16','2018-01-31 23:57:16','2018-02-10 17:57:16'),('ad864b823cc3faac851a8a22ffed312762a0956cc0ed52fe2841ec193398e61eabd6fb04057e3d24',1,2,NULL,'[]',0,'2018-02-22 00:20:50','2018-02-22 00:20:50','2018-03-03 18:20:50'),('ada3330db5440f2e93ff0f0debc249ba9564b29c221ebc85c3c2aa0536eaf21a051c7ebc27b65193',1,2,NULL,'[]',0,'2018-01-31 23:31:23','2018-01-31 23:31:23','2018-02-10 17:31:23'),('ae07b8ee08c1bd28214a978fd403102e8da8d1de90e44e632de3dadc4bf7754597cbf23655f46e65',7,2,NULL,'[]',0,'2018-02-01 18:42:48','2018-02-01 18:42:48','2018-02-11 12:42:48'),('ae665ad467077cdcd2198af3ea9293779a8e3d5a606faf4470cd6818d3c0b8a3ec741c7b23016ca0',1,2,NULL,'[]',0,'2018-02-06 22:05:35','2018-02-06 22:05:35','2018-02-16 16:05:35'),('ae9936b5ad0f839c7e67cc0435b1416e813ebc75d8e4089352916444e1e198284231ee8e9a186952',1,2,NULL,'[]',0,'2018-02-17 20:17:27','2018-02-17 20:17:27','2018-02-27 14:17:27'),('af3f552f583275adda337c14a175345ce4e28d832da375cb86fc5fd64c2b44cc1e7003270ddb6935',14,2,NULL,'[]',0,'2018-02-28 03:53:22','2018-02-28 03:53:22','2018-03-09 21:53:22'),('af4daa44a4f48770d48886b3382c3036b03e0384d98397fe7368527401e91f6692bf3c67c8bcd80e',7,2,NULL,'[]',0,'2018-02-01 01:08:08','2018-02-01 01:08:08','2018-02-10 19:08:08'),('b033c72329868849cc0d5a7c09b8f1dc47632f914186cc29e9bf2a3a815120f0bbb5f78d5135aa12',1,2,NULL,'[]',0,'2018-02-27 20:34:31','2018-02-27 20:34:31','2018-03-09 14:34:31'),('b06e64ed693582b3e18adc3c7e527347f341739fad627017d8edf704d176e003f014abd4521a9c6f',1,2,NULL,'[]',0,'2018-02-13 22:43:55','2018-02-13 22:43:55','2018-02-23 16:43:55'),('b0c74492ef5d3656e2abed70f9fb0c95ef8770bcc9edc520f522423f5866924b11c75417d630c6a7',1,2,NULL,'[]',0,'2018-02-02 23:39:14','2018-02-02 23:39:14','2018-02-12 17:39:14'),('b0c980a058ffe8021e0bb698df39f4abdefc6bd0d3dff844894357c997d37a5c86e7031e22deffce',1,2,NULL,'[]',0,'2018-02-09 23:02:42','2018-02-09 23:02:42','2018-02-19 17:02:42'),('b0f6cdc391f20a6d6201cea151498bbe44945498095823824166dac3663d1e8def13a05fbde48002',1,2,NULL,'[]',0,'2018-02-20 17:07:47','2018-02-20 17:07:47','2018-03-02 11:07:47'),('b13a47658ccb695ba825458dcaa4eb48e4e585138b9a28527382377cd96193efbd95ef5f013ad53c',14,2,NULL,'[]',0,'2018-02-28 03:55:38','2018-02-28 03:55:38','2018-03-09 21:55:38'),('b13bf958f8715ed01b325ace2816a7dc32128217fa17d69ee8756f19b19046d601152e78e945ec08',1,2,NULL,'[]',0,'2018-02-12 22:12:31','2018-02-12 22:12:31','2018-02-22 16:12:31'),('b147dab043578a602a294234e6f63897e127de1d6ac256862085ab64bad40fb908cb5500fa0da954',7,2,NULL,'[]',0,'2018-02-01 23:25:27','2018-02-01 23:25:27','2018-02-11 17:25:27'),('b1a6bf03af9954b9e0bc29941498f0c6017429c60958172737f64f7d527543f2f7aa841f9ae62398',1,2,NULL,'[]',0,'2018-03-03 00:39:35','2018-03-03 00:39:35','2018-03-12 18:39:35'),('b2106a57b7265f5fbfdefc63812cde6c54fed14152507d7d7d3ddae3ad4de4884b4f6447d47b6851',1,2,NULL,'[]',0,'2018-01-25 23:30:25','2018-01-25 23:30:25','2018-02-04 17:30:25'),('b237e67573ddc90f8180c73ff2ea022395798704c70ade15a254efa282a7aab520d991188860dfc5',7,2,NULL,'[]',0,'2018-02-01 23:00:11','2018-02-01 23:00:11','2018-02-11 17:00:11'),('b2746f3b57e9a0c0a9b55051ab26e59a8a30d08d626422384392b0b2d81b01f04e7d8850a959679f',1,2,NULL,'[]',0,'2018-02-15 23:46:07','2018-02-15 23:46:07','2018-02-25 17:46:07'),('b279cb577a57b94c35cc7a172acd931277befddda074e06c41f5f6d1c547523d98c502eec6d9bfb7',8,2,NULL,'[]',0,'2018-02-27 19:02:19','2018-02-27 19:02:19','2018-03-09 13:02:19'),('b27df4c338eef18c1e43e2426cc15fd54b0fbe78fbcc15d18e98c2acd700fcc5a0d45309a010fcb7',8,2,NULL,'[]',0,'2018-02-27 21:29:31','2018-02-27 21:29:31','2018-03-09 15:29:31'),('b2b2ac2650a4e6eb80cc2305ae215a1af4d9f5f11ec115adad3d12c9599f8abbd3526062182dc65a',1,2,NULL,'[]',0,'2018-01-31 19:10:41','2018-01-31 19:10:41','2018-02-10 13:10:41'),('b2f586eb548d625d08911688d1cca10859b9e1bb1825b032df045d34594f6703728690b253164592',1,2,NULL,'[]',0,'2018-01-31 19:17:21','2018-01-31 19:17:21','2018-02-10 13:17:21'),('b31f4d46a48216139ddb00dd7e10c6c408e88cf3619a192ffd65e30f1a0aa65e3e2b320de7beb1b8',1,2,NULL,'[]',0,'2018-01-31 22:59:24','2018-01-31 22:59:24','2018-02-10 16:59:24'),('b369df29a53ec9e59324cbafdc691f79529740fa302d9aabf45d5bb73e1d04ed8f2dc3ee5d86bd8d',7,2,NULL,'[]',0,'2018-03-24 00:20:25','2018-03-24 00:20:25','2018-04-02 18:20:25'),('b3b988494ad2d5fb28ec3ef566e56897fca0af11eb74da092848c2d70ecdd2965b8da91888c5027e',7,2,NULL,'[]',0,'2018-02-02 04:08:21','2018-02-02 04:08:21','2018-02-11 22:08:21'),('b3f5d8090c16cc831eb020aaebb2de1dfe378209634c46fa45fc340ccff317d03b1fce5944a4ebb0',1,2,NULL,'[]',0,'2018-02-21 23:20:56','2018-02-21 23:20:56','2018-03-03 17:20:56'),('b3fc1e14f397855e9805a07f776472313672495bccb07c652b4cfc0145cd79e62eabb65c9e24b1e6',1,2,NULL,'[]',0,'2018-02-22 00:28:30','2018-02-22 00:28:30','2018-03-03 18:28:30'),('b41408340b5aa3eb409ff1c2394ca8189aa6f2b76a70991ad18556c1e8be00a39bf480fd6283a63c',1,2,NULL,'[]',0,'2018-02-01 00:19:40','2018-02-01 00:19:40','2018-02-10 18:19:40'),('b4d1b924088c5ffb5348d56efbf63d3bbf2ea4ac662c3a9302688d404730f20528f746e1cb76f911',7,2,NULL,'[]',0,'2018-05-23 18:52:31','2018-05-23 18:52:31','2018-06-02 13:52:31'),('b52ff07155c918ae221568e94d450d26e7c1e8fb6f99bab7a8e205472c0606b407823aae8b5118e8',7,2,NULL,'[]',0,'2018-03-23 00:57:35','2018-03-23 00:57:35','2018-04-01 18:57:35'),('b5785d1becfdd3f8427ef0ebba90b5e63e1a6e44273c2e793aa48e9107c560734ede14e31c637e8e',1,2,NULL,'[]',0,'2018-02-06 23:16:05','2018-02-06 23:16:05','2018-02-16 17:16:05'),('b59d0ec7b411335569cddebd04a86f4d7970cc451d095a1427301c5fc96495c5ac6d08a26fde14ab',14,2,NULL,'[]',0,'2018-02-27 22:21:10','2018-02-27 22:21:10','2018-03-09 16:21:10'),('b5cae3fc77836ec75e14d86e357c12e37c2a7f1cf6b7fd1342a515e1757ee0e4fe2b83515cd52a1f',1,2,NULL,'[]',0,'2018-01-31 19:31:30','2018-01-31 19:31:30','2018-02-10 13:31:30'),('b62940ac0348cfa1e674440db634cad61d6206080f0ba564724e3b78ad50e4308c63a834f89c9a30',1,2,NULL,'[]',0,'2018-02-24 00:43:19','2018-02-24 00:43:19','2018-03-05 18:43:19'),('b6348ee21fe066f1678bdd861e05c70ad2c61ebe453ceeef3d1f91cdd48bf43481cb0c46a25be98e',1,2,NULL,'[]',0,'2018-02-22 19:58:40','2018-02-22 19:58:40','2018-03-04 13:58:40'),('b67f61e305e4c660a76ab4b5b7bdbe523d193c4609bc09feeafe5ff96060ef72d64c32d1e92169d5',14,2,NULL,'[]',0,'2018-02-27 21:51:46','2018-02-27 21:51:46','2018-03-09 15:51:46'),('b6b75875f4ffb5ebdafd2842abdb70921d9f94356069d41499e6c5bc9b05c5d895fb77c41beb08b2',1,2,NULL,'[]',0,'2018-05-23 17:03:37','2018-05-23 17:03:37','2018-06-02 12:03:37'),('b6e7938cbeec0a17f319d5c0190b0271d494247fe0ca997de145fab9f562e47dea6c9441073ee311',7,2,NULL,'[]',0,'2018-03-01 21:06:09','2018-03-01 21:06:09','2018-03-11 15:06:09'),('b71515a4084bee90796782aaf7bf5f16eb434ab72c0022a07ce340e23a7b9968b4670e3b46ec7558',1,2,NULL,'[]',0,'2018-02-07 00:06:43','2018-02-07 00:06:43','2018-02-16 18:06:43'),('b75f166dd7ef2ffa7552e0c63009a4c6798cd26d28d58afad253a1fa501b9cec674a4b667e3d971a',1,2,NULL,'[]',0,'2018-02-20 22:03:09','2018-02-20 22:03:09','2018-03-02 16:03:09'),('b8374e2e7d844651be3b1e46220092163abb7fdda00da58445f34b5b7b0d8eaf2aa251393b79c144',7,2,NULL,'[]',0,'2018-02-01 00:44:23','2018-02-01 00:44:23','2018-02-10 18:44:23'),('b84f81de4899a4eac57062aec0bfbbcbed59e316f5dd74bc05c3bba3f5b4145f1ff61f8a5966f74e',7,2,NULL,'[]',0,'2018-02-09 23:47:15','2018-02-09 23:47:15','2018-02-19 17:47:15'),('b855b9de0aff6f669a2c8e0a76140222ef3b6aeb94dfe1015daf952bc58d2e4fbbf093844dc636f7',1,2,NULL,'[]',0,'2018-01-31 19:27:11','2018-01-31 19:27:11','2018-02-10 13:27:11'),('b85e271596235e69daebeb92f1fc7874578011fb07a5c787f6e429b4bfd592d2a8f6377f681b00b0',1,2,NULL,'[]',0,'2018-05-24 20:26:01','2018-05-24 20:26:01','2018-06-03 15:26:00'),('b8d27745149fdbcb17aeef3860aefa883da069756a84773395bcd10c05c671d5a873c37e2a5c1be4',1,2,NULL,'[]',0,'2018-02-12 23:36:59','2018-02-12 23:36:59','2018-02-22 17:36:59'),('b8d58c3c78a8ae24e61dcfa7478fe53f7ec0de6b7bea65b9355c367e0e6b4ccc3161f2a35c7e2438',1,2,NULL,'[]',0,'2018-02-15 21:36:27','2018-02-15 21:36:27','2018-02-25 15:36:27'),('b8e5a92c56ee77ef5bdf60d187896d0b26cf1b2be5b8490e742292d0d705dcbe7c0a687fa5faba79',1,2,NULL,'[]',0,'2018-03-28 18:55:43','2018-03-28 18:55:43','2018-04-07 12:55:43'),('b93e61d1a4f6b19122639df6438c58f528385222412bbc1788c634750aea2027b8ae0610b2aba4bc',1,2,NULL,'[]',0,'2018-02-02 16:58:34','2018-02-02 16:58:34','2018-02-12 10:58:34'),('b95e5134367457dc95fcd82fb1959f25ccd920454fb20943e2b6a8f94f5d3f02c40c3a1016df8cca',8,2,NULL,'[]',0,'2018-02-27 00:31:28','2018-02-27 00:31:28','2018-03-08 18:31:28'),('b964ca215038c34eff933bf41e72055fe9e2b1f885cb5f6e8c4dc0fe840acbaf36a8acef14484e35',1,2,NULL,'[]',0,'2018-02-15 22:45:03','2018-02-15 22:45:03','2018-02-25 16:45:03'),('b9994dd6176b09eb823e6d8bab47a54f91375e94ddf61d6f52790706bd60a3d9d63be6ecd958f6fd',1,2,NULL,'[]',0,'2018-02-17 00:33:03','2018-02-17 00:33:03','2018-02-26 18:33:03'),('b9f1f5b9d41bfd99b058e3080887eddc4c530b66d48c0393f654364c8370ee04e80aca21fddfac33',7,2,NULL,'[]',0,'2018-02-12 19:36:53','2018-02-12 19:36:53','2018-02-22 13:36:53'),('ba6510495cc9bce06a7dca548f656de7e80aed5c8ce7c9e3d1b3c8c96ee7e6d6828cbffbd7bbe01b',1,2,NULL,'[]',0,'2018-02-12 22:22:32','2018-02-12 22:22:32','2018-02-22 16:22:32'),('ba70594213484855459dc04fbf1f27b3fd79bdba606a92dcfa2c63c11110142a982632ac5568f3d8',1,2,NULL,'[]',0,'2018-02-22 22:39:29','2018-02-22 22:39:29','2018-03-04 16:39:29'),('baa806b29a25ec59b5a4be0735bcf3a42d02ff8c69616f85bc779c82179ffb701bba5dd96cb3ab20',1,2,NULL,'[]',0,'2018-02-02 16:46:38','2018-02-02 16:46:38','2018-02-12 10:46:38'),('baf8786868540318addd7f4879d5fa28a600e3f71382ece3e888e08a69f97e7652f628c2d6d0163b',1,2,NULL,'[]',0,'2018-06-01 23:22:38','2018-06-01 23:22:38','2018-06-11 18:22:38'),('bb7f50ae9acdd5ca2698d644cbfbf5240bcf9d66e72f8437bd2f9a78c26887f81f0a4ffdf01a4e87',1,2,NULL,'[]',0,'2018-02-02 04:04:31','2018-02-02 04:04:31','2018-02-11 22:04:31'),('bb8f320f5a19584aaabc977454bcfcab75a00f6853bb37d3f8b0a6b0d4d524e6e0a8a45d85d3afe6',1,2,NULL,'[]',0,'2018-02-19 21:56:26','2018-02-19 21:56:26','2018-03-01 15:56:26'),('bbae8a05e73992c65377262ab79d461bcdb804878142cfe2774be4976d3df1b5c1dacf1e7314f2c7',1,2,NULL,'[]',0,'2018-02-19 23:52:16','2018-02-19 23:52:16','2018-03-01 17:52:16'),('bc17fb034ba0d8b9a85023b903feef456a6ec8f2bb246a603ebf1266fec1a8f25ed90dc8b4ae1541',1,2,NULL,'[]',0,'2018-02-20 00:11:27','2018-02-20 00:11:27','2018-03-01 18:11:27'),('bc7b5123fff1b1d28252c8f643569c68d6b630655de23d13df70fa9e57b91901836f546121480e9e',1,2,NULL,'[]',0,'2018-01-31 00:05:55','2018-01-31 00:05:55','2018-02-09 18:05:55'),('bca299ce66802f94c6175acc022d9fcc906f8d9c55717733e7ffcf909dcd948308eb1c7772ac90b6',1,2,NULL,'[]',0,'2018-02-01 04:34:11','2018-02-01 04:34:11','2018-02-10 22:34:11'),('bcc0ba54a6d22cf6a84c1b0b7ce146cbb7d3150ef720de337fdda0fa9210e4207c3f880f478f9ce4',1,2,NULL,'[]',0,'2018-02-21 23:45:45','2018-02-21 23:45:45','2018-03-03 17:45:45'),('bccbea068f25b3e95a18de2edac0fc0ef039c05de9b9e4e870c3ff17d97d23c60bae77cb9ed42185',1,2,NULL,'[]',0,'2018-01-31 23:35:15','2018-01-31 23:35:15','2018-02-10 17:35:15'),('bcf4700b9b5ba66f4116fa12c60837c1b2eafeb85d634b52d581028b4bf0ff5b631d493f4429e785',1,2,NULL,'[]',0,'2018-03-05 23:05:47','2018-03-05 23:05:47','2018-03-15 17:05:47'),('bd1685857998059cb93c279d9436ddd8b5f9cb760c0483e7a0f92a1ad742ac1bad4853ce8f6ac9aa',1,2,NULL,'[]',0,'2018-02-12 23:30:24','2018-02-12 23:30:24','2018-02-22 17:30:24'),('bd353b29bfb7d198ab9236b2708007df6131180d3ccf34db4c54ef9912f5d1b2e812b0bee1c3534d',7,2,NULL,'[]',0,'2018-02-28 23:57:06','2018-02-28 23:57:06','2018-03-10 17:57:06'),('bd84b8df87987ac9c69a54e1588dd835726486dfe32568dc0eae75a854b7f52b8232c346b0943070',1,2,NULL,'[]',0,'2018-02-01 00:11:22','2018-02-01 00:11:22','2018-02-10 18:11:22'),('bd960af3622af49d1aacf553f68ab90add031088f2ddb39f0a861b596f8549a05e42216502e87e64',1,2,NULL,'[]',0,'2018-01-31 22:58:05','2018-01-31 22:58:05','2018-02-10 16:58:05'),('bdf4335b99cdeb237c154cd2ee241bcd5cc4e7fd662e648c2d17179a9f7e23d13b970c8e12aa536d',1,2,NULL,'[]',0,'2018-02-26 23:43:06','2018-02-26 23:43:06','2018-03-08 17:43:06'),('be057e750ed473bf59ebe76ecb71884fd05cc388ce38ec78449f47fd5a57de808c24163a0565a5db',1,2,NULL,'[]',0,'2018-02-20 22:33:38','2018-02-20 22:33:38','2018-03-02 16:33:38'),('be0a811e47206e244d5bb0179b47a98424d9b753fc4ce6cb15f734fc3387eef5493ec33e14be8524',7,2,NULL,'[]',0,'2018-02-27 20:12:41','2018-02-27 20:12:41','2018-03-09 14:12:41'),('be39fac6af1565fbfcec0aa9e81b6bd201d969dc67e792f77ec7eb443c10113c6725c3083e5d89ab',1,2,NULL,'[]',0,'2018-02-07 00:48:47','2018-02-07 00:48:47','2018-02-16 18:48:47'),('be97c3f7e9bd00857a45d327b0dd8057f0e7592062128d9698a876b105986727f40ea02a2ac15702',1,2,NULL,'[]',0,'2018-02-24 01:05:02','2018-02-24 01:05:02','2018-03-05 19:05:02'),('bea4cd9496dfd473e7034118d0f6cf66268bb0916b2c4af00a2271b8f24d86d97fc86434c04c7b5e',1,2,NULL,'[]',0,'2018-02-01 04:30:32','2018-02-01 04:30:32','2018-02-10 22:30:31'),('bedbd31489e9dc64107fdab47effc1790fc1bd2aee869957ede1b48ccb6e07a33558fc64e091a23e',1,2,NULL,'[]',0,'2018-02-20 01:03:23','2018-02-20 01:03:23','2018-03-01 19:03:23'),('bf1728a204c2b95f3570c9c3deb74622d1da6597ab09faca1c75ab4af54cf381f9d8a72b68e6ba00',1,2,NULL,'[]',0,'2018-02-24 00:31:30','2018-02-24 00:31:30','2018-03-05 18:31:30'),('bf287f0ed70e8e487679dbfe7eef3846ab3a2a03c4ea5e5b822df79134604027d77273a34e98ac2b',1,2,NULL,'[]',0,'2018-02-20 00:14:48','2018-02-20 00:14:48','2018-03-01 18:14:48'),('bf4647f55126e7018f8f5b88d4ec5ac6d9889858b031b2dd3fe938cd2ed48ed2533144c02825fc91',1,2,NULL,'[]',0,'2018-02-19 16:37:04','2018-02-19 16:37:04','2018-03-01 10:37:04'),('bf4832ebc59136638337d1660732b9a2c7b3c3c65bc5741b0598bfe3ca0d7ca8e5a2b462a3108b26',1,2,NULL,'[]',0,'2018-03-08 00:05:55','2018-03-08 00:05:55','2018-03-17 18:05:55'),('bf69c21586e2f2971eda9a47b34a4a85bbb86e276555f4f7b9aeb476b46c8076cd68df03af72228b',1,2,NULL,'[]',0,'2018-03-05 23:13:32','2018-03-05 23:13:32','2018-03-15 17:13:32'),('bfa5c50743a27da9e05579ee7d8234460bb5d0aa83afc7b37341bb5ad6ec0616598f816807d6e216',7,2,NULL,'[]',0,'2018-02-07 23:45:02','2018-02-07 23:45:02','2018-02-17 17:45:02'),('bfeee2e332eb09638ea10f58aebc1bb19dab52be9d74cdbedb0d21457230486cf98fa7d4c677c224',1,2,NULL,'[]',0,'2018-02-20 19:46:18','2018-02-20 19:46:18','2018-03-02 13:46:18'),('c00077e716a8c3af63af3b5d7db5b1c4dbd326456193961bfeb47a281a6cf42a144812f1eb2a46e3',1,2,NULL,'[]',0,'2018-02-01 16:42:30','2018-02-01 16:42:30','2018-02-11 10:42:30'),('c05c925528dd27de0f505cb10742348ee581398168c1389641fbb5cc5c35e73d4d689e862a2f74fb',1,2,NULL,'[]',0,'2018-02-14 01:00:13','2018-02-14 01:00:13','2018-02-23 19:00:13'),('c0a17727a1569a58b67742f755c6084d93362e93d4c47305046b931684c027e16cfc160d3bc7d225',1,2,NULL,'[]',0,'2018-01-31 23:51:52','2018-01-31 23:51:52','2018-02-10 17:51:52'),('c0e8430f2483545db13c7d3b7382a17e7cf6e4fc757cf3a8460e08c8189aa9e2b44131cb6dedcadb',1,4,NULL,'[]',0,'2018-05-31 20:47:42','2018-05-31 20:47:42','2018-06-10 15:47:42'),('c0f699db1bf9795f0cae51573ac6380ab7f2320e942ca7cd8f64639cff41b1de7122fae92d44ba4e',1,2,NULL,'[]',0,'2018-02-17 00:28:10','2018-02-17 00:28:10','2018-02-26 18:28:10'),('c10be7f243460dc9053cfa1cda26d86924c76be971d0ee57b783d16497050e4fc74b6fcf67e10aa4',1,2,NULL,'[]',0,'2018-03-02 00:27:14','2018-03-02 00:27:14','2018-03-11 18:27:14'),('c138f06a3760b5a2615272c8cac6232631fcf53310a75fa4388642b7935a3daa68a038fb0e74d6fd',1,2,NULL,'[]',0,'2018-02-14 00:00:04','2018-02-14 00:00:04','2018-02-23 18:00:04'),('c1d976b593f2683796298ec5ec0830310522a02646e506d2098da013ac31ee9aec4fd2a16fea6a5a',1,2,NULL,'[]',0,'2018-02-10 00:57:29','2018-02-10 00:57:29','2018-02-19 18:57:29'),('c235022b50e82b4b1a06a162f91efba1febc76bc670a0abe330a5f7473d12c26c1e94deda81fdc6c',1,4,NULL,'[]',0,'2018-05-31 21:09:05','2018-05-31 21:09:05','2018-06-10 16:09:05'),('c235073443ecf2ab743a1db75662b6e7153c2a2cbc9329381e3d70d86d17796e7bb57728ec5a273f',1,2,NULL,'[]',0,'2018-02-10 00:30:27','2018-02-10 00:30:27','2018-02-19 18:30:27'),('c2545f9e38992f1ba6ed18d4f6da346cdfc0e67c6c365a2d0a3218067780d4717e8b4702ed90c168',1,2,NULL,'[]',0,'2018-02-27 21:28:58','2018-02-27 21:28:58','2018-03-09 15:28:58'),('c26a2859660546daee7a541345d87ffd660a7716c69af1b8a0fd3abf5ba62bb19144f24ac5f8592c',1,2,NULL,'[]',0,'2018-02-12 23:09:14','2018-02-12 23:09:14','2018-02-22 17:09:14'),('c27b51a5934e4ae4b24faac32f0181c18f9203cd8123948e6370a0ea4ad8a1da4480321118ae4383',1,2,NULL,'[]',0,'2018-03-05 23:20:10','2018-03-05 23:20:10','2018-03-15 17:20:10'),('c2e4881f904d8f1cda1a7524a9556c716bead7e0368e074c750180f7352a1ea002b457f44d829599',1,4,NULL,'[]',0,'2018-05-31 21:49:03','2018-05-31 21:49:03','2018-06-10 16:49:03'),('c2ed0f41b5179ac948d8b372812cdad6622ff3b605acd9ba2495a41bc3b43bd9c155ca1363e72741',1,2,NULL,'[]',0,'2018-01-31 00:39:12','2018-01-31 00:39:12','2018-02-09 18:39:12'),('c327aadc5a0c6ad5cb611821220b85c8ca23fbee01ceebaef2e78b6f6b7f247ddbbd815bc76ada34',1,2,NULL,'[]',0,'2018-02-13 22:59:33','2018-02-13 22:59:33','2018-02-23 16:59:33'),('c3c1d670e80f9c0d3513b5b7fa45c10abea984ae24614b0fb6084243e6440b212442b4a54ac39f3b',7,2,NULL,'[]',0,'2018-02-01 19:40:26','2018-02-01 19:40:26','2018-02-11 13:40:26'),('c427bde56d861cd5b21eb21dec76efbc2b77c2e59ed4babeb57ea7b18e080bddb61f2294f94761a6',7,2,NULL,'[]',0,'2018-01-31 23:57:52','2018-01-31 23:57:52','2018-02-10 17:57:52'),('c45086774d99ef17452132cc984afd9bff3804c31c7153910dbd42babbec35308f270f22231acb7d',1,2,NULL,'[]',0,'2018-05-23 15:58:43','2018-05-23 15:58:43','2018-06-02 10:58:42'),('c478e510ceee5bfa98f8c8e1be6009b17412ea891e0549e3c7c2867f8d735ed90e1d11d7acb4e003',14,2,NULL,'[]',0,'2018-02-27 22:45:59','2018-02-27 22:45:59','2018-03-09 16:45:59'),('c4e449d14e5b9ac634770f0d260f5ee0c7e5dc073952c3d58eaae982df475306778b6d2d98953eb8',1,2,NULL,'[]',0,'2018-02-14 00:21:47','2018-02-14 00:21:47','2018-02-23 18:21:47'),('c5574fa322c5e0026b2c5f265e87d6f34ed2db356622b3d977ce25843de960c3fabfb909334d9bd5',14,2,NULL,'[]',0,'2018-02-28 23:08:49','2018-02-28 23:08:49','2018-03-10 17:08:49'),('c581d0cadc96ce4a9acfa7232b465f9337105fde8d5bf55a2296bfe585542d69c6c2764c8a327799',1,2,NULL,'[]',0,'2018-03-05 23:08:40','2018-03-05 23:08:40','2018-03-15 17:08:40'),('c5cf2092d873e46615c3d22d6b43259e91b464ea2f6b6608dc48415689f1cc04a7ae8224bcddb34f',1,2,NULL,'[]',0,'2018-02-21 23:02:30','2018-02-21 23:02:30','2018-03-03 17:02:30'),('c613a85a1e3e64308e55daca00b5647a91dcfce3c24e849eaf0f2030a3243ce33e6432d977fdc636',14,2,NULL,'[]',0,'2018-02-28 21:02:49','2018-02-28 21:02:49','2018-03-10 15:02:49'),('c6843e5f64bb822f8bc69c725e54769812cfef923adebba6bc4c98a94f9c202b43659e8ef95b9463',1,2,NULL,'[]',0,'2018-02-12 23:55:41','2018-02-12 23:55:41','2018-02-22 17:55:41'),('c709f2a01e2cc001b4e2c00ee1088a425ae1e6bba0b9532dc47dfe4a3806d35d7eed21af32b029cf',1,2,NULL,'[]',0,'2018-01-30 23:24:53','2018-01-30 23:24:53','2018-02-09 17:24:53'),('c71480885070502ab0ce66f47ded96cff0f01651218ab3703e4a7668f1829bebd6622a1daef5c066',7,2,NULL,'[]',0,'2018-02-01 01:02:32','2018-02-01 01:02:32','2018-02-10 19:02:32'),('c73084475b762d41873e25d1f466547adebb702333d1c9832978d71e26624f42c71a45320e914d97',1,2,NULL,'[]',0,'2018-02-27 21:21:21','2018-02-27 21:21:21','2018-03-09 15:21:21'),('c74a5cccbe810906701a1fb5bce8afb9b6b2344918b7cec2ab7331e65790021cc3b080bd7593a4b5',1,2,NULL,'[]',0,'2018-02-14 00:14:00','2018-02-14 00:14:00','2018-02-23 18:14:00'),('c777cd1bc5d7801bbb778816fe2c42a04448335b89bc3ab4611f9e105ccbf3a8ec0e5bc295add5a1',1,2,NULL,'[]',0,'2018-02-15 00:56:05','2018-02-15 00:56:05','2018-02-24 18:56:05'),('c7a0109fe13524e1f5bcf3f6fd63f702463b549b1a716b3fb16486d659ce1fd0e2553e14384e9ac0',7,2,NULL,'[]',0,'2018-02-01 00:57:59','2018-02-01 00:57:59','2018-02-10 18:57:59'),('c83af6d358d1e2dea39f23437e1a576d6d1bf653c03d2370fe59c293de67f0524e83fe658688b1e6',1,2,NULL,'[]',0,'2018-02-14 22:40:39','2018-02-14 22:40:39','2018-02-24 16:40:39'),('c8c82dd922b3cc21573a7a0ea973f8ad546d0b859d9cc5cc5d8f0c5f8f4101589e5f06123a7dee23',1,2,NULL,'[]',0,'2018-02-06 22:20:20','2018-02-06 22:20:20','2018-02-16 16:20:20'),('c8e023eb62ed5505a14e0c2505952019cbfbd46070c6e1eb2e1a2d9665f16f6602a02f45f7f4b963',1,2,NULL,'[]',0,'2018-02-21 23:27:56','2018-02-21 23:27:56','2018-03-03 17:27:56'),('c94f1719f311468f4581a920fd6ddb7ebfb7b5c89bba6b9b0c7fd0d85ca23821e938860f854122ed',7,2,NULL,'[]',0,'2018-02-26 23:02:21','2018-02-26 23:02:21','2018-03-08 17:02:21'),('c9a24f697539a1aaa7408dcbb77cd2bdce784c60675664b0ea362a5c7c2e76b82e0dc4894cec80d7',1,2,NULL,'[]',0,'2018-02-22 21:55:07','2018-02-22 21:55:07','2018-03-04 15:55:07'),('c9c2918bc8dec14e411cc20abb4b6f572613bf37b00f2791fb110e446b3ce36b2a27f3867a9fb48f',1,2,NULL,'[]',0,'2018-02-22 22:15:37','2018-02-22 22:15:37','2018-03-04 16:15:37'),('ca0bdadb9a64e3deaadc832dffc4468ef14c92613e7670ece142892093997d89a40135e632f40bab',1,2,NULL,'[]',0,'2018-02-21 23:43:31','2018-02-21 23:43:31','2018-03-03 17:43:31'),('ca16fdb74ed794ce804e0082486ba2a8da64a9f97e72fd1d78221abedfeef42bb32d8d06c744e968',1,2,NULL,'[]',0,'2018-01-31 20:12:06','2018-01-31 20:12:06','2018-02-10 14:12:06'),('ca2170a9defea692b738c6205d1abb02eb45a20cf59732a8c50aa6d702fa98cacc6c922738346c20',1,2,NULL,'[]',0,'2018-01-31 19:26:52','2018-01-31 19:26:52','2018-02-10 13:26:52'),('ca557fa348e4f6c85daedaa71d5cace9dd14231c5d9539e263dd2533103bbd249290d70f9109de9a',1,2,NULL,'[]',0,'2018-02-26 23:08:59','2018-02-26 23:08:59','2018-03-08 17:08:59'),('ca6aad74d0da3367351e34ce00584b5b8718594d25a099f6676f36274699cea2eeac2e551d4fe58c',1,2,NULL,'[]',0,'2018-02-13 23:02:47','2018-02-13 23:02:47','2018-02-23 17:02:47'),('cab627a062eb46d3561852e4459c1227c8779b770f1e256a9b6b5b190df7e0e64b1459bcb3d76a4d',1,2,NULL,'[]',0,'2018-02-12 23:09:46','2018-02-12 23:09:46','2018-02-22 17:09:46'),('cab9cbff4cc1ff898e128fb133de51b12dc35616abe423697f2ec8792b195e310b0e205521c69b94',1,2,NULL,'[]',0,'2018-02-13 22:02:09','2018-02-13 22:02:09','2018-02-23 16:02:09'),('cae755448fda6dba156658c3901c82a1ed28fa8f395a83a379b9bfce8e6ab81980130532560809a5',1,2,NULL,'[]',0,'2018-02-24 00:58:28','2018-02-24 00:58:28','2018-03-05 18:58:28'),('cb7a2bcf18b5decba6b949d8c0c27692935493b79407ec5242b5694246bd3b86ea0ee9c9cfb82740',1,2,NULL,'[]',0,'2018-02-12 19:08:29','2018-02-12 19:08:29','2018-02-22 13:08:29'),('cba3dea1569e7408b7e249afcc989b73a534af6210c2168970aa816693741b82ad93e0236efe96f9',1,2,NULL,'[]',0,'2018-02-28 23:47:29','2018-02-28 23:47:29','2018-03-10 17:47:29'),('cc0e9f7f74446d9dd6bfa609801116733896e2a6cd6554350a6f9dfbb7f915ded1e98973b919177d',1,2,NULL,'[]',0,'2018-02-13 00:31:36','2018-02-13 00:31:36','2018-02-22 18:31:36'),('cc1316d369da86e00990ff4efdfb5c8f679f3f9c4566e51a8b69f951a2f987eea0e34af422d83f17',7,2,NULL,'[]',0,'2018-02-01 22:50:29','2018-02-01 22:50:29','2018-02-11 16:50:29'),('cc20aaf55cf169abe18bb69592963a63770c947a441f4ec98d8f6c50b636cd1a4fcb583ba1a6a24e',14,2,NULL,'[]',0,'2018-03-02 00:20:12','2018-03-02 00:20:12','2018-03-11 18:20:12'),('cc29ec4615844ca76a11de672116be2049d28445030e55edcaa12d7267d43197e1a14bcc4572aefb',1,2,NULL,'[]',0,'2018-02-13 19:32:50','2018-02-13 19:32:50','2018-02-23 13:32:50'),('cc3415f9f5b8ec137c8a749eead59d5dd4039c879759879a14e015d9272916dbe635df9ae98487ae',1,2,NULL,'[]',0,'2018-01-29 17:34:06','2018-01-29 17:34:06','2018-02-08 11:34:06'),('cc3a7e6d5c4b3dab282be1d7f0b2614b1b1d89481503c82945368699b623e82684c21ca5a96bcb80',8,2,NULL,'[]',0,'2018-02-19 22:01:08','2018-02-19 22:01:08','2018-03-01 16:01:08'),('cc5421a94e91046000ae9eb4938888391bf7dca5d431299fdba9dda403abc44d314c6abf7eb5fc23',1,2,NULL,'[]',0,'2018-02-02 00:15:06','2018-02-02 00:15:06','2018-02-11 18:15:06'),('ccadbbca8ed56ec5697fd70308d43535bdc2b0aa4dbf29d8b7e53a36ed451289620b7eb7ce5e7db3',8,2,NULL,'[]',0,'2018-02-22 23:23:05','2018-02-22 23:23:05','2018-03-04 17:23:05'),('cce06bb0887c6d4741870f9c3e31ab018886d341294c07a03568e5d0485873cbcabef0c84c43f2e9',7,2,NULL,'[]',0,'2018-02-12 23:17:16','2018-02-12 23:17:16','2018-02-22 17:17:16'),('cd6bf799fba82e804e79502123b38c416c1b8e74064841b9d7bcc58c682259d17e3643e706509982',1,2,NULL,'[]',0,'2018-01-31 23:38:20','2018-01-31 23:38:20','2018-02-10 17:38:20'),('cda08001b86265d77d1d5417ee91c69a708f30f3cfd319fca903dce392b0cef46e717614e3bc4e19',1,2,NULL,'[]',0,'2018-01-30 23:59:11','2018-01-30 23:59:11','2018-02-09 17:59:11'),('cdbc47a56405ee8a0ef03dc89585323f0313dd29d7dfd2f23dbbeeaf28f67540c4bc24f00572ecde',1,2,NULL,'[]',0,'2018-01-31 19:15:34','2018-01-31 19:15:34','2018-02-10 13:15:34'),('cdf4dc92478ab4e2e381b18307ad670132fb22cde79c16cfa953a85544e8334d544dd3af8e055ff2',1,2,NULL,'[]',0,'2018-01-30 18:03:11','2018-01-30 18:03:11','2018-02-09 12:03:11'),('ce3e24de2e2719b2e47a82ab292930dd4ae662db84b108e0d2a956c72d3e79b7267cdda2d281806c',1,2,NULL,'[]',0,'2018-02-16 23:41:43','2018-02-16 23:41:43','2018-02-26 17:41:43'),('cec7c0107ed884d3c94d11c208fe5eddd3afd5668a07f1bf4a1a52cee34e0b520ac5aa93c5759644',1,2,NULL,'[]',0,'2018-02-22 22:26:58','2018-02-22 22:26:58','2018-03-04 16:26:58'),('ced28456ea2efcfa563891140355c326c488a1275edc8ef611a2b35c8e80b3ae2e4ada5212bc9950',1,2,NULL,'[]',0,'2018-03-02 04:32:15','2018-03-02 04:32:15','2018-03-11 22:32:15'),('ceee8ceb3df462131465671ca571c4bc9b808f739931f6a58b073df329388abf2006ce95336d0dff',7,2,NULL,'[]',0,'2018-02-01 19:22:10','2018-02-01 19:22:10','2018-02-11 13:22:10'),('cf2f545e6e9558740cd06ca4d3243ba0a782b414ae324659140f627daf0d3e478030a82d7dc4a89e',1,2,NULL,'[]',0,'2018-02-13 21:55:54','2018-02-13 21:55:54','2018-02-23 15:55:54'),('cf3749cb3d878e045c513087e699e11bfcb1e5aaf763f0e4707afd97d4f24eaa4a2f0ad08f9d716b',1,2,NULL,'[]',0,'2018-04-19 17:42:10','2018-04-19 17:42:10','2018-04-29 12:42:10'),('cf97cedd05cf32967ef6e256dedb77442c1ccd6b7394d999cc421c92446d8bfafc42a118236d73d7',1,2,NULL,'[]',0,'2018-02-03 00:00:32','2018-02-03 00:00:32','2018-02-12 18:00:32'),('cfc60c5903e37489f02a666a01ac1cf114e69d0863a8a586dd88770c9fbe32c84439424b1e06d647',7,2,NULL,'[]',0,'2018-02-27 03:46:16','2018-02-27 03:46:16','2018-03-08 21:46:16'),('d0cddd6b1aa170e6f1c83e69f7c2c28399345f2769e24ae468ae3086860d8be245c8aefd01489252',1,2,NULL,'[]',0,'2018-02-17 04:33:24','2018-02-17 04:33:24','2018-02-26 22:33:24'),('d0cde6c5dfabe73e4ef35d002de428f421be25ea7fc317ac7cf77d3517fadfed1665c41815a7dc78',7,2,NULL,'[]',0,'2018-03-20 19:24:35','2018-03-20 19:24:35','2018-03-30 13:24:35'),('d11e4c8092cb052754a32fe46905cf3a016e980fc401a0f2ace660c4c35164a939c2772ec1390920',7,2,NULL,'[]',0,'2018-02-02 04:44:09','2018-02-02 04:44:09','2018-02-11 22:44:09'),('d193b7518a01f63db57c5e059b64e8de8fa44e12b1c09ecd580ce253b9fadb46476ce6ebc67291fb',1,2,NULL,'[]',0,'2018-02-13 22:35:06','2018-02-13 22:35:06','2018-02-23 16:35:06'),('d21dd5a0505c1881b6580a1bafd531101843d3642db89fae1a068d3515cc68039588bab9b3f603d6',1,2,NULL,'[]',0,'2018-03-05 23:06:31','2018-03-05 23:06:31','2018-03-15 17:06:31'),('d25e91408e67928599f9c0b083c078f2c23c0b00d6c42e6931371b22265272dbc5de77f6f8910235',1,2,NULL,'[]',0,'2018-02-13 18:02:46','2018-02-13 18:02:46','2018-02-23 12:02:46'),('d2ecfdd22709526d665e69a3a02041e8cfe2b49e6b5a6bdabcbfaa1571a5d2a17655b702499d45dc',1,2,NULL,'[]',0,'2018-02-01 19:27:24','2018-02-01 19:27:24','2018-02-11 13:27:24'),('d308e513bf5d17b4cd2f8773e4cc70c21134c4e64c76b086ba5e70ca63e112940938f654df223277',7,2,NULL,'[]',0,'2018-02-01 22:59:08','2018-02-01 22:59:08','2018-02-11 16:59:08'),('d31eeb2714989d56ea9165232afcc9b36f56e1e8ca058d1848aba348d0fae9e11377dc2a0aaf5f79',1,4,NULL,'[]',0,'2018-05-31 21:57:10','2018-05-31 21:57:10','2018-06-10 16:57:10'),('d32de5f35f139b59330b33d8e1d3223c1541b78bc888c4864f626c1b8557d38d01bec80ffe79195f',1,2,NULL,'[]',0,'2018-02-27 00:46:46','2018-02-27 00:46:46','2018-03-08 18:46:46'),('d35cbfce77edbd5b3bd501d7fc233474999eafbb7e159d83da7f1f460fd730ad41cf622bc7cdfca3',1,2,NULL,'[]',0,'2018-02-06 22:33:53','2018-02-06 22:33:53','2018-02-16 16:33:53'),('d36cb1d327b9b079d737f94484e6b881111ebf1a36299fa4296bff2fae752a8d7f55b33942e0a8ef',14,2,NULL,'[]',0,'2018-02-28 17:07:28','2018-02-28 17:07:28','2018-03-10 11:07:28'),('d3773c4ff4ddbee17e3a69565cfd0e14f91ed99d5a0482d4d9e0e3b8fc853a7bca2d1519aad920fb',1,2,NULL,'[]',0,'2018-02-21 15:22:31','2018-02-21 15:22:31','2018-03-03 09:22:31'),('d3b7cef86f3d5dde4d179fad5619bda9b615e5459d48334f8c96c85f2c735e8f067240e5554c3a22',1,2,NULL,'[]',0,'2018-02-27 19:01:58','2018-02-27 19:01:58','2018-03-09 13:01:58'),('d423b77a4310c348493b66fa781b60e04d0ce24d9b41b59e2704cec0a5c709daff31dfb15d834c2f',7,2,NULL,'[]',0,'2018-02-27 19:04:04','2018-02-27 19:04:04','2018-03-09 13:04:04'),('d44308d7d9dd56dfca383198c9350187ba3c314edd3ccd11318fbc0f4bc504bee57566d06d0e8056',1,2,NULL,'[]',0,'2018-01-25 00:46:49','2018-01-25 00:46:49','2018-02-03 18:46:49'),('d46174f26db4d2e9f9ae599a90112cfb064695c80fb8a2ec903f12ff7ce7ad263517da4d3dccadfd',1,2,NULL,'[]',0,'2018-02-13 23:06:28','2018-02-13 23:06:28','2018-02-23 17:06:28'),('d481a0182a60748faa0e8a75a5088b83716ded4d4df535ae215f920d886553f652632716691a92b5',1,2,NULL,'[]',0,'2018-02-20 22:49:30','2018-02-20 22:49:30','2018-03-02 16:49:30'),('d4c6d6c8dcef0282049e6ce5a1ad31121bd555e358f4ee92e8b701229e6cf76f7ab7743dcc3ae065',1,2,NULL,'[]',0,'2018-02-08 21:45:44','2018-02-08 21:45:44','2018-02-18 15:45:44'),('d50ca9fee01aa1b39b770fc038d5216bb06530403f9224e39444b149e39decfad345d2915ee9a633',1,2,NULL,'[]',0,'2018-02-26 23:00:42','2018-02-26 23:00:42','2018-03-08 17:00:42'),('d531ebc42401c4682abd50883c09b230d3cc6e1140af519899f06e6a1e815cd04d9258cecf7406c6',1,2,NULL,'[]',0,'2018-02-01 00:11:30','2018-02-01 00:11:30','2018-02-10 18:11:30'),('d56943a1c6ea34f63345c8b344d34fd045da81258f5cf1890452198b7e8dafb21aeee11897dee251',1,4,NULL,'[]',0,'2018-06-01 21:20:08','2018-06-01 21:20:08','2018-06-11 16:20:08'),('d569bb985da81bd2319969e4359842a7cba329d9acdc464cba6a466fb36c71e2457c93f4907c9349',1,4,NULL,'[]',0,'2018-06-02 15:13:59','2018-06-02 15:13:59','2018-06-12 10:13:59'),('d56aaac8c786f7a7297db66a1a8adef8488fdd78aae38e474c042bff3abc95f637e6019246513d24',1,2,NULL,'[]',0,'2018-02-16 22:40:04','2018-02-16 22:40:04','2018-02-26 16:40:04'),('d58c2a3829b827e7df083ff530e5a5a7c800be381382fa805ce305d7f01612b57ea632c1f067db32',1,2,NULL,'[]',0,'2018-02-06 23:23:51','2018-02-06 23:23:51','2018-02-16 17:23:51'),('d63bdf6f3c610a7f3b7aadce317eacd34776638bd0c396704617ad6e92529860fbc0423350635378',1,2,NULL,'[]',0,'2018-02-21 23:13:22','2018-02-21 23:13:22','2018-03-03 17:13:22'),('d677af2b9ddf372444dae430b0d41c83a7394088a217407b0b9828bf2a90d6834fb95016d2cf8ca8',1,2,NULL,'[]',0,'2018-02-14 22:32:20','2018-02-14 22:32:20','2018-02-24 16:32:20'),('d693cbde8ebf0c5b04928e41473c21a9d278f37a39b24434a311ad8512777ddaa1a4002d24055e5a',7,2,NULL,'[]',0,'2018-04-05 23:42:01','2018-04-05 23:42:01','2018-04-15 18:42:01'),('d6c55e18b8c25d2632190a1278504a7a3031c09436a33537cfdc9e5fe39c79935e36c39e435dc252',1,2,NULL,'[]',0,'2018-02-22 23:29:10','2018-02-22 23:29:10','2018-03-04 17:29:10'),('d6e653386d547ec329c8ffeffe20e8526f1a25d704ed7b954b5a25202f28791dedd86620882463d7',1,2,NULL,'[]',0,'2018-02-14 00:15:30','2018-02-14 00:15:30','2018-02-23 18:15:30'),('d78ad08465f89afacf367e32f78d2b93e2d59acf63eb67689927981eed9f3e68f55e317c4bdea9bb',1,2,NULL,'[]',0,'2018-02-01 23:29:57','2018-02-01 23:29:57','2018-02-11 17:29:57'),('d7c43935a37a14c3716525836bd5283134dcee7c6e7da751b1d3628aefa004f140a6e067ae06d280',1,2,NULL,'[]',0,'2018-02-12 23:34:17','2018-02-12 23:34:17','2018-02-22 17:34:17'),('d7ca5f49c2d55233469a0fb46fd1522194374df4d4b0501cd6611f387488b67c84648a5df38bea35',7,2,NULL,'[]',0,'2018-02-01 18:44:33','2018-02-01 18:44:33','2018-02-11 12:44:33'),('d7cf485b5388527ec24e1bc6f1e1769d36dcdbcc5c1c2c3af88d0af7bb8b690d566507636860cde3',1,2,NULL,'[]',0,'2018-02-14 00:49:15','2018-02-14 00:49:15','2018-02-23 18:49:15'),('d89d69dd0c3ce7cad5c06d22cf292edf756074782ec5fdac0075f8dbab069f16f552bd9a580e83c8',1,2,NULL,'[]',0,'2018-01-31 18:58:47','2018-01-31 18:58:47','2018-02-10 12:58:47'),('d947d360d8e176892464d9d117310cba22c1537c736965010ab94f514315fc8f12d381e120ab2b87',1,2,NULL,'[]',0,'2018-02-01 23:34:51','2018-02-01 23:34:51','2018-02-11 17:34:51'),('d9b7ebd6450938283bcb2e423129bbe39c88a479539534dc9cdf59c4ba31b2523a2c1f1e1b7cf646',7,2,NULL,'[]',0,'2018-02-28 22:27:16','2018-02-28 22:27:16','2018-03-10 16:27:16'),('d9c51779fb074b4c77ed6702241ef938482bd79aecc30003cabcb07ff60b87ff461709f4ed177647',14,2,NULL,'[]',0,'2018-03-05 23:35:31','2018-03-05 23:35:31','2018-03-15 17:35:31'),('d9e9e9aa18cc55c793b3e0585b95fe37ff9f2b6b490649d74b024a24b9dc259b0859aa077bb71625',1,2,NULL,'[]',0,'2018-03-05 23:06:50','2018-03-05 23:06:50','2018-03-15 17:06:50'),('da00b1195b9419e920ac18157152bd4b2fb4cc264f36347550f9fc653aea17d27491c4c4c0aad983',1,2,NULL,'[]',0,'2018-02-22 20:12:13','2018-02-22 20:12:13','2018-03-04 14:12:13'),('da53ddf03508ecda8c68b5e4cc4e3813dbdd8a1ca867c9ba4473a455480a8f0ecc82a2610a2e705c',8,2,NULL,'[]',0,'2018-02-02 00:26:36','2018-02-02 00:26:36','2018-02-11 18:26:36'),('da5e04cf665249ed99b930d6af9338a6a4261295db5ae943ea0bba600daa97755a01424f6ca45705',1,2,NULL,'[]',0,'2018-02-21 22:47:15','2018-02-21 22:47:15','2018-03-03 16:47:14'),('da7c08873345e93a9d02c4f664934c5b8d7b9dab3f7732a5324dd4104540bdc6ef3d7f60ca0f05a2',1,2,NULL,'[]',0,'2018-01-25 23:12:52','2018-01-25 23:12:52','2018-02-04 17:12:52'),('daa6fd7af76893820452ede0f1ccaec95b38ba8181414f449b32039096985331f9bc35c542d00356',1,2,NULL,'[]',0,'2018-02-27 00:37:26','2018-02-27 00:37:26','2018-03-08 18:37:26'),('dab195e1b63f6b9da71763b07b31fccae8f651ff8399084df6217ab147dd1881888d456829d13299',7,2,NULL,'[]',0,'2018-02-26 23:18:59','2018-02-26 23:18:59','2018-03-08 17:18:59'),('dab3d7e8b0e5d79bd13acea3e7043f2629897b80383ca6ba8de8d915394de76292915a8dfb8948fc',7,2,NULL,'[]',0,'2018-02-28 00:29:14','2018-02-28 00:29:14','2018-03-09 18:29:14'),('daf38e0634f1534174783e4d766f2dc6c4ca5c7ea38f565083d59c356920214af0fd7ffc0c217293',1,2,NULL,'[]',0,'2018-05-03 15:27:13','2018-05-03 15:27:13','2018-05-13 10:27:12'),('db0b585eac9e34e026526e8a139657ceee8247d2adadbb8d31a3043cb032248aa6e9e39cc5719926',1,2,NULL,'[]',0,'2018-03-27 18:38:46','2018-03-27 18:38:46','2018-04-06 12:38:46'),('db27e6a032e006b5ebaeb35607236f63b62a61b2d4e65ba1240a1dd3e226722c27714f482adce9b8',14,2,NULL,'[]',0,'2018-03-05 22:08:55','2018-03-05 22:08:55','2018-03-15 16:08:55'),('db382539c52488dec75d4d36cec36e338054f83587fbb4a98bbeb6c0f07dbb6de5cf5134bb49ed45',1,2,NULL,'[]',0,'2018-02-01 19:52:36','2018-02-01 19:52:36','2018-02-11 13:52:36'),('db4709c18a74f9af9e777579408e060d71b19bf3e4f186ad25ca30d3789065b6a00f03c2d7a555bf',1,4,NULL,'[]',0,'2018-05-31 20:34:39','2018-05-31 20:34:39','2018-06-10 15:34:39'),('db5606207531cf0ba95844edb3e3ae55dfce9a3a846a63ffb48c6e67d59781ee84e4710acab5708c',1,2,NULL,'[]',0,'2018-02-01 22:17:55','2018-02-01 22:17:55','2018-02-11 16:17:55'),('db65f7d53aec02f88e5dc382af9f9cbe4f218e372c562a8bc60e2e99034e5fabb69818df621cc1b6',1,2,NULL,'[]',0,'2018-02-27 00:16:30','2018-02-27 00:16:30','2018-03-08 18:16:30'),('db873a3fe5129b8643b5d92aa279eb22e768e5641e13cc5403b51574d06eb59e4e8cecdf7d559873',7,2,NULL,'[]',0,'2018-02-01 01:06:20','2018-02-01 01:06:20','2018-02-10 19:06:20'),('dbd3021ca07cded0da39211daa1987fefc9aceb5a2308420c4caf463cda4de6774c138cdaf61c8a0',1,2,NULL,'[]',0,'2018-02-02 00:09:48','2018-02-02 00:09:48','2018-02-11 18:09:48'),('dca94936729383254700d981f4a597a38e22eb3fc0b15f5e753e8d85f08149df1a974116dd860e39',7,2,NULL,'[]',0,'2018-01-29 22:30:20','2018-01-29 22:30:20','2018-02-08 16:30:20'),('dd3960758f1e28b415a6496d278a70fa78c7f7c6172a034f4fc503e0d004e90f3686eaddc20504a3',1,2,NULL,'[]',0,'2018-01-31 00:39:09','2018-01-31 00:39:09','2018-02-09 18:39:09'),('dd4524c5ebdafbf3dcd6838e33c5acbb0fce0b4796c0d6eb8e8de692f10efc960491b5ea9a1e2c8b',7,2,NULL,'[]',0,'2018-02-01 20:20:14','2018-02-01 20:20:14','2018-02-11 14:20:14'),('dd4c66a77de6924efd36ad001f5e137cc7c0b499aebdbd1b0ba19e36a5da43c058d7a6eddf26c588',7,2,NULL,'[]',0,'2018-02-28 23:28:14','2018-02-28 23:28:14','2018-03-10 17:28:14'),('dd7ee5c80080b9e709f22ca20be24454fb7138b4755e1e4c0b41353db70e637614419fd164687c1f',8,2,NULL,'[]',0,'2018-02-27 00:31:15','2018-02-27 00:31:15','2018-03-08 18:31:15'),('de26f6085e7d935b5a5554b2e3377964c1d7d90ae444116fc7e1e8e84cfe9ef9e59b464cbfcd95f9',7,2,NULL,'[]',0,'2018-02-01 21:33:59','2018-02-01 21:33:59','2018-02-11 15:33:59'),('de28665bcb6d9a67deb36a92e6020f8a2b54f78bb1ffed8cb89c10a3048e5b422b036c68a4b315de',1,2,NULL,'[]',0,'2018-01-29 20:13:04','2018-01-29 20:13:04','2018-02-08 14:13:04'),('de3bff354e9837a5c925f3e60e70cc7fa77b3005c0a7a9b8e80cf7ff306878390962e4dd7a22e174',1,2,NULL,'[]',0,'2018-02-26 22:44:13','2018-02-26 22:44:13','2018-03-08 16:44:13'),('de520ca1f1d6ea5be76988725046c7555567f126d1a204ee3126c873a5da9e7dafea703429f2c112',14,2,NULL,'[]',0,'2018-03-05 21:22:40','2018-03-05 21:22:40','2018-03-15 15:22:40'),('de819a1f77344052155aa48380c780db9a1a5e4338c18bbc53fc320efab536cfec89ace82296ddf1',7,2,NULL,'[]',0,'2018-02-12 23:02:31','2018-02-12 23:02:31','2018-02-22 17:02:31'),('de8bcb0999b21a2759b4f30dab246ff6443eace703bc625e3d660845ec0c0231cd3895a3b06fdc58',1,2,NULL,'[]',0,'2018-05-26 00:01:06','2018-05-26 00:01:06','2018-06-04 19:01:06'),('dea26ee98e6e6ea38efff29484f88a0ef250a348d5bff6242c7025528571db362c24d99e9397eeed',1,2,NULL,'[]',0,'2018-02-14 23:50:54','2018-02-14 23:50:54','2018-02-24 17:50:54'),('dfbd48ca01b154c63a08996ffa71b09ccd565184c018dc3634e9ac7369b4aae57bde97752bb42adb',1,2,NULL,'[]',0,'2018-03-27 18:36:15','2018-03-27 18:36:15','2018-04-06 12:36:15'),('dffb1dad722d2b796381d3b5be26522e1361878bf6856b618c4dde469c78b4724d61fd9483d7d209',1,2,NULL,'[]',0,'2018-01-29 19:25:18','2018-01-29 19:25:18','2018-02-08 13:25:18'),('e00028919763194e942528f2d2e3455f5b94f12e7eed2f34bf7953d285d602a1330ddde67513cee9',1,2,NULL,'[]',0,'2018-02-12 23:16:05','2018-02-12 23:16:05','2018-02-22 17:16:05'),('e0397f5a1d348db5ccee227c8351f789bac6d92a9199c77a2e918a70e7b933c6904b7959886f349d',1,2,NULL,'[]',0,'2018-03-01 20:59:40','2018-03-01 20:59:40','2018-03-11 14:59:40'),('e075512a67dd45144af2827e97c52e94d89b145ac265003f5d75ad9694e2a192512a8a5b2789b858',8,2,NULL,'[]',0,'2018-02-27 00:38:14','2018-02-27 00:38:14','2018-03-08 18:38:14'),('e085a64b722003a8d98915f92a879b8a918c93bd27c89f0dd2b3c95198118f22a1f72b520a04fd19',1,2,NULL,'[]',0,'2018-02-17 00:32:47','2018-02-17 00:32:47','2018-02-26 18:32:47'),('e0b34a4d231a9be68050e795681414d0a6a429433fdd675b98d07e09bf5d3b23acb4a6f841063f47',1,2,NULL,'[]',0,'2018-02-15 22:50:50','2018-02-15 22:50:50','2018-02-25 16:50:50'),('e0bb9d7245fb758f045041d75b5a8eb8172aa97c14bb87624f6b7d715367723d79209d5fdf708cd5',7,2,NULL,'[]',0,'2018-03-08 23:24:15','2018-03-08 23:24:15','2018-03-18 17:24:15'),('e0d36eb44b0bdff966e2a2e5191ad384fc03b9c1c7db88b9f4065cff67d2090221e83251f7103de7',1,2,NULL,'[]',0,'2018-02-02 18:37:16','2018-02-02 18:37:16','2018-02-12 12:37:16'),('e0ed72ed14eb456ecdc80cf3739090c328a4dbad53047863699297911b5acdf10307f680a28b85c3',1,2,NULL,'[]',0,'2018-02-16 00:07:08','2018-02-16 00:07:08','2018-02-25 18:07:08'),('e0f6844e325eb2cc46fda2aff47acac5176955b109b77e0afa13fcb0796f9ac71563ea63c5e52f68',8,2,NULL,'[]',0,'2018-02-27 00:51:38','2018-02-27 00:51:38','2018-03-08 18:51:38'),('e14c7d9baf0a5aeec7fac1506914a47652dcf816d13c2ed15d472f1632a43dbc9a00f363c97889dc',1,2,NULL,'[]',0,'2018-02-12 23:41:48','2018-02-12 23:41:48','2018-02-22 17:41:48'),('e19ae363762160fbe5181018ccdfbc7d07f72a65527a0fcaa0ee50dc70cadf491f1170a2892a8381',1,2,NULL,'[]',0,'2018-02-26 19:04:46','2018-02-26 19:04:46','2018-03-08 13:04:46'),('e22f82bf3473a202af99dd44edf4c7b795fdefee19608e4ccb4b8166b85dd99279a67a6a1dc02422',7,2,NULL,'[]',0,'2018-02-02 04:05:37','2018-02-02 04:05:37','2018-02-11 22:05:37'),('e25e1bb000f3a7ced9e236926bd15676fb8a811b226cc72306b10717ca5f83ed23b724128f4f91d1',1,2,NULL,'[]',0,'2018-02-12 22:02:01','2018-02-12 22:02:01','2018-02-22 16:02:01'),('e25e6737085cb2d1e7559b6583f572f36257950dda7deb69348dacf186e6d8497ee214303c30096e',8,2,NULL,'[]',0,'2018-02-16 04:09:53','2018-02-16 04:09:53','2018-02-25 22:09:53'),('e2f57e5bd184ee23553dc573046c81a533a221151a72ae96d6662c6bd4ae2899fe88ef3c895658b1',1,2,NULL,'[]',0,'2018-02-12 22:51:16','2018-02-12 22:51:16','2018-02-22 16:51:16'),('e32172a4c285ea9d674785b9c0dc482bd619a69a7cee4cf02b19f3fea12075980177eeccc10fbae8',1,2,NULL,'[]',0,'2018-01-30 23:09:55','2018-01-30 23:09:55','2018-02-09 17:09:55'),('e3bb31d049682705adfc2eb6efd7e5c1229b97d8a4ca516a76bfb0d2306d470181304851d5dd0979',7,2,NULL,'[]',0,'2018-02-01 19:39:58','2018-02-01 19:39:58','2018-02-11 13:39:58'),('e3dba6cd1baca4db91d7eb09faa9abee0723c9d54bf2973aea48b43c8ae53bfdf081f124ad21c32d',1,2,NULL,'[]',0,'2018-02-09 00:39:31','2018-02-09 00:39:31','2018-02-18 18:39:31'),('e3e4e9a24910e97a2d291f677e62a6150bbbb18976d2d662c8e6005bae8d06cc722115b0a58585e9',1,2,NULL,'[]',0,'2018-01-30 00:47:15','2018-01-30 00:47:15','2018-02-08 18:47:15'),('e42116d24ecc7929e36de19fbfd517e0db881985a1cea99cf457743e8acb85fc00c406b03afaf08f',1,2,NULL,'[]',0,'2018-02-15 22:49:19','2018-02-15 22:49:19','2018-02-25 16:49:19'),('e4373cb1e882dab4605f5f95fb9d7a6f530b6954fb40c9c2fb12be2593f27a0bd4714181d1178e44',7,2,NULL,'[]',0,'2018-03-05 23:01:52','2018-03-05 23:01:52','2018-03-15 17:01:52'),('e4b8a8d1c1c717cda0fd7cc1ead5384cd5900f0fcae9bcdaf708cfff88b436dca71553280ad2cbd1',1,2,NULL,'[]',0,'2018-02-07 23:50:31','2018-02-07 23:50:31','2018-02-17 17:50:31'),('e4db86de812d984559296f16094102e4a0a42f57d0092891ca322d8af513090238b66feba2de4740',1,2,NULL,'[]',0,'2018-02-26 23:30:35','2018-02-26 23:30:35','2018-03-08 17:30:34'),('e53ab8ed0451418d860b62bdffe4b5606c0e101544d564c759767469c0108f742b799c44b50c0e6b',1,2,NULL,'[]',0,'2018-01-31 22:04:48','2018-01-31 22:04:48','2018-02-10 16:04:48'),('e53bd22f6ed66f97aa7f9610194881960f9f5595c95c9abc0a5fc5f26b1bde767a3a942b2b1babb0',1,2,NULL,'[]',0,'2018-02-07 00:47:48','2018-02-07 00:47:48','2018-02-16 18:47:48'),('e543fe2cf65dfd5d86f4464c4c21fed0dad4fea6ed89ebc0a1d208b2af9d3996b5ea81e759d2f632',1,2,NULL,'[]',0,'2018-02-07 00:53:59','2018-02-07 00:53:59','2018-02-16 18:53:59'),('e553194006b5a1a59ff33c47a70df33110c8b887b52db79b0bf269b9bf7b6e7cb50f42d2fcba87ee',1,2,NULL,'[]',0,'2018-02-15 21:56:36','2018-02-15 21:56:36','2018-02-25 15:56:36'),('e5c7babf66afeb312c40879c3122d02fdb479e2f56f3d114f1da4e47aa2e46b64ed5d50c12289e3a',1,2,NULL,'[]',0,'2018-02-02 17:01:00','2018-02-02 17:01:00','2018-02-12 11:01:00'),('e5ce55606080df768046bb351616e78448f1c81daef9e48c8c69a31bbbb92b4502bc6c808a398065',8,2,NULL,'[]',0,'2018-02-13 05:02:53','2018-02-13 05:02:53','2018-02-22 23:02:53'),('e5e2bdd0a6680926c72cfe573ac6a02df0dd25c100b5a6acb4e0266a0f2ba70ab8a115cc73b3fa59',1,2,NULL,'[]',0,'2018-02-01 19:30:45','2018-02-01 19:30:45','2018-02-11 13:30:45'),('e5ec09d9334817c9d1dcae99587964c3e3226aecf0ec0994abeff52cf64a53c427b976eea88c04cc',1,2,NULL,'[]',0,'2018-02-20 00:56:27','2018-02-20 00:56:27','2018-03-01 18:56:27'),('e666e1a790ec7595ab9719ffc0536e9052a164a9e08108809da938afe83d9bd9b3bade446025df75',7,2,NULL,'[]',0,'2018-05-24 21:07:03','2018-05-24 21:07:03','2018-06-03 16:07:03'),('e6a98e387406eb19bd83ded1ce6afcd47ca0eeb05326b932d3cadab686939209ef49ab701763b234',1,2,NULL,'[]',0,'2018-02-07 22:32:50','2018-02-07 22:32:50','2018-02-17 16:32:50'),('e724eee90b027c836ece671a96932b6ddd2aa8c41730d928b7a6a0f881aa44535a58496dfeb67073',8,2,NULL,'[]',0,'2018-02-13 22:43:56','2018-02-13 22:43:56','2018-02-23 16:43:56'),('e743f59786aeb8c548b20d03585e3b6ee712c304ba7bd2a288c1b457051beca0048c10b2965bdc72',1,2,NULL,'[]',0,'2018-02-13 16:17:13','2018-02-13 16:17:13','2018-02-23 10:17:13'),('e76619175737c8a1460253cd071c952cbd5a9507612f96e3edd757f9ac9a68e8fc8114aa9098fe5a',1,2,NULL,'[]',0,'2018-02-15 00:45:17','2018-02-15 00:45:17','2018-02-24 18:45:17'),('e7dc837197065ab5c024ef751a4dc69094008b127979798a32cc6c61120d46225efca25d8ee5a21c',1,2,NULL,'[]',0,'2018-02-21 22:58:11','2018-02-21 22:58:11','2018-03-03 16:58:11'),('e8434a18428938a00ee040b9b36fb7dcbc1e57fe82e9a6b0c6fc97fba31adff0d56f051b04b13131',1,2,NULL,'[]',0,'2018-02-21 22:11:52','2018-02-21 22:11:52','2018-03-03 16:11:52'),('e9294f4f62bb28ad662fe575dbcbdba240a81de52e63097dbff352d976c019dd78cdd97b295272a0',7,2,NULL,'[]',0,'2018-02-01 22:50:03','2018-02-01 22:50:03','2018-02-11 16:50:03'),('e94d8b9dfc8eb434ac8c8d1e2ebbc211bb13497917cee9592dcb4f990782f0d0a08570d601fc0223',1,2,NULL,'[]',0,'2018-02-13 23:37:07','2018-02-13 23:37:07','2018-02-23 17:37:07'),('e968a97fb889b9c8e92c007a3737b6e90cc6204e772c93c66bdde406a88b082c16f85f23d4c52112',1,2,NULL,'[]',0,'2018-02-01 00:08:49','2018-02-01 00:08:49','2018-02-10 18:08:49'),('e9d576de0142067ec01ce32fe8fef34ee814983e66145acca9fb05cb2e4005556f1f4ab586fcdd66',1,2,NULL,'[]',0,'2018-02-10 00:25:15','2018-02-10 00:25:15','2018-02-19 18:25:15'),('ea5b0f11014d53dec17ecb175aa4d5f0f384b82ddcf6538d61b9dafb744aa064f9b0ca9757c3eea5',1,2,NULL,'[]',0,'2018-03-05 23:24:36','2018-03-05 23:24:36','2018-03-15 17:24:36'),('ea6d6bdc6d7becad8f43326b3ea667862d21709fd60646de37bca70b0e8706cb89a3cd1b3d186d9d',32,2,NULL,'[]',0,'2018-02-19 22:21:21','2018-02-19 22:21:21','2018-03-01 16:21:21'),('ea760ce3dec61aff2615b589710e56e212f99a9e459e718b4515d9ec17501b73e9c552e89d03aa48',1,2,NULL,'[]',0,'2018-02-22 19:45:58','2018-02-22 19:45:58','2018-03-04 13:45:58'),('eabbf201dea2114eea70c62b0311d82e22733d6a9961fbb365e7589837a90a10c329da92ad01c1bf',1,2,NULL,'[]',0,'2018-02-16 04:10:55','2018-02-16 04:10:55','2018-02-25 22:10:55'),('eabf25194c4d85a90356312de4e18de9450075c5fdd1c540a38c5585632d8199b51de4159074b786',1,2,NULL,'[]',0,'2018-02-15 01:10:46','2018-02-15 01:10:46','2018-02-24 19:10:46'),('eacb9aaed6b3c2c38d87bdac342a37158e49ae0be96a631ef02022e79efb3c32e35ef771141b6d08',1,2,NULL,'[]',0,'2018-02-26 23:59:37','2018-02-26 23:59:37','2018-03-08 17:59:37'),('eacc07b7242685b20d7e1264f21c76a498ae925a19aedbdfb0b62e4b440bb7a0aca2bb0bf6d54260',1,2,NULL,'[]',0,'2018-02-02 22:44:08','2018-02-02 22:44:08','2018-02-12 16:44:08'),('ead6da50130abaef7ce1418ac57364ec430d6c492085dbf76467353260ec557a1e87527b87f10c05',1,2,NULL,'[]',0,'2018-02-01 00:08:09','2018-02-01 00:08:09','2018-02-10 18:08:09'),('eb0c6e028271ea61efe94df904f6c8e4e0b7e6cd7973052cb6325b871a5b05e2bd5a992866f61e56',1,4,NULL,'[]',0,'2018-06-06 21:42:58','2018-06-06 21:42:58','2018-06-16 16:42:58'),('eb202fc61fda60d045a8dc05070b6f6f1b82bd48b4530425f52040555bfd867f5b1d1e7b0e5df3ca',1,2,NULL,'[]',0,'2018-05-24 20:22:28','2018-05-24 20:22:28','2018-06-03 15:22:27'),('eb320e7565513ae409807d37cbedcc5cb99759ca2b00770d75aed66a852fe0542bdf4d930db75986',1,2,NULL,'[]',0,'2018-02-10 00:34:06','2018-02-10 00:34:06','2018-02-19 18:34:06'),('eb4bb5d1cb97de9db4bbc9bb0f5bdc419e74720907622a18bc197e7ff9a01f8f8612e1adad22de6e',1,2,NULL,'[]',0,'2018-01-31 18:44:46','2018-01-31 18:44:46','2018-02-10 12:44:46'),('eb7e6b8eb79319c4bf0a1ef511c7f13b4ec697cdd4c8eaf6ab69a3710ed252332c9a18e6e06931a0',7,2,NULL,'[]',0,'2018-02-27 00:55:18','2018-02-27 00:55:18','2018-03-08 18:55:18'),('ec01ebf67ce2440a937ba18cde57083aa8f3616f13d88f16e8f314768587d54d49b700897ac53012',1,2,NULL,'[]',0,'2018-02-19 21:35:44','2018-02-19 21:35:44','2018-03-01 15:35:44'),('ed0d4646cfa3aeff9ea689034bcafc0ea6d8281838080f1d869f34043690237c0296336cbd4d7f0d',1,2,NULL,'[]',0,'2018-02-22 00:22:55','2018-02-22 00:22:55','2018-03-03 18:22:55'),('ed8138b8b2dc557949737250e49333fc7c90fbe79052d2e6f4fe825b6f12defaa62d08dd66f940b8',14,2,NULL,'[]',0,'2018-02-27 22:33:22','2018-02-27 22:33:22','2018-03-09 16:33:22'),('ed92a923a9ab10b27ef2fee5802de30ea2fbdafb1dbf810d87889be3aec9f0b4171e72d06133478e',1,2,NULL,'[]',0,'2018-02-14 19:29:15','2018-02-14 19:29:15','2018-02-24 13:29:15'),('ee233f6cf73d197e2293a0dca86520aa8084052efeca996f15431ac27cbcda3725a18962d6303a8d',1,2,NULL,'[]',0,'2018-03-01 23:48:08','2018-03-01 23:48:08','2018-03-11 17:48:08'),('ee4a45ca335f99f4707df23e50a297a9befc42c8732513cb8ce8b236bdc94faacf5a065209102917',1,2,NULL,'[]',0,'2018-02-20 21:57:01','2018-02-20 21:57:01','2018-03-02 15:57:01'),('ef09cdb1996e23e70ba6f35a543890fc133d7f6db10c63b73a371f3b9dd9aa4b23a644018f7751c1',7,2,NULL,'[]',0,'2018-02-01 22:55:21','2018-02-01 22:55:21','2018-02-11 16:55:21'),('ef4d9f3cc5d5002e5fdd958c39a5630d7e209a434edd6dcff27245ca48e7529356a67532497f9e5e',14,2,NULL,'[]',0,'2018-02-28 00:23:56','2018-02-28 00:23:56','2018-03-09 18:23:56'),('efa7009b75b3d30ba321da685c0922b99f1f54c4c74e0af1881313d212440ab03c5c63c2dbd43431',1,2,NULL,'[]',0,'2018-01-30 18:30:22','2018-01-30 18:30:22','2018-02-09 12:30:22'),('efef5f8a56a63ae82042684c4d8cbb36d4b671642e51b73ddd10c509e5ccf0b9216f753c06fcb624',1,2,NULL,'[]',0,'2018-01-31 22:07:34','2018-01-31 22:07:34','2018-02-10 16:07:34'),('f05a80413681a8d0c73ff88d5e675a82205fcb53ec4da75249b79f9e46fabb5e66487e39f234e6c3',7,2,NULL,'[]',0,'2018-02-26 23:04:39','2018-02-26 23:04:39','2018-03-08 17:04:39'),('f08939897689ec32455ca16091ebd11109a2a35c01d459154a38aa8f51058dbb2a14e49ede1c020b',1,2,NULL,'[]',0,'2018-02-15 21:40:07','2018-02-15 21:40:07','2018-02-25 15:40:07'),('f0e555c76bac6f8232a72360bbde52c7cf91aa4c43699f397a3e515c47601c36277bfd009277230a',7,2,NULL,'[]',0,'2018-02-26 23:22:54','2018-02-26 23:22:54','2018-03-08 17:22:54'),('f19042012fb3143da0aca755831dde9183970b71aa4cb0bca147cd60438d77d86034c48a57d07b5d',7,2,NULL,'[]',0,'2018-02-01 18:44:12','2018-02-01 18:44:12','2018-02-11 12:44:12'),('f19ebf214bb0b3cf1cdc8cd4af4341d928f94ee8c94e719e9be69ebe0545cf4db4e741d1f9f5c07e',7,2,NULL,'[]',0,'2018-05-24 21:45:06','2018-05-24 21:45:06','2018-06-03 16:45:06'),('f24092dc9b9bcef184b73d4a0a63e922568c3d906fad4a61a781ba151bf4920549a757d7ad640817',8,2,NULL,'[]',0,'2018-02-27 00:37:40','2018-02-27 00:37:40','2018-03-08 18:37:40'),('f25b977c8b3770a98ec9b2eb75ddf507cad407b8ee281814529d97f1dee764d6b9518718b453bf86',1,4,NULL,'[]',0,'2018-05-30 23:38:27','2018-05-30 23:38:27','2018-06-09 18:38:27'),('f29f2cb8bb666a72d13baef5fc5d88015d5ffc284504f34e9eb0d2d82bc4531a69d5548d856776f6',1,2,NULL,'[]',0,'2018-02-08 00:07:51','2018-02-08 00:07:51','2018-02-17 18:07:51'),('f303842819acc85954a4cb0d00d4075d49f38493ab364ba8ab65c8b3e54cb8a31b8cf9bdddbd0a71',1,2,NULL,'[]',0,'2018-02-13 00:26:38','2018-02-13 00:26:38','2018-02-22 18:26:38'),('f318dd810a368bc7f15caf906282c1f807a5209df8de63b8775320fb90ab86ee1f06925cdac96564',1,2,NULL,'[]',0,'2018-02-09 16:41:01','2018-02-09 16:41:01','2018-02-19 10:41:01'),('f356e596565e26fbbc39d7cd864a0af0df26fe3f76d721964e855855509547bdfed44861633ae929',7,2,NULL,'[]',0,'2018-02-01 01:21:28','2018-02-01 01:21:28','2018-02-10 19:21:27'),('f3633f00817a99d8576110b8d47e5bb2987e3dae331c8187fd362c7f580d1a9f9c7a5bbc34a0ea0f',1,2,NULL,'[]',0,'2018-02-01 00:50:39','2018-02-01 00:50:39','2018-02-10 18:50:39'),('f367bc0c15bcdbab8f37fe377266de56ab2af32ba6d5194439760a9f8d34f33341b5fc7bedc0744e',7,2,NULL,'[]',0,'2018-02-01 18:44:48','2018-02-01 18:44:48','2018-02-11 12:44:48'),('f39402e749ce078e2e935706d55a6722b7ba5d90d4f878b5ae61e6ac692930a900dfb999788d5c45',1,2,NULL,'[]',0,'2018-02-22 22:25:46','2018-02-22 22:25:46','2018-03-04 16:25:46'),('f3c2032beb420c68737650d8b268b8ace03c2f84749622a68ac93c1d9fcee821686b8ca0d4f2dc0c',1,2,NULL,'[]',0,'2018-02-21 21:13:02','2018-02-21 21:13:02','2018-03-03 15:13:02'),('f3feb1306e33df6c9492ea8212ebd7448d92520dbefb36c8dc4025d51b74ec325c0d5f37b8fc74d2',1,2,NULL,'[]',0,'2018-02-23 00:45:44','2018-02-23 00:45:44','2018-03-04 18:45:44'),('f406e2fc04a8bb77009407a9b96bb8266ca2c32c0b69bb7095ef339e13ef14fbdfc2a1149bbd47a4',1,2,NULL,'[]',0,'2018-02-19 22:05:28','2018-02-19 22:05:28','2018-03-01 16:05:28'),('f4594a13545aac4feb5fd230ca156d302ab625b59503297c9d2473278ab6b06184bdc61a85bf1c28',8,2,NULL,'[]',0,'2018-02-27 00:02:40','2018-02-27 00:02:40','2018-03-08 18:02:40'),('f47412420241f94fdbcfabde9f2d4101d4753b6506d1bcddba275234fe67ff78a6e76715d63f833c',7,3,NULL,'[]',0,'2018-06-04 22:56:09','2018-06-04 22:56:09','2018-06-14 17:56:09'),('f4e8586ca80abea3f15fd181235eeb92a6dc7b75b7094fa505ebf8b61dde2d4e31c0cbaac159bbd9',14,2,NULL,'[]',0,'2018-03-05 21:21:23','2018-03-05 21:21:23','2018-03-15 15:21:23'),('f5602d93b122ced17ef5dceb7e0acfc2289e90474e7c58e3169a5b4e783896e6776d1e835848ce95',1,2,NULL,'[]',0,'2018-02-23 00:50:24','2018-02-23 00:50:24','2018-03-04 18:50:24'),('f5a79eb85d686f575643a35ac369c3c2c1a462f57ff5ed1dde5290b5be92359aa2d13db41037b215',1,2,NULL,'[]',0,'2018-02-22 00:31:03','2018-02-22 00:31:03','2018-03-03 18:31:03'),('f6e01b7860e770a30a4e07021c0159170246d234b8e8a6d1abfd666f126b552971063c4b7e628f8b',8,2,NULL,'[]',0,'2018-02-13 04:51:22','2018-02-13 04:51:22','2018-02-22 22:51:22'),('f6e1a0ab1acffacc0c55d2b691fcf831b386ac9c9ed015d71b76685ee86ef695b4b72cad97ff4ba5',1,2,NULL,'[]',0,'2018-02-20 19:14:08','2018-02-20 19:14:08','2018-03-02 13:14:08'),('f72180e853fbda7895de0a02b770b5d810e9ea9c0df56af5760e689325cfc4ef72ffd3e2e5560f1b',1,2,NULL,'[]',0,'2018-02-13 00:33:03','2018-02-13 00:33:03','2018-02-22 18:33:03'),('f72f7185a9f1c3e955d1438b33ac016139ce27ba31ee0b293430f286c54aa9ff80ab7156387c907c',1,2,NULL,'[]',0,'2018-02-08 22:56:33','2018-02-08 22:56:33','2018-02-18 16:56:33'),('f7393aa012ea1a2d364e5e658ce384460e128f0613aebc5ae312085061e700bd606ed5be17a282d3',1,2,NULL,'[]',0,'2018-02-13 00:38:35','2018-02-13 00:38:35','2018-02-22 18:38:35'),('f74251cd85d007c2bb4521fe53ad7d5b31ba23a8a93b9494f1bac4e9db5ab5be725b3c80e74660e4',1,2,NULL,'[]',0,'2018-02-13 19:39:07','2018-02-13 19:39:07','2018-02-23 13:39:07'),('f78ad1ae9bf49777723fc04f27702ea60ad14fba36576f4a0354d50e06d961c83d34d54be5e847d5',1,2,NULL,'[]',0,'2018-02-17 00:18:58','2018-02-17 00:18:58','2018-02-26 18:18:58'),('f7c67cfff190f7c40f813395c1c9157d6e84878dc57bacb16523d454727b33244c4ca9f66fd7d03a',1,2,NULL,'[]',0,'2018-02-03 00:30:38','2018-02-03 00:30:38','2018-02-12 18:30:38'),('f7f87f34126998eb0989f7e4cb6ebafe1ea297ca0f6e4b7ed2a5d22a6d1ada94d72f02e03324758c',1,2,NULL,'[]',0,'2018-02-13 01:07:21','2018-02-13 01:07:21','2018-02-22 19:07:21'),('f8237546cff1c192547c79eb6caae8f0f67ea3ab9d0cd737153539cf6aa2f76b275a7d80cd3c25ca',7,2,NULL,'[]',0,'2018-02-01 01:02:50','2018-02-01 01:02:50','2018-02-10 19:02:50'),('f83a8bf8d0313d04a5f7b190342f601cb6973fec4060b097ebbf0cb6b17d2dde16ebc5ba5d41fedb',1,2,NULL,'[]',0,'2018-02-08 22:45:34','2018-02-08 22:45:34','2018-02-18 16:45:34'),('f86de60a2fbc82f01dbf29b1b8733e70253ed9103e78a9863309d6a899a2c97f69651377ff8ac7c5',7,2,NULL,'[]',0,'2018-05-23 18:52:24','2018-05-23 18:52:24','2018-06-02 13:52:24'),('f8a4ad5d7d8755bc9067e5ee5eadc95036b3d9093395baa90dd332658f3854eaff9d58f82ac5a613',7,2,NULL,'[]',0,'2018-02-01 04:59:39','2018-02-01 04:59:39','2018-02-10 22:59:39'),('f8c0d34bfca72348bc40233480b386c217d385781ef1f5e8b52d628e52a20434708711eee84282ef',1,2,NULL,'[]',0,'2018-02-13 00:58:13','2018-02-13 00:58:13','2018-02-22 18:58:13'),('f9053d7d3edd4dfd8085c608bc27ef2d15d8b29f254bbcb520d1af49d7f295c97c63d8071317cb2c',7,2,NULL,'[]',0,'2018-02-01 05:05:20','2018-02-01 05:05:20','2018-02-10 23:05:20'),('f90ddd1dd57ab2dba8ad9ea0be85090add996cd95e821b5ffc4289b847700dd4da63054e12f11e95',8,2,NULL,'[]',0,'2018-02-22 15:33:25','2018-02-22 15:33:25','2018-03-04 09:33:25'),('f981106a1aeffdd33801dc31ff23b69899eff953f7b1679410f7fdf5a9b27630678e5286c04f3404',1,2,NULL,'[]',0,'2018-02-22 22:28:48','2018-02-22 22:28:48','2018-03-04 16:28:48'),('fa7a2882f8fff4f409c47f9ab33fe817c09e62f8d37c852ab0bf8d427698e2458875fc65b0b361a6',1,2,NULL,'[]',0,'2018-02-03 00:59:35','2018-02-03 00:59:35','2018-02-12 18:59:35'),('fac3370636756a1b5674f32e4b5d49b7abe29fe316a8cf7100f9ece653e0cd4e91ef0fac3970648f',1,2,NULL,'[]',0,'2018-05-24 21:08:01','2018-05-24 21:08:01','2018-06-03 16:08:01'),('fb0a48d55641f15fd6eb5c75fe093abf8c0050d8438875a4d25bb90ad8e8914b89aaf5c6ecdc6270',1,2,NULL,'[]',0,'2018-02-20 19:28:25','2018-02-20 19:28:25','2018-03-02 13:28:25'),('fbbce655e29d177581a8a2ef660f499fe5363086d5b55314fb67d77f9168ec693c2f9f24c4643d5f',7,2,NULL,'[]',0,'2018-04-05 23:22:05','2018-04-05 23:22:05','2018-04-15 18:22:05'),('fbf8aa2902a8997e3dc0e1f3744e1e2f73b2b81d5620dabbb69c2efe4d0f0ed3fbaf966ed1c78643',1,2,NULL,'[]',0,'2018-01-29 16:38:23','2018-01-29 16:38:23','2018-02-08 10:38:23'),('fc1550a93ace3917fe4047d1312f28aa9c7ba9c91efac3fb42ee3164cf998ad815f885fc48b19c27',1,2,NULL,'[]',0,'2018-02-10 00:16:17','2018-02-10 00:16:17','2018-02-19 18:16:17'),('fc44f6a71faceec049d941e22d0923b6b32efe8ebe94e2592255c8d94ed6035f3603a48a677ead7f',1,2,NULL,'[]',0,'2018-02-16 05:23:13','2018-02-16 05:23:13','2018-02-25 23:23:13'),('fd00dfd496a9f4daecdb2e54aae2ee72c28589c6cccd1ba771fb5a1c243a4305127d5488a6528df0',1,2,NULL,'[]',0,'2018-03-01 20:35:22','2018-03-01 20:35:22','2018-03-11 14:35:22'),('fd1c6232f9c452eb2f6aa77a581ca1a7f8c4d7cf45032f9f85f6a24185b8d4823e3fa7dbbeb01c1f',1,2,NULL,'[]',0,'2018-02-23 22:49:41','2018-02-23 22:49:41','2018-03-05 16:49:41'),('fd94bc0208749992bb5ac80429e32653d092e7b0a7c5b82a1388704389b4f974a9f024c78b947027',1,2,NULL,'[]',0,'2018-01-29 17:40:32','2018-01-29 17:40:32','2018-02-08 11:40:32'),('fda34bdcb572dbb591e5d3c540b1ff398612f2e0b9c7f2cd8a8179493a283716a5b74b54c41916c1',1,2,NULL,'[]',0,'2018-02-02 22:15:25','2018-02-02 22:15:25','2018-02-12 16:15:25'),('fdeb48a4cf1eb9c508880ce3deb67f3aabb76ec37b26f8c061735f2eb9a78e9f2fa99426f54ea4e1',1,2,NULL,'[]',0,'2018-02-02 23:18:37','2018-02-02 23:18:37','2018-02-12 17:18:37'),('fe272b4850ba411030a91e1a99b54a08091dbf2bf906c917197a3d52f52c02fbdf75589fbc82d8bc',1,2,NULL,'[]',0,'2018-06-01 23:03:27','2018-06-01 23:03:27','2018-06-11 18:03:27'),('fef4a58b0b283b5e93e3ba94e243839eff3e207831b29a90c99670062edef799c3537ee3b8595d5d',8,2,NULL,'[]',0,'2018-02-01 20:25:34','2018-02-01 20:25:34','2018-02-11 14:25:34'),('fefb367a9185a93c39cfbca5b861579d73b230ecdd781114cfbaa9278c8d3ceb88de0f027a4d7a38',1,2,NULL,'[]',0,'2018-02-16 23:37:43','2018-02-16 23:37:43','2018-02-26 17:37:43'),('ff9c53fc4ce0b72472ced466072c6ab61d31083d721e79ef28e315bfcd838e928112d2550626da31',1,2,NULL,'[]',0,'2018-02-26 21:49:30','2018-02-26 21:49:30','2018-03-08 15:49:30'),('ffc86db26fc19a251bf16dab9952a06a3b0bf10ed6a90dab51f2f35d17aa4466936b8b351437d055',1,2,NULL,'[]',0,'2018-02-13 21:56:05','2018-02-13 21:56:05','2018-02-23 15:56:04');
/*!40000 ALTER TABLE `oauth_access_tokens` ENABLE KEYS */;
UNLOCK TABLES;

--
-- Table structure for table `oauth_auth_codes`
--

DROP TABLE IF EXISTS `oauth_auth_codes`;
/*!40101 SET @saved_cs_client     = @@character_set_client */;
/*!40101 SET character_set_client = utf8 */;
CREATE TABLE `oauth_auth_codes` (
  `id` varchar(100) COLLATE utf8mb4_unicode_ci NOT NULL,
  `user_id` int(11) NOT NULL,
  `client_id` int(11) NOT NULL,
  `scopes` text COLLATE utf8mb4_unicode_ci,
  `revoked` tinyint(1) NOT NULL,
  `expires_at` datetime DEFAULT NULL,
  PRIMARY KEY (`id`)
) ENGINE=InnoDB DEFAULT CHARSET=utf8mb4 COLLATE=utf8mb4_unicode_ci;
/*!40101 SET character_set_client = @saved_cs_client */;

--
-- Dumping data for table `oauth_auth_codes`
--

LOCK TABLES `oauth_auth_codes` WRITE;
/*!40000 ALTER TABLE `oauth_auth_codes` DISABLE KEYS */;
/*!40000 ALTER TABLE `oauth_auth_codes` ENABLE KEYS */;
UNLOCK TABLES;

--
-- Table structure for table `oauth_clients`
--

DROP TABLE IF EXISTS `oauth_clients`;
/*!40101 SET @saved_cs_client     = @@character_set_client */;
/*!40101 SET character_set_client = utf8 */;
CREATE TABLE `oauth_clients` (
  `id` int(10) unsigned NOT NULL AUTO_INCREMENT,
  `user_id` int(11) DEFAULT NULL,
  `name` varchar(191) COLLATE utf8mb4_unicode_ci NOT NULL,
  `secret` varchar(100) COLLATE utf8mb4_unicode_ci NOT NULL,
  `redirect` text COLLATE utf8mb4_unicode_ci NOT NULL,
  `personal_access_client` tinyint(1) NOT NULL,
  `password_client` tinyint(1) NOT NULL,
  `revoked` tinyint(1) NOT NULL,
  `created_at` timestamp NULL DEFAULT NULL,
  `updated_at` timestamp NULL DEFAULT NULL,
  PRIMARY KEY (`id`),
  KEY `oauth_clients_user_id_index` (`user_id`) USING BTREE
) ENGINE=InnoDB AUTO_INCREMENT=7 DEFAULT CHARSET=utf8mb4 COLLATE=utf8mb4_unicode_ci;
/*!40101 SET character_set_client = @saved_cs_client */;

--
-- Dumping data for table `oauth_clients`
--

LOCK TABLES `oauth_clients` WRITE;
/*!40000 ALTER TABLE `oauth_clients` DISABLE KEYS */;
INSERT INTO `oauth_clients` VALUES (1,NULL,'Laravel Personal Access Client','2PbPkOi9vsv6mTizHkDIA4yI4YhOxFnfCPdr44ud','http://localhost',1,0,0,'2018-01-24 23:57:43','2018-01-24 23:57:43'),(2,NULL,'Laravel Password Grant Client','MFjQDPR42G0WfmdMK7WIcTXorwbB8U1GEEtiwLlM','http://localhost',0,1,0,'2018-01-24 23:57:43','2018-01-24 23:57:43'),(3,NULL,'web_client','KBHSmyilW8WIuYgqcGESn6V3F04iLwHptXtNOwxb','http://localhost',0,1,0,'2018-05-30 22:07:36','2018-05-30 22:07:36'),(4,NULL,'android_client','e408ZDnZDraYsqQFOYXVEVjq90yTGDkZIBN9ND80','http://localhost',0,1,0,'2018-05-30 22:17:19','2018-05-30 22:17:19'),(5,NULL,'Laravel Personal Access Client','2pxkRc2X4l1mNhP0dhX4ecuVUCsVHlPErqSqEHR2','http://localhost',1,0,0,'2018-06-07 22:27:02','2018-06-07 22:27:02'),(6,NULL,'Laravel Password Grant Client','A58Ne14bnhpcwG0Yr2Kd5Hb0Rd0RhVRqFjvqkzMh','http://localhost',0,1,0,'2018-06-07 22:27:02','2018-06-07 22:27:02');
/*!40000 ALTER TABLE `oauth_clients` ENABLE KEYS */;
UNLOCK TABLES;

--
-- Table structure for table `oauth_personal_access_clients`
--

DROP TABLE IF EXISTS `oauth_personal_access_clients`;
/*!40101 SET @saved_cs_client     = @@character_set_client */;
/*!40101 SET character_set_client = utf8 */;
CREATE TABLE `oauth_personal_access_clients` (
  `id` int(10) unsigned NOT NULL AUTO_INCREMENT,
  `client_id` int(11) NOT NULL,
  `created_at` timestamp NULL DEFAULT NULL,
  `updated_at` timestamp NULL DEFAULT NULL,
  PRIMARY KEY (`id`),
  KEY `oauth_personal_access_clients_client_id_index` (`client_id`) USING BTREE
) ENGINE=InnoDB AUTO_INCREMENT=3 DEFAULT CHARSET=utf8mb4 COLLATE=utf8mb4_unicode_ci;
/*!40101 SET character_set_client = @saved_cs_client */;

--
-- Dumping data for table `oauth_personal_access_clients`
--

LOCK TABLES `oauth_personal_access_clients` WRITE;
/*!40000 ALTER TABLE `oauth_personal_access_clients` DISABLE KEYS */;
INSERT INTO `oauth_personal_access_clients` VALUES (1,1,'2018-01-24 23:57:43','2018-01-24 23:57:43'),(2,5,'2018-06-07 22:27:02','2018-06-07 22:27:02');
/*!40000 ALTER TABLE `oauth_personal_access_clients` ENABLE KEYS */;
UNLOCK TABLES;

--
-- Table structure for table `oauth_refresh_tokens`
--

DROP TABLE IF EXISTS `oauth_refresh_tokens`;
/*!40101 SET @saved_cs_client     = @@character_set_client */;
/*!40101 SET character_set_client = utf8 */;
CREATE TABLE `oauth_refresh_tokens` (
  `id` varchar(100) COLLATE utf8mb4_unicode_ci NOT NULL,
  `access_token_id` varchar(100) COLLATE utf8mb4_unicode_ci NOT NULL,
  `revoked` tinyint(1) NOT NULL,
  `expires_at` datetime DEFAULT NULL,
  PRIMARY KEY (`id`),
  KEY `oauth_refresh_tokens_access_token_id_index` (`access_token_id`) USING BTREE
) ENGINE=InnoDB DEFAULT CHARSET=utf8mb4 COLLATE=utf8mb4_unicode_ci;
/*!40101 SET character_set_client = @saved_cs_client */;

--
-- Dumping data for table `oauth_refresh_tokens`
--

LOCK TABLES `oauth_refresh_tokens` WRITE;
/*!40000 ALTER TABLE `oauth_refresh_tokens` DISABLE KEYS */;
INSERT INTO `oauth_refresh_tokens` VALUES ('005cb23c65c88b87eea679b1bd1cca297607ec066d070bcb427f213334cfdb8e6d72ee2b7a839c2a','82978b66bba63489015d26133883efab1e73d210a029a462be531d6c2c52ae6cc589fcf69a7fcd25',0,'2018-03-16 18:24:40'),('0065e049f289f1887025d2f7416a44d5779dde98a3600335fce6b4b737cbd8e36291da37495ae75a','3a0c92dd6154c44c111bda004b10ecee5d25b00897409fdd58d6d9e9a67ede8d1c1ec673de23f474',0,'2018-03-03 22:05:11'),('00c0aaf2d6e5ed2bf61caaa9b31e3f94c4406ad7f3550b07fe9e4e5b7cc0d3cbc80c0832fc2b49ae','3f72bff35a8117e4b7ab7e4db9a46a57b639a56fd493757e85c08696658b3abad0fd9cc77d2f7717',0,'2018-03-10 18:40:40'),('0116765762af53aa1a277e2b052ed0e4fb336b5a008a7d6310175f3d08e397047f0f36a9f6a7904b','00f30ba099e556722d6d624f9364e7e96c7c0bbac045359ead99efc331e68322ff124deccd74402b',0,'2018-03-03 16:58:27'),('0124a32322482a2050792fc57ed1c8b758f62b39188a77972cb2e99f0c238c7d50d035b1f41edc53','7c304a91ad003f74576529ed7e534cea1e37f55e935836e22782a4c8c5356eecce7b2674794bf6d8',0,'2018-03-29 17:44:43'),('017eabb3994d1e82858b4b738605d69861f0dccf127b1320fe69114b15f5cb5ddfeb882f450aa2c7','4a774818a5d0dbbf543b8602c9da92df88699d504bf9b210beba23a27167073cf8ed474efb5d8203',0,'2018-03-16 18:40:32'),('01f29a9aead68772384f646c8c21107fb8bd05abd9e0961f8add2c970a63a6c749f9fd3ebf907107','617c5f9ef2e1f014cdd1d77c13e0184f86324d16b26545baad2c087115342766911d79e6faa20a45',0,'2018-03-11 18:20:29'),('024d81cbfddc6a94def596899aec2f39353af78eca25c128c3ed3c5f1ff4b01deab96adabcf9b0a8','8ab13bed4711b89858a8d07a24f803da01c6743f6b822ea0601bf2fe95078169948a8d75b61ae794',0,'2018-03-04 11:19:41'),('0381c04a7e527ee93c1b6124b4a242a5f717acf0533e32478a04912ca5188c130ab12018075e5927','30636c9a8be9ccea522d52ce508685d0862f6a04c79c426d49b16573285bc203a50047a6293b4043',0,'2018-03-30 17:53:29'),('0397b623d1f36b6ef8840c206383b2472d7bc23e68ba6620dff32b2db7b283a36ad39ef56e3ae695','4a736b350fb866f5689ea847fbc5d191ecfd04bc937f72398d62c0b327abffa9deba6ce73b080182',0,'2018-03-28 17:57:41'),('041c8deccd3ef067c6a7839eefe29a35fd7882d1bccc3a4177bb1af7a8b91558354131a9522a87ba','7a57be90ad5934a3964bd67acd33a9525d65d48936ac08dad8fdfdadcf5962a9718d41a362c6eabc',0,'2018-06-29 17:12:03'),('04489fd9a92ce3e1ed9c185ae520eeaf77cb0ead6fafc84bfd74200f3344f572396828a7c394f7ad','e0f6844e325eb2cc46fda2aff47acac5176955b109b77e0afa13fcb0796f9ac71563ea63c5e52f68',0,'2018-03-28 18:51:38'),('04ea0ad450db0119c850c1de9df0edd6c771f9c55f3ec9a0781ce1871921fb245c85d317635b6220','a381faf0e942e937d9b3bb3a41393e583f9186510b8869ae32fe28335842717c2ac427d91aa2a72b',0,'2018-05-06 17:04:01'),('04ff93ff68f5cf886bc466876395c39b8af424cc059ee2cf9a656c8fb2ddd567db1930181ae3397e','b95e5134367457dc95fcd82fb1959f25ccd920454fb20943e2b6a8f94f5d3f02c40c3a1016df8cca',0,'2018-03-28 18:31:28'),('052649d5b392d145af4caa8d8f8f5bf84ded4ab8b0e6968d019094f547102653f1656c5b2f6bc046','dab195e1b63f6b9da71763b07b31fccae8f651ff8399084df6217ab147dd1881888d456829d13299',0,'2018-03-28 17:18:59'),('0553c9acecdd0fb33db4c15897c8769aa08d17223126a0d36834e2b3bc949ddf236651a4ebf94a52','93d168f6148cdb044f1aa14a9a5bde08c396842b9dd20317d0b62b1ffb0682dbe24923d8e2f38517',0,'2018-03-22 17:05:41'),('055df778f37eec551aec28d906fc8f11e8d7a9a545239bab4abf59fce2b7ad2a731b54cddd6d08b7','2cdd6360dc6de4f417e6ff49e3e18c2c0a3ce0b51007f96e024e0e93428343ed27d5975bff6ac6b5',0,'2018-04-04 18:47:50'),('0565bac944ba6ec059db638f6641fe0a44cfa41e87a929246213b5155c9313c911f0ad86ecd821dd','1b8b013b1d7ea03db35109f517aee653b0939cebe8a18797cdbe3cba4b45b56b98dde66e79f6ad49',0,'2018-03-16 18:47:08'),('057f59ab5fa332672a2014323c81d675e6f3985393cbbf0ecb01e2f852398c8260753f956d7ff290','cab9cbff4cc1ff898e128fb133de51b12dc35616abe423697f2ec8792b195e310b0e205521c69b94',0,'2018-03-15 16:02:09'),('05eeb4c662cfc888ebfe9ba9d30ab9af1d65fc4cc75fb3a96511ff0644fb376d92ba67cb0222de51','36dd56edc39fb97a3438b169d1b61da6fc11aefc7f219e1c6c746a494c889515341eeb8e19062d39',0,'2018-03-09 16:24:36'),('0611ec20974e1ce612a3a0c8769592c975e634d43da0401a7b6a9a0db73b065bc0864a6285fadf52','f367bc0c15bcdbab8f37fe377266de56ab2af32ba6d5194439760a9f8d34f33341b5fc7bedc0744e',0,'2018-03-03 12:44:48'),('065987abede3028fe7007412cab62a1ce3bf518c59b98bd89c96c7dfa03a11c794b535d042b3c746','8b4580745d428481b1a2af2b274e02ba088198edd3aa61cf4ac38d6253c51283d91c95da6b9ba97f',0,'2018-03-01 12:44:37'),('06945be1c12c96e098729aa6904853df38b2297d30889557f250698580d943da7e2f8090141bfe02','7ed326ade43855498d685e5a62205d667984bdf3153754fc82bb897e6a7aa8b9b2f177b63ee44474',0,'2018-03-25 19:02:37'),('06ee4268d1753b87be460f32ba24ae2994576d323b61f66d69165cca6d175efa3120bf8a471798ef','9c481c68b5b29494e29d4784831f63db0ce5a5b1b5a5a59d540d38db146ac2c0790f7ea3c9addf7d',0,'2018-06-24 18:45:55'),('07a328ef4c58762e8ffdec454668210df390c1c33fe1eee5e55893a6ea885935b9482bcaa50ca2f1','d4c6d6c8dcef0282049e6ce5a1ad31121bd555e358f4ee92e8b701229e6cf76f7ab7743dcc3ae065',0,'2018-03-10 15:45:44'),('07a4dbc098dc7982959fa67e1a33ae25fa2d411140003812c2a5c6a788174bfa4d20e2e3a9e32dbe','bf1728a204c2b95f3570c9c3deb74622d1da6597ab09faca1c75ab4af54cf381f9d8a72b68e6ba00',0,'2018-03-25 18:31:30'),('0846fbc6ee561e4151a798c0b6e752f014b0af12d8e6d23008cdb96f9cb4c97722b99e91c7f5a995','d6c55e18b8c25d2632190a1278504a7a3031c09436a33537cfdc9e5fe39c79935e36c39e435dc252',0,'2018-03-24 17:29:10'),('0848369e9d7418deea407af399c5103585bf36cc592f14657a1a35495ccda0fd873ba692b8e76646','476eca2bc0f8233abd4b9ade29d5172eb28a3fd43fb372a54f1d0b53060b6fd893a800020fd74644',0,'2018-03-30 17:25:51'),('08588249c7fa8b204224729e800a9c57c419472b3de636911cb40527e54d7651b9bb2acc9f086ae0','e085a64b722003a8d98915f92a879b8a918c93bd27c89f0dd2b3c95198118f22a1f72b520a04fd19',0,'2018-03-18 18:32:47'),('087831855d10242f2ada8ec40ca4bca4d637013424ba2086944bc50dc865dd71ad0a58073ac4c260','0b628bd801b86a980107a19cc2c4b8367c6c1f7a6ffaf4ca7b313b08324c390de76bfe76f282856e',0,'2018-03-11 17:49:10'),('091acb98bde0281079b0dfefba3cf7772b8d20757935df4acd18504ac845125767001ea6cbc02109','2f382a2133ff144588059d34b249b2037118832c12411f9745ebff3ba1c1c2538ce00202c0919efd',0,'2018-06-23 16:30:52'),('092e9923f0f154ecb04e1aef438dd234ca20df7431e5eca0002cc8a53cece631908f91c3872bb271','d3773c4ff4ddbee17e3a69565cfd0e14f91ed99d5a0482d4d9e0e3b8fc853a7bca2d1519aad920fb',0,'2018-03-23 09:22:31'),('092fd959ea1e936b03853e798404c18d6c9887b5116a5ab32b8b1108032297f097e8bba8d314f51a','dd4c66a77de6924efd36ad001f5e137cc7c0b499aebdbd1b0ba19e36a5da43c058d7a6eddf26c588',0,'2018-03-30 17:28:14'),('093daaeae41b5c91f0b116351be6170806fd7105d773a749efaf15a4cf58f482eb4218a2d334c956','664b7c387b38eb6d7772df73636378f2f1046f138d14df5e3ea9dadfad415d8ae59772390ce06538',0,'2018-03-14 18:35:48'),('09a55dc7b9c8769e6a220fcc827ed46ac6eaf4928d9f83d6cb36b85ad0ff1c27161fd4d684708b01','bdf4335b99cdeb237c154cd2ee241bcd5cc4e7fd662e648c2d17179a9f7e23d13b970c8e12aa536d',0,'2018-03-28 17:43:06'),('09d163259b9c298c33f5faf1d06eb8738813d13bd70f4697f4dececdda6bee5f81163496a610dfb1','d46174f26db4d2e9f9ae599a90112cfb064695c80fb8a2ec903f12ff7ce7ad263517da4d3dccadfd',0,'2018-03-15 17:06:28'),('0a8844a6aced5478a5253095974ee2c6bee4130a4ef145ab9dec787bf5bdd8eac63caf14ea7acdbb','956a26fc6438d1eeda9d363ac78cb725a96226cbd047e0b8a0054f011acaaea68cd101a16b608098',0,'2018-05-05 18:40:22'),('0b352fbd571ba4ff02085f516f4656708f0810c5dec75bdaa8d618cfeea0c23eec4f62d53d5c2125','b2f586eb548d625d08911688d1cca10859b9e1bb1825b032df045d34594f6703728690b253164592',0,'2018-03-02 13:17:21'),('0b45cff7d47d9f35024a0ddbdef04713ebd30d8f1e43f879794fa01ba72c12a203f26c4503c11855','62b8099d86085c21ccf7c6176bb27d494b5a92f85b72c45139bcb5e6d60aa39cd51d52c64beb2dba',0,'2018-03-23 09:23:22'),('0b90ff1cbdfefd052851f321165397d4e7ad030886857b65e87300b3339bd6abbdec540cea0d04d1','a8a6bbf68b412d489441a92ed20aacd3d21caeabee96dc48da26b6b39f9d96dba92b8d6d5e686a55',0,'2018-03-08 18:55:33'),('0bd617bc71dda02d5828efe00d25be422cf959aa5a6867892bafe96cf40b3ab8b4ad4c7f8d316374','2fd47365cd771880faf7e803b8bd98e0801a742ce886909cb5ef9df666808e4972652d68b203169e',0,'2018-03-04 11:22:02'),('0bd63d25285c58ddd876516e43ad3aec6bbc4af0d3693ac1dd5c11173b22f64f8d3ea225c1b8d577','cc20aaf55cf169abe18bb69592963a63770c947a441f4ec98d8f6c50b636cd1a4fcb583ba1a6a24e',0,'2018-03-31 18:20:12'),('0bf523b1b1e041f9dbbdd0155d0afaabbd7e1778616771035e61b103da41ee3ed0c7fa801db4009f','d193b7518a01f63db57c5e059b64e8de8fa44e12b1c09ecd580ce253b9fadb46476ce6ebc67291fb',0,'2018-03-15 16:35:06'),('0c39dd2b75a962cd2f2cf83ccda160d3c8b02410a8e9f71a439717876aa6a0453378473bcc231bf5','5466d84b0a6183c818d93a7ab0d838e4a7592995061c13938b108ef8efb26eef141ce538895f5acc',0,'2018-04-06 18:05:45'),('0c428bbb5b284c697f58fe1ab4157c38d2fd61e1cbf4b73d88e2beca810377bcef8f3d1d93b51c70','0828056df2264e58f43a3f5c4bb54e6deb42a6dc924f30c2b8feb611ab045013794c9ed0f6294ecd',0,'2018-03-21 09:11:18'),('0c5340e1862ee59ef239728530ee2c7d873838b2c2e85680ea9855dbb191e49c774ddf2a0ced836c','4ff83f05c5a280c918c94eb9e70cc4552eb8e05b90e5f5981e839147844a0ad1632b8fd5ea9523fa',0,'2018-03-05 18:03:32'),('0c54b75e8a7e808f521f1d55b9a8d35863f1d6af602aedcacf249a466830bccb58565ae3932f5fdf','bd353b29bfb7d198ab9236b2708007df6131180d3ccf34db4c54ef9912f5d1b2e812b0bee1c3534d',0,'2018-03-30 17:57:06'),('0cacb53b19dbde2af0610d13450d823a567081725c9c4b9109aeb8899685be8d76d903f31a840c04','16f30d05b9562af05b651e83dc62088396e105f4debee60381e9a74e2f457c38b99db89ec31adefd',0,'2018-03-19 12:03:47'),('0cf23aa494dd337da9fddc7cfad13b3f8cc5506a18427c613d1e058701862c5ac0becc64055b20a9','17c8abb519fdc74207c73d578e0813d60df3df9110af76762f263313ea9368899f82de985cf42dea',0,'2018-03-25 17:57:56'),('0d0e138daeb1ac2649c2fb64cfe7cb1da9e2d95c57579ae6ef47b54889a1c692d85576448cecfc09','4f94e8a27a077e3c3ed23ebd995d3601f52cc6cc13ee9584994eaa8bfc16643408e543ce0124da4c',0,'2018-03-23 16:56:30'),('0d2103a0fe08f6397e65ec029d16a821a1529eb315d7fb8d3a9d188f300ea96149951477e04f969c','2d506d5196176d01bff0c2ecccccbcf8f71f6526dc4bf82d5da0a8505eb07e564cfc5e5dbd5c94ca',0,'2018-07-01 18:33:31'),('0d8a81df2fe5fcb9b4bc56330c249c9cda27a6e68fa0a2df0c2437be14d52cf94ca30002a3d73f25','80c0304b3ed080e393ad5f47c6c55601400e1d7a71c45fc736efa2133f827e06c5e0fa4388681f69',0,'2018-03-01 18:29:46'),('0e0e1efb6e0c85552d5875cd040f6f22de6b08211686e2def6311263abe2ae2ab5091d976a333fd3','b52ff07155c918ae221568e94d450d26e7c1e8fb6f99bab7a8e205472c0606b407823aae8b5118e8',0,'2018-04-21 18:57:35'),('0e27ec746972eb24c25628b0a9e6665046c89a5844cd1e548d02e9c27f24d293802e56409244758d','f4e8586ca80abea3f15fd181235eeb92a6dc7b75b7094fa505ebf8b61dde2d4e31c0cbaac159bbd9',0,'2018-04-04 15:21:23'),('0e3cab06a84db0787cae53b4c4bbe7218457150be9e44b535af8210dee524f5bbb26a1fcf8cefb3c','e22f82bf3473a202af99dd44edf4c7b795fdefee19608e4ccb4b8166b85dd99279a67a6a1dc02422',0,'2018-03-03 22:05:37'),('0ec146712edd4f33f2fa2783b7364bebb07fc14568a52245a31e7e4bda5f26ea0009241865c044d9','4862f3d7d4d44bc8c57739d6b9ff495bc4e45e5985d858c567467dbe51c5bd2c34244c63dc021bef',0,'2018-03-23 17:06:30'),('0ed9407e0d6212662cf717050d1f07e8bc858633926f67455d39a7b273dc9e70afbbe603a256e958','f25b977c8b3770a98ec9b2eb75ddf507cad407b8ee281814529d97f1dee764d6b9518718b453bf86',0,'2018-06-29 18:38:27'),('0f0888ec2d9803883827c4b4788ca396366e14e050e06c47affb3d1e5e675f96f7b4107703a86cfa','7e90d458541c920db6e3e41aa2dc2482d115b489fe6e579a9b744c3b8c4cdda27ce7105c1f9c22b6',0,'2018-03-05 20:20:07'),('0f254de768592753432c617cbd3af9bd186da17cbc3d46d486700d7dcd0856373ae9c45304a32daf','be057e750ed473bf59ebe76ecb71884fd05cc388ce38ec78449f47fd5a57de808c24163a0565a5db',0,'2018-03-22 16:33:38'),('0f490d7c085d0f82c27ae92f4a23ad5be69c58f865bf7986f140b550e313ff61dfea06eed97166a2','6a0219ba4e4c50ff2dc3032c4371cde1275403bf8523386b0e5f13230922d9ddcda9cf456bd418fb',0,'2018-03-15 13:34:18'),('0f79352d7b2b0e8551ba02062eae16b2b4dd5286cafc4b48dcf9ccd87268f8566b16500f62e597ad','d569bb985da81bd2319969e4359842a7cba329d9acdc464cba6a466fb36c71e2457c93f4907c9349',0,'2018-07-02 10:14:00'),('0f8a5c8d441470f4ec3c852b354947bb8f0cd5031475aa525b3adfa53d25a96b9093bdb7bbcbde59','f3c2032beb420c68737650d8b268b8ace03c2f84749622a68ac93c1d9fcee821686b8ca0d4f2dc0c',0,'2018-03-23 15:13:02'),('0fc920f9aa3491a96c98c2ca9ec3b5078e249587f94ba3799cb8d6f3351f019e9de36bafc6bef44d','abafa7bf267d1673a7f42c749f40b520e59c47baa494424aa5a1be44dc333b5dffcf62d69ed0ce6d',0,'2018-06-30 16:00:44'),('0fca433e6cb690a18ed3fe6175bac4b275394bc242eba352ff0eb88e2ec1b14baa396b1d65784966','fd94bc0208749992bb5ac80429e32653d092e7b0a7c5b82a1388704389b4f974a9f024c78b947027',0,'2018-02-28 11:40:32'),('100cb8b7bb096b6535063b5dc830d4ea10b8881cdace1ca5f38c90bfa999ca0431ef290a63ec1637','51a1cfeee85c25b7310bfb66aa343c486e5fc95b649876ac8e1a70d88542c8e2b46116ea93e98487',0,'2018-03-08 16:56:57'),('10b9776a3e4ee8c6236d18062ec7caabd1493d2b5f60c0a3792eb05ee879bd8c4f17473bd38cea29','9cbc66bc4f690216be73be7a315f2e40804db110e64beb186bac9a5c5f01c484502914fa434d1daf',0,'2018-03-21 09:41:41'),('1132c0fb7032d3891e645806510cc2ccf6ea048e07290890c2fec68bcf42c4132e148b98366881ae','9da0bf797473d1d0425a2c38ebfdd9a9703bbead6b24ebb7dd2222d398bcfb67337f4750056d2d40',0,'2018-03-14 11:56:41'),('114e925c1aa07f630257a58bf04377f67f235d90ddc05a5b505bdeae91441448b032399b145b1d39','d50ca9fee01aa1b39b770fc038d5216bb06530403f9224e39444b149e39decfad345d2915ee9a633',0,'2018-03-28 17:00:43'),('116c618b96f2b9bd91b0e4c712b0fc0b77e64dc2f22a093253020b0e8eb9b8c191f331ac5081ea43','11d1c05e15267d56ed0f38cd67513b688c19032bf1205ed7559096d346dd36533ce1102f7e64ee82',0,'2018-03-01 18:47:07'),('11dadd8b9031448f9d81dc9e91e0afdeadb7d36e35f1143e4dbf2c62130079007167ed2b7605280c','b237e67573ddc90f8180c73ff2ea022395798704c70ade15a254efa282a7aab520d991188860dfc5',0,'2018-03-03 17:00:11'),('1201550f11e5a5b55ba2a970912def356ec6c0d55a700cf7ce7d004552aa11e13a54ecee97fca4af','8d77d8aea685e0a3d58e7caf2e5b1912a2050312fa6ac2f277fbaf5f91b33d7d65d8203b81cdf0a6',0,'2018-03-30 11:07:46'),('12916abe8629effbb1caa1cb05f8d051504fb3e1d2e2f65c24a37be37624441b196159ea99d6706e','bbae8a05e73992c65377262ab79d461bcdb804878142cfe2774be4976d3df1b5c1dacf1e7314f2c7',0,'2018-03-21 17:52:16'),('12b4c53b179991841fa1c195c7ab1ecbdecc8a3fdf1dcc68defa649a9910622d7cce916dbd17c550','2d7c4e3ec814ec9a4783843584f12b692ea89185c1f43309449a09afc9309e286ff93aaa773bca9d',0,'2018-03-22 16:05:17'),('12c22e9f58b80204275f8d2b06bafb01a0ba98fc865af2c5a69b20808684ae49230ba3e8096a41c6','9fd159b6c55e3d265fe734f2e48abfadd164fe5a3410292b3591bd4c1f4299d0d00a2bd1230d2e96',0,'2018-03-09 18:09:58'),('12d02aaff773f7acac7cdb196c21d4ab09db8fbfcebb5606c1b1baa5a8e271ac81bd2371ab8dd641','b033c72329868849cc0d5a7c09b8f1dc47632f914186cc29e9bf2a3a815120f0bbb5f78d5135aa12',0,'2018-03-29 14:34:31'),('12dd59d46790b20fa49e65684f330f28bca672d7f24085b6e621d17e98d150c2d5ad0a1cca2aa9d1','5803c67e0f09ac112ebdd16371629b25ecb6e7826bb00fdec6e47e0a841bb77a01eb4f2605800fc5',0,'2018-04-06 23:38:26'),('12f8e43c3c3b15164ae5793faf037b5c7cb89f0bdab22d29068dea6c7cbcb7c25d70ca434368fd4b','f5a79eb85d686f575643a35ac369c3c2c1a462f57ff5ed1dde5290b5be92359aa2d13db41037b215',0,'2018-03-23 18:31:03'),('130369d8a573cb664306c760d04f3619d0b570750ccf900909bc28b19333ddf796b54d268b290f59','02db977184e1e9a075dfb9ae8776fef4f2a3f783de38a96dd7e7256fc6bbd0af09de4170cbac4e7e',0,'2018-03-03 16:23:47'),('13071112d114e867e2516dc4dc1c2caffc9e246cc332cdf2ad931de164f3b77e09303971a2c76e11','d2ecfdd22709526d665e69a3a02041e8cfe2b49e6b5a6bdabcbfaa1571a5d2a17655b702499d45dc',0,'2018-03-03 13:27:24'),('13101da297fba42bcaac9bfbb29e8b354b351fc66e2204ca3c7de180dd87a8e5fabc0badfd3d4aab','e543fe2cf65dfd5d86f4464c4c21fed0dad4fea6ed89ebc0a1d208b2af9d3996b5ea81e759d2f632',0,'2018-03-08 18:53:59'),('132252d571cf6e26f2529c89bc47010244131523a588b334edcd228c99383134a653ab8e45cb4012','cce06bb0887c6d4741870f9c3e31ab018886d341294c07a03568e5d0485873cbcabef0c84c43f2e9',0,'2018-03-14 17:17:16'),('135aa12d9db969c0d636318dd26e23ac781f9acc7f756c51f372d7e41b65b0af9fab830832c5ecff','2f0b3a4a716d782a2844694d82cc527fdbe82a3ee9354ed9481a9da5d1cb1097813b5a516867152b',0,'2018-03-24 16:30:08'),('136687ff0fd41c910a70e89fc3c466a0d22cecc30d6ff4a84793a50c20be0a5bdef02c5e998fec89','c709f2a01e2cc001b4e2c00ee1088a425ae1e6bba0b9532dc47dfe4a3806d35d7eed21af32b029cf',0,'2018-03-01 17:24:53'),('13a25041a1ee223064a2debfa63937cb8772193472973f1afdf92f3346d6b16936748347f092b56d','f24092dc9b9bcef184b73d4a0a63e922568c3d906fad4a61a781ba151bf4920549a757d7ad640817',0,'2018-03-28 18:37:40'),('1426c66a257a8fb374b1caba0075440df8e434e447864e9d9767782dc72d43569941f2dee90b7291','319cefed865756b7792fa427f7b08bbd6b7b45074b893591b28ba00a5fe05de00536d8bbbbe6c190',0,'2018-03-15 12:21:41'),('144dabd583539c41f3c7750c92253e875e427a015945f1c91f283e3e18be76656c8da375a0f3272b','51ea8636b9ca070a25d1ed4120f5f07202d24dcad6ffac0af523cab791528753766119c0790ea7e2',0,'2018-04-26 12:37:13'),('14582d740a8bc721bcde65d891242b6948fd42c34a17e02980644621e416e2059fa095fafb1239c3','dd4524c5ebdafbf3dcd6838e33c5acbb0fce0b4796c0d6eb8e8de692f10efc960491b5ea9a1e2c8b',0,'2018-03-03 14:20:14'),('146bc82a740319916be84a32a7f2796c6d40e3458225f320890a8d3d27c4e98fde4ce60630e895be','04880299a9310511e2291a353b4b3023fdaf8ffa09009e404e281f8bbd91a7594af2fb492576cbc1',0,'2018-04-04 17:22:32'),('1473b357a9eaf74f3f0e503535886c14858c34d8ebe794b31fbdb0ff0c65cd6157818ae3975b9ca2','a5bbd102f1d133a02ba2059499aed2955ab5cd9863672719aa8f4338fae2d1853667331ed99088ec',0,'2018-06-29 17:32:32'),('14872420e33432cc48c50055b37e030e537936dd6beb02841bcc4ed6b8cdedb6b35b6a25fa7ae76d','59a0efab3992f3092bd414b7b417402cecc0091cfca6b73812d5f1fcc0553efba9c280b89e678d85',0,'2018-03-15 17:49:31'),('149b3bbb06701549a9fbc6931e948f753743f522f58c7dd5f6d46449f5f03b18b4e4dc01b3c933c1','db4709c18a74f9af9e777579408e060d71b19bf3e4f186ad25ca30d3789065b6a00f03c2d7a555bf',0,'2018-06-30 15:34:39'),('15c481e2e284a3bd0fb8354a62b47976369964a75579c3a9a928149985212fb381d944c0d54a3286','646e160f753c63b99e6ed918517272b934dccdb8a23614aa39bcf30554e422fd0da1ee9884061af4',0,'2018-03-21 16:28:56'),('15d2c0bc282fa125b467c059fbd033d389f1623fef1e4cf89b94df8566eeaf74f7f82905443012f7','9868d92d7ff9d44b934d223090563050f1897285c52cec419fb8829d0553ccd3b491e2ab8a402211',0,'2018-03-18 18:38:09'),('1634b5b3946ef90f2debc649dc621c1070b678b076e3b759dddaa399c74c1840b4f6d03d6d53a868','bc7b5123fff1b1d28252c8f643569c68d6b630655de23d13df70fa9e57b91901836f546121480e9e',0,'2018-03-01 18:05:55'),('1656d8ab59bef9ad08a05ab09562ad5a39c090af8fdb7dd554b8a5d2d602db2e932bff9ae0627c80','0b1fbae625b621354f503c080b73327e524e484b07587337be68078a804316a874f741f1401b4c4a',0,'2018-02-28 13:48:43'),('16e490c2106bf46e60f500c7f3f3275823e6acf91feb9af91321b6e96a4bad30f59881d112036122','b5cae3fc77836ec75e14d86e357c12e37c2a7f1cf6b7fd1342a515e1757ee0e4fe2b83515cd52a1f',0,'2018-03-02 13:31:30'),('16eaf206764388e2c03e80c14ddf382d7cf846c475ba0fd3fe864c8d0b372fb0e8615bd7e94d50fd','a559b1af7b27eb8ce04541ab03486a30feb53d45098c5f6139e2a4cd90adff670aaff731c75f4ed4',0,'2018-03-30 18:06:21'),('173f9cf907ed7ca2d572b1b2ce77d3dbc988d9e987a8d1acf0e0acb1e064b8e8656c9e2a64fe620d','977b7d4fca9edcf3f0ccecf2fcb2d1e53152cf403360a7157c5e07089ca2f1e3505bd6c3dfff471f',0,'2018-04-04 17:15:07'),('1821e31d3ee684326a8d5ea993562e20189569e2ad52bab22bcc26c5b64c7d8ad9e3fd7819eea3d9','152ac6c253bbc0e26677370761e3a87aca392b1ef4c6bb876797e3ac5452cd865d054207454d2a6f',0,'2018-03-30 17:56:58'),('1865d8354e9233d6cc12c00c4f795cea88341d60035334a69903c8499d97f6506c5106878927e436','a47089ac4ba8ca0c3309fed5fc540536b30bbec9d994b05379a79e08a1df0cda1a19eb334962c580',0,'2018-03-22 11:10:13'),('19431e2e2bab34e57373e5f23c0501f63595b839620115d48665f63cd78bb450fa690de54cea6e5c','b93e61d1a4f6b19122639df6438c58f528385222412bbc1788c634750aea2027b8ae0610b2aba4bc',0,'2018-03-04 10:58:34'),('195c33c35bd3a006df709ed678ea419ea377a4eac2dc163ed5f9a2b0168cbfd18000a5b1c6625bb2','82a491f3aca3753599c74a0b7a81c810a7bbd16faa2acfedce1a1dd273e95eec276a8c2e66838ef8',0,'2018-06-30 16:02:26'),('198e5f0abd722e0e28421518d1911f8c2df3c7e1d10f02419b2e319c543478e076a84b6bdd5c1f2a','814dfea6938d533d2ac333ad4ac34bf2b2d810b5fc4b214a97cacfe3cf83ffb49178f4accb758175',0,'2018-04-04 17:18:27'),('19a0de23aaf8e24b3048ae5b3ad07349470df4e9a3b751eb9a9d0f75f761a39f8196aee1ae48d78b','c45086774d99ef17452132cc984afd9bff3804c31c7153910dbd42babbec35308f270f22231acb7d',0,'2018-06-22 10:58:43'),('1a3fbe08cc9689f49848a0a13b764b4740e92bc5c42db19b309c745b32acf8d592266c62ed716cf7','cb7a2bcf18b5decba6b949d8c0c27692935493b79407ec5242b5694246bd3b86ea0ee9c9cfb82740',0,'2018-03-14 13:08:29'),('1a6e374e45073bc3a26fba32aa121a80d214efb6f7e99d6674988cf8b966812fe171e55529e6f16f','af3f552f583275adda337c14a175345ce4e28d832da375cb86fc5fd64c2b44cc1e7003270ddb6935',0,'2018-03-29 21:53:22'),('1acd26a95b8428a4d9578e5b86e133c0e5a14d10705049665a2ebe0078afa433ea0823d6460e3e5d','1ebba8212a95927f3ec14e429d31bc403c27cf58a3d6636db728075b2d131efb3a62f06f043afb3a',0,'2018-03-03 13:49:08'),('1cceede1544ce2943a49bb149998aa9c67be31f371f2d50496f19fbac1208c4bf70fe4fcd7dd30ec','4f8123a7ed20256ccce30756e234012399e55b091fa6d1eaca664563ea8e7454bd1c3c6c5ed8810d',0,'2018-03-21 17:31:44'),('1ccff05bf163ff6f7e6addb6995b4fcc6e3da4fbf847e96016c907dc907587d7d8ed64c54981f8de','3735d4834feb181aabee700cfd6a3f61be9c97de2b526139995372e8eec2f748ab83b9b5e0252c38',0,'2018-03-05 18:55:38'),('1cf8cb2cc5387f0260766e74772eebfc7496d7ed4e2ed6556924945bbab05ec29cc794cb4f4e79d7','14d39cce53d2a5a3caf833022da9f066d1944813dfa8d0a1961fbc3ce9a9f285622ce4fc66e8f678',0,'2018-03-24 17:29:25'),('1d2d5cb9267536a8ec1a28378c0b065828f5db7e75a7c89f13b9473cf161e4c4776408be12c1e70a','7331c886c8f19861e7918b36852aca648ab98cfaf5c73cb632bdf50b518f86c02eb6c7f7f54473a1',0,'2018-03-05 18:01:41'),('1d3c9c0d296a29d7601d7500a5eb414cc59ae346189c79afba827fb7ec3eb47f6b3c3d2cec501e56','ffc86db26fc19a251bf16dab9952a06a3b0bf10ed6a90dab51f2f35d17aa4466936b8b351437d055',0,'2018-03-15 15:56:04'),('1d4da47d9b5809f0fb50f25864fc8fc6f5bdd41aab8c04f44fcf90ba90237d87b395926ad3c84d31','f318dd810a368bc7f15caf906282c1f807a5209df8de63b8775320fb90ab86ee1f06925cdac96564',0,'2018-03-11 10:41:01'),('1d683626a5ac379987e1d5fd45a4e11d64848037ef5d0dd8d02553aa45e1d11b976419b6f6e3fae1','9072be80e2629e09fcc94efa65bceb52c7a6cce25fa0b5410698fc32894ab2cb88731824f24cf883',0,'2018-03-02 13:28:26'),('1da910e63c0689c8c1c0cfce1952c22efd14e7b44af19ae0cf2747f2e498eaeb3c8e246a134d91ad','4fa79ff512b3e640981d0ce6f1c189b4e58fb20014b95936e0f55ec97ff2e6e247e14c7c1ed29d9f',0,'2018-03-18 18:35:01'),('1e211d284da6df8ee550536a6344ff73c45f10050548e110e3b034a65e9cd54bb09820deeeb93106','d78ad08465f89afacf367e32f78d2b93e2d59acf63eb67689927981eed9f3e68f55e317c4bdea9bb',0,'2018-03-03 17:29:57'),('1e79da75c033356b5c2734bac42bcb0e2b480c96762b22bd9a6008b07e0cb0a3b13e7bcf900ee40b','4f6e24effbccda6b2f9ffabea3e160f77ec3297a2d91be8e3b93a250b14a90032bf6a7fb9c3f1ac8',0,'2018-03-01 12:52:25'),('1ea74d271b006141f07477828792acd972e599e9965b880cecd53cea051b8a6008f90c6336c042ad','b8374e2e7d844651be3b1e46220092163abb7fdda00da58445f34b5b7b0d8eaf2aa251393b79c144',0,'2018-03-05 18:44:23'),('1eb6f30c7a73a09c5c22c1234c145bffd46dba9ffd1259fb153b7e174e9e9a645ccc371c17dcc884','4e2a6a176878df6ff33188bf280e30a969c5a0bb672c22b20e526f6f95b9381ef636cc7470159654',0,'2018-03-21 17:24:53'),('1ed8fb73d4043c860f281d1ffaa315e1e82646c0dd974ee753159e41af18ecd82cecf0c8be5a5e97','a411fc47d2ae0f8428d240aa373acb9571fff809643d7b6be675042a0d22a5d11871c02132c879aa',0,'2018-03-14 13:38:35'),('1f221d884381c03e4028e6035f34cb3757b34669cae1aed8986729bfc1895034aef7515b92673465','cd6bf799fba82e804e79502123b38c416c1b8e74064841b9d7bcc58c682259d17e3643e706509982',0,'2018-03-02 17:38:20'),('1f2590c348973daae0de9e2251207600fccebc4e87e2ae8f2fee641755c50564ed3c8087ee5c2615','654547ff2e0319bfdb157953dd9de6f0529e96bc2c76aac7d09be9249cea10159a60636fce9e3874',0,'2018-07-01 18:12:00'),('1f421eec3892f30d4f3727b9596a9e7465b780df84babd3bbf779ca27c39605c13fa0f44dea2b74b','402fe55be56c32725fd6397bf26088f547b7b1fb4a35d89e26c4886377ebbe52d81a140cc8c63ae3',0,'2018-03-05 22:43:18'),('1f5020457ead6ff8d927c26ea5e4ba871ec0d11fa732a34d942d68d53592fd39a8d4f82b23c47324','1149ff5d60471bd20541a5c15670dd0f90861a23853bfdc3091eb4eb97efd802fce6a6101c7a2b57',0,'2018-03-30 15:32:18'),('1f7009a924a9b411ae26990d57218df533546011562c37b9a32f54357d4c5b017a0fae36474ae228','9b8aa1aabc37bc66d6f7be734780182c08752834776feab3a033670674aeee0cdc8bd9d5ebc9523a',0,'2018-03-28 18:50:32'),('1f841b772521040613d6ac7c46789bf38b9abaf79cd490da15adefc33da9f5e745d2e85a0106633f','9c61ed05d608f5b2d1009ab4463ef52a9a5d4df3a8ad6102e4255cd8681fa7900a6a2805f02cbbf5',0,'2018-03-21 15:52:47'),('1f9a29a963409dc8e027b869551ce18cc324395cdb4048fe6b87097f991e10c5acd2b0e0ceedbe26','40f978c6f5ba171c1f66b9694d305a970e80582a76acb751aae04dbec8d3e44d62a29616a7c148c7',0,'2018-04-04 17:19:34'),('1fcfad9b1aa42bb42ffe5c95a7c0964fcbe607ad12c20d8090ec6981fd8366750f4b88de3781bb4f','a8f23332571782459f70c520213e3b4cf4486d885fa760fe6b8134a24d2055b41242ea92613c66af',0,'2018-03-03 13:07:24'),('204d61ae9ab444727fa7d20438858196e0b95e04227bc763ac18ca243cf635a0f7f80ba0e7eeba31','9cbd9ef51bc69a269ddf09d358af452321e58de8ae65abe6fd541cc24089a55c3952dc6b096c5d2e',0,'2018-02-24 15:54:46'),('204eab719241bfbca86cd24737545fa9837d14800ac9a7b6e6836b5052bea44081ea1ed18b1fb4a4','691890d74bac01bc693dba588d55498271be7d00b9352d1267908e3eb785e7ee4f7559f22871203c',0,'2018-04-26 12:31:47'),('21178a5d0f0ee7dd8c19438c3c7c8f170d6f59d12e91ba9b822bcf23b88a25bab3b92cfe9d8111e4','4d6456f4a657e46e5694d2f8bc433ad711f431097c9ddc0c1b8af9c68fbeab96f74942e97b1a59de',0,'2018-03-15 13:44:16'),('2119247322735b2885ba34a01b5084014a09262e00615b316fa6ed3a02d34946af2fda9963d0ae54','820534a931cea7bd2169894ad789dfd47cb75af1c1d4b3115a4e6ec6c22e5678b5cae5282cbaa921',0,'2018-03-30 18:35:03'),('21ac93e3bdaf64f5af8e8219fac8c34eeccb2384d5d0e2a824c9860c440beb34a51e38ab12f9f82d','ca16fdb74ed794ce804e0082486ba2a8da64a9f97e72fd1d78221abedfeef42bb32d8d06c744e968',0,'2018-03-02 14:12:06'),('21f770a8434eb8da3de4bbb2e9c9ab89fd4a900ab2120bf82731f1d89e75b6c824670ac7b2e4063c','ca557fa348e4f6c85daedaa71d5cace9dd14231c5d9539e263dd2533103bbd249290d70f9109de9a',0,'2018-03-28 17:08:59'),('22146aaf713eaae159a4be1ef900cafd6eb51f496c837e0fbf9dad0078929986b2f8e7864dd6e6bb','c0a17727a1569a58b67742f755c6084d93362e93d4c47305046b931684c027e16cfc160d3bc7d225',0,'2018-03-02 17:51:52'),('225369e4a22a456982e8af376c4d6fcd20a4f24934048fc1a6c835e27466299037ee9c05cbc9984d','89ee3fff18f6003f078656acba17fc9971859768453d6d5956df097c3556835dcf88af297c854568',0,'2018-03-28 18:43:51'),('227f313dd9309e4957601bd26801c1f45ca3e33145c584220ed0b327c2935a19ddc13f3178fa7c1a','cf97cedd05cf32967ef6e256dedb77442c1ccd6b7394d999cc421c92446d8bfafc42a118236d73d7',0,'2018-03-04 18:00:32'),('229884ba5a361e350a35a16eaed69c0c9b2a8a1d262c316d0f28b87816c2c6b6658689b81990dd46','70874f30f8ac151810c38c3c1a99d17982fa840b8cf655efda17749487aa24cb048a28cc133e614d',0,'2018-03-21 16:54:26'),('233b41728f9ca006d2260fcbf67c63915d39e62c3354c3fc3c8d5c868a135459fb121bfcecb186c4','e075512a67dd45144af2827e97c52e94d89b145ac265003f5d75ad9694e2a192512a8a5b2789b858',0,'2018-03-28 18:38:14'),('235c51934ec161c9da24cdef20f744628885a30607f104fcd7788449e6059eee64cc7c8193c0b549','17bacad092b6e4545df1130eeeb028a058f5816eded08486b8d05e48aec2958e86c85bbd5927d222',0,'2018-03-10 18:40:27'),('235ee04626bfe74621da62179ffed671fe39fcb2afdbc38a4a130b02e547c97d14dba43e0873c85a','d9e9e9aa18cc55c793b3e0585b95fe37ff9f2b6b490649d74b024a24b9dc259b0859aa077bb71625',0,'2018-04-04 17:06:50'),('239c9f19d9205712241cfa70bdb035be287b2d7b6d402eaccb98be71f465d331fe1263a156c2140d','2543f4a2205aaae8ed68ef6322d6493c22a715e7d59a18146de04a9e57f2e4a5f718d3a666a44949',0,'2018-03-17 17:57:47'),('23aba1735e8905eefac40b34d5630c6d7f74b4a7b18b233a7119539a2506b57f124401350fb92b52','9ac11471d224c18f356de669af2de9f43afc5e6d0d866fff5730b09693526a73f5923c47ed2b3a5b',0,'2018-03-22 17:18:33'),('23fd7ad91d8178e9b284341b5bb6407f98a882fa469d887a793a4b50eb5b1d9087103f4d1d58c497','5e1f38c624f7910360b283a05359610b846e9acfb7bdd279eb978713d6182b5be82089f58aa89ba5',0,'2018-03-29 13:03:03'),('244bd24d537b0dd68475e672959b0afeaba691e240c25fdc1cd07552c565bb279ca40c5cb0f9e42c','2e1dc9f3a248a2e0a9eb630d91e2454c1bfbf1a1b6ef8d71decf00f924f81484035b0fa673255771',0,'2018-03-28 17:48:18'),('2469636de2ec7be4083b0af82b0d052f2c1bc5da2c4ca1af0a8be1fa556d8ac0ae5dcf212a4ca9b8','3992cc304672c00ed69f24c5abce723e6263b63c4f1afc5cc1e152956d4df59594b397f81079d8df',0,'2018-03-31 15:05:08'),('247b5f2f17f33a84170636a611a76f3deaf55cf4eee79a86eb9c831d51e99bbb588fa8e06742e9d7','a27ef08266cb88846e22922d862f04cf5699d07c4f83fdc11f4e44f8a4e05e38f95f8dd0fa40a5c8',0,'2018-03-25 18:05:07'),('24c214245312f08ebde8368969c56a0e6ef3de4599caf3d02edfca3f539f9667b16dbe4d7263bbce','26ead8ece9892a8858256bb1da4504f6d8ca1dbbd474cefe2d95c527320ca474483952fdd02d07e8',0,'2018-03-15 17:05:19'),('2558dcd65dded13e317a64d866642ca442749dd5aa217e282b903ba3862ff7ad66d9ea3d14532f5f','3f5089e552e712f0ae1a14e880a8f17c1056a7e7875c99e3af2dc39d62a1e6e85b6c1ea4305c8bbc',0,'2018-03-04 10:47:44'),('25ca90727b3c8898f0b6026f82b88a211534a50c8ae273d2b08113021cdbfebed7a0ed25e5ff4c38','5140ca0b9ffb08f6078431b751575502cda36c2a694fefe346507449607fd0f81b86a89ce88ceee4',0,'2018-03-31 16:51:21'),('25e6a1c736466efc9d8cad7cc38e2dbb6dce0734e6474af7f255daef33457a0ffe3c73903b51f767','eacc07b7242685b20d7e1264f21c76a498ae925a19aedbdfb0b62e4b440bb7a0aca2bb0bf6d54260',0,'2018-03-04 16:44:09'),('2686eccf333bf8cfc9451004afa981327ae0072edeee4c72e51229341e0bb03d9b8250b7636f7937','588a0edbd7e010be9da6f781d09509b7859ee2100a0767d6f9b6ebc4c266f12606fb175d067c2c6d',0,'2018-03-23 09:42:25'),('273163bf5317ac24bb085de214de4a176e487e7932940c561e0df125e352e58376be87d31c6b99f8','4571e3e0444501daee8ca1d4bf8051fb37cca30ea31f00c5b419c1ac7b594680db6f9aecdbde9307',0,'2018-03-30 17:32:19'),('279846be8fff0904ef5c296b543a6f6f67e587e5b16bc61771ba21dab2ba0e89b262820b46c60b46','617eee86518723b4fd06eb9eae60eef749814411628d6af27be4b8b72540754b1832258985d8a253',0,'2018-03-15 13:13:00'),('28ff991ab48423ea5bb78d991bf39285de5349ca169a1af12fffc35b3df2d71c0a72df5fe3bf5344','e14c7d9baf0a5aeec7fac1506914a47652dcf816d13c2ed15d472f1632a43dbc9a00f363c97889dc',0,'2018-03-14 17:41:48'),('294778fa338ee8ce44c68ec7218d1f9e37d0b1e266fe6a51f3b41a72185b593cba78424f58de6fe4','4a266122acbcfe073d99e7ae8cc0879829d87759bb2aab278a085b213adf0a52f8723aba7b3f55a0',0,'2018-03-08 16:40:18'),('2964c0c7d0cb440711fe3226104bf73cee068d90134f37567028fc011da39d214cf0483b4936678e','b0c980a058ffe8021e0bb698df39f4abdefc6bd0d3dff844894357c997d37a5c86e7031e22deffce',0,'2018-03-11 17:02:42'),('29c73be2ba8e65d7f981eaa4867d254eae734740dd87ff2e91588a8716bc3a77ac770466e032a0e1','20478314582dd4eded339ab18f13aa6d121b9c78c0692900339704847070c6a9df4f164524254577',0,'2018-04-02 07:44:56'),('29f1cce5574396c23b8b354fb31ead1076a3138bdc5fd30a4cc00b44d8a13a72d8974d95179abe35','e32172a4c285ea9d674785b9c0dc482bd619a69a7cee4cf02b19f3fea12075980177eeccc10fbae8',0,'2018-03-01 17:09:55'),('2a87ef5ec59dc036b3d18e2bdf0a4b257530f0cd451fc7681322d6623d94788ff5978a9c786686ab','75a99bd0e554b1de9e78dfa5c2466db68006336ae04210677f40eba94853981ec2b6971602e8a66e',0,'2018-03-15 17:49:35'),('2ae4a50fd127f1cabac76db958b1e5ce88826537a3335aec1da002e041a15b3a1dd9d18f6648ccfc','4d995dc19cedaf2f3781c4fb3af2e6e560ca7799cfcdb148636b1a158193bf66354b26a8264da551',0,'2018-04-04 15:04:03'),('2b26079aecc5d136fd536dc66364d5d43641e152d7354efd591d4d8115f67cadd51bcacb73ec1ec8','2549c87a1d2ccb90309161c5c1115cda04ca9d5d8ee9ce19301e35eeab1f1b8b4aaf572bc1e525a4',0,'2018-03-16 18:14:24'),('2ba24143e6dd19a86ec3202538acee3d3eef456c0a53133c55e87ccdc92ec277378a685c39f2e21c','62246d7a92bee24eaedc2b7f53de351912102046aa85ce12a3f9a14c101ec923df44d0491fde4551',0,'2018-03-30 17:53:16'),('2c1359c21c7c78e87e673a724a8b74cf76c26b345c6b3d1cb0dc17e8496cf8ca71ee7ac1f6d80bcf','9c03446ca1cef3a7ec01f8fcafda3867eda23120f14f75223fdddd8079a2bb90cf850a2d610f70ac',0,'2018-03-29 15:26:50'),('2c1b768c10dbf7646539bb60b3d1a28d09d617febedee0780264df7944464f5d3349ddb97b4b3672','cda08001b86265d77d1d5417ee91c69a708f30f3cfd319fca903dce392b0cef46e717614e3bc4e19',0,'2018-03-01 17:59:11'),('2c6c675b329cb1b09fed02923e14ffb0119611c2688788ca1d9e5c7029c943baea96fed91663efcd','e9294f4f62bb28ad662fe575dbcbdba240a81de52e63097dbff352d976c019dd78cdd97b295272a0',0,'2018-03-03 16:50:03'),('2c6d0b0af5ddeef84a81837c5a7cabf7bc6b585792d1b9f437d75532dfd0fd261f93965440bb2986','c6843e5f64bb822f8bc69c725e54769812cfef923adebba6bc4c98a94f9c202b43659e8ef95b9463',0,'2018-03-14 17:55:41'),('2c7ecfd6c3f94bbf7c293ac23036c9d1e3c3203ca0a8ea3767f8f3b4e676ee4c9b8348107fc3e097','8704b69c1d1de5bad9138e930fc92143f92e25ba8cea99670dab7f563a4c595c3fd76420ef988dd7',0,'2018-03-03 14:19:36'),('2c7edef315d9d4052c26803e0d18d6b5d3f5f1f37e272e2050ef7d2f83783625dd5d809718e9a28b','4881bb1100b1af6decff6a56267ffca6bbc7beab086ea5c00fa335674c972226dbc6495047918efe',0,'2018-06-30 16:47:34'),('2cf30a2426a96c56af86e87b40be9a1ddeb702cb368383d23afca52cf34b83af5a7b78be1c4d0aed','bf287f0ed70e8e487679dbfe7eef3846ab3a2a03c4ea5e5b822df79134604027d77273a34e98ac2b',0,'2018-03-21 18:14:48'),('2d7822c7a5eb4515260184a7b9e91fc696917ef40c7a1c07a7cc682878db680e4a33efa9ca769907','f86de60a2fbc82f01dbf29b1b8733e70253ed9103e78a9863309d6a899a2c97f69651377ff8ac7c5',0,'2018-06-22 13:52:24'),('2d8db4f6bc67af1455cfe2ce0ce5662e17cefc62d99770705b3c7a8f7896178ac7bff2d5ebe45e39','90c550927c24ea6c91d7337a336b4172571c51962edf8f0925a860a0b0d944d6fb0c935e1d9a9295',0,'2018-03-05 18:48:58'),('2d9e3af312294413ea5991e0a2fa410961be0b15529527103842347d79019e18ab74a2cc5f76b333','38725320784f6199eb1a444f6a7008b45690805ae4ac4eaded0a365afea4a64480039a080cd7da49',0,'2018-03-04 17:26:03'),('2dc074a567938d717aaeed2dd6000c9b0755f0d6e1a8e0ebb3fb92eb961efc0a0dd688bce85ea385','e968a97fb889b9c8e92c007a3737b6e90cc6204e772c93c66bdde406a88b082c16f85f23d4c52112',0,'2018-03-05 18:08:49'),('2dda3bec2850bfafb2a52f5f257e5442ece120def7022f7d9e1d6e091ead8ca9c72d0f640ece6070','9adc16d0f47217340c5720b3f57d9558ad9077da9edb05e327644a72f8bc3fd0d68cca9a7afb1055',0,'2018-03-22 11:29:43'),('2de982f678a7aba87522f5a34ec5775dfedfd55fe00da38d46e7561b2b881250a07b322c065ea53d','4ee46069b027e17f01a82b5de2dfe5a43b98bdb34d65f7b5ab9ad808f93af45a386def7e8e839644',0,'2018-03-08 09:54:59'),('2e0550eff58cfd9e837f817f52f7fcd3e5bb6b491581aba154343395feb302fff79a8b938e9d106f','efef5f8a56a63ae82042684c4d8cbb36d4b671642e51b73ddd10c509e5ccf0b9216f753c06fcb624',0,'2018-03-02 16:07:34'),('2e137754add5e9d1d0e29261ad1037b835cf41ef098affa58bcb2ea13fe667d9ccdff989fd735200','c138f06a3760b5a2615272c8cac6232631fcf53310a75fa4388642b7935a3daa68a038fb0e74d6fd',0,'2018-03-15 18:00:04'),('2e17d824ee9b6e166bf8b285c725207301fe62922b4e4a1e4421087b57001656c40c2a239669d448','c2545f9e38992f1ba6ed18d4f6da346cdfc0e67c6c365a2d0a3218067780d4717e8b4702ed90c168',0,'2018-03-29 15:28:58'),('2e29f0f6b8a0dac898bd9b549cd5dbca24e892566af70bf69c0a12705d9d4c19f469a47ec8584b7a','1624ac5964db680a73a028a9aaed8847e97d6abea7be95e92cb13c02907994a11f40e9f718a0038f',0,'2018-03-04 10:20:39'),('2ec6fcb68138e908c308c40c84e07e5806761405aa5e7fc524e1858341c2f05bc5a66f4c9bed6caf','23c6a3fa4301b6fe2585f96e44d1c98b3e7463016c19ad2d9da8ba2bb1d5f4862c83bd54d645f47f',0,'2018-03-29 15:53:04'),('2f3c7d4c00dfd736c5f593a267d8aa06b0c4e69581107af39ad4646b936491546d2bb9c231436d23','e724eee90b027c836ece671a96932b6ddd2aa8c41730d928b7a6a0f881aa44535a58496dfeb67073',0,'2018-03-15 16:43:56'),('2f8edc7ce7e7c6bac126a9c9bcdc5b26e9e17ba0bbd05a94cc0b909885d2ea803c0759a7a5d952f7','24660e62626269aa27db40c3ccb5bf073e00af70361dbb92da5e6e2e3902be0030874dd453d81e5a',0,'2018-03-03 18:30:33'),('308b5eb1e06e67f2325df2086536ad34b8908d992c4d6b90d52dff6259c9c8b875ed6e228dc3fcf0','d9c51779fb074b4c77ed6702241ef938482bd79aecc30003cabcb07ff60b87ff461709f4ed177647',0,'2018-04-04 17:35:31'),('3093c17fe87b0ee2c1d3e0ffcc68c2db9428f35bc4551b9d9d5d7d1629616aebc642301479d54dda','3f3f5417f1376b4a8492e986faa1367b169a0d51a9ac5daf2be88c9e62c6941f248edca92bdfeb9b',0,'2018-03-22 16:05:00'),('3105884f9ac1e5106266c3b0d5b3077e2e7ce057ee143d22bb4577de88f26fcad79cb00bd1b1d41b','2a9061b4435506cbb1c428a2008142ca36c2708ff0494be7107a671a464b777725b89371156458a5',0,'2018-03-29 13:01:41'),('3135834d9063489065031ce914e64ad5e805eb87be7cfdb799e0a412d430399e1077b92d611d3828','d32de5f35f139b59330b33d8e1d3223c1541b78bc888c4864f626c1b8557d38d01bec80ffe79195f',0,'2018-03-28 18:46:46'),('318a3eaadb11d90f5ae4e09ef3c52171d3fe7be84a4713414247fbe589dc9af74686836b440db4f9','c94f1719f311468f4581a920fd6ddb7ebfb7b5c89bba6b9b0c7fd0d85ca23821e938860f854122ed',0,'2018-03-28 17:02:21'),('3235c6f8574b77a354769e1bb022665a058c758c39ff256d13cdd2aba4444a5bc35f4e795084d186','37f2f9f49b8de7b77a1b18694fb4b747d403fcf7a3b1a05f1d70cf7f7aff1c430d41c5fc346cec07',0,'2018-03-09 15:59:42'),('324102976fdf158f374a40e2e6969d6723f8d23b19b1bcfa70b9fde0fe3b40c77e42157a48cd7f46','fac3370636756a1b5674f32e4b5d49b7abe29fe316a8cf7100f9ece653e0cd4e91ef0fac3970648f',0,'2018-06-23 16:08:01'),('326fdf05cb381aaa8e53ea0dcb974cbdb7c49300725749598d22148edbfffc6042db6f590aa0462b','16d885a36fe2fc29dc2441727e44f1937205b182527bfcbcaff2ee67e4fcf4d55a768467fa027d12',0,'2018-03-15 17:42:50'),('327c939cd3e0f5f873c42e4b0d5c9476615ff554504098c8b37e0cfc01902739b96845bb944a8372','c327aadc5a0c6ad5cb611821220b85c8ca23fbee01ceebaef2e78b6f6b7f247ddbbd815bc76ada34',0,'2018-03-15 16:59:33'),('32ccb7b19373884fc91431ccc1626bf47f311789edad831e33f30ff8905df72bed8d33ff92187a0b','6afb6c5763b0389d35d472be5567b185f669e81d69729010d4713a75fe8b15db3f650d1723ba4bca',0,'2018-03-08 17:20:58'),('32ce3c28c429d95dfd6c485716b9866993223c6bfa9a87a36d55e9f39b09e89ec48a3918ce0a95a9','7b72115e7db41ce425faecc885fb27a72c330705fb1d752c974f84964a80c93a172ff85419f78369',0,'2018-03-05 19:14:46'),('3336387a9382515c9b0b91849e946cec722a22e0f44ec6fdda7c87844709c0b5353f9aeb266f72b2','0f2bcd95549273900436dd1ceb71a7d69ff089c02a62affc6d8424c6c3892615467dff9c2344658b',0,'2018-03-27 00:26:33'),('334a1a68e0bb748137401f3a8f3979db6d7afb61339ac3677bde39b432af0605c3fb059d9c9ff9bb','3ddef7c814125b702a105e96044d1d0666bcb87d6a44103fe096647c338676f5c305aea8ac82d9d8',0,'2018-03-10 18:39:37'),('335cfabeea479650a9bf3b78de26044196d8cf97027ad2132c688956c45716d1f8e35d68bc0e5de3','baf8786868540318addd7f4879d5fa28a600e3f71382ece3e888e08a69f97e7652f628c2d6d0163b',0,'2018-07-01 18:22:38'),('3364df4a848409df3197aaf83f2e958100d6fd57480e60a650fa01f90d1569191e83a1949c8012a8','c478e510ceee5bfa98f8c8e1be6009b17412ea891e0549e3c7c2867f8d735ed90e1d11d7acb4e003',0,'2018-03-29 16:45:59'),('336a17c6658d92136d3a43b57f837d3af96d502b75d843bad506035d5366b27f26a58cff9ebd276f','e2f57e5bd184ee23553dc573046c81a533a221151a72ae96d6662c6bd4ae2899fe88ef3c895658b1',0,'2018-03-14 16:51:16'),('3376e41e28b37d2af942b53257a1494b8f6b3f1a6331b01a919f0bd8fc90438bca4ef8bd9133114c','dea26ee98e6e6ea38efff29484f88a0ef250a348d5bff6242c7025528571db362c24d99e9397eeed',0,'2018-03-16 17:50:54'),('339630c403d89b9efc79c3137d377e23aed19b9a98ac27f81d1a406b1f7445d5fdb6e683eb708fe9','6933c110f9efaf04cc18a83cc3c37c76164513fa72bbfdf91d4545a220ed3f03179964f4e9352c6c',0,'2018-03-21 17:31:08'),('33b660384d1430f042c7ef0932fd7c4c0e1d130a0e1836b8bfe33b58f9c07f6f006eb5b7c1f10c35','ae07b8ee08c1bd28214a978fd403102e8da8d1de90e44e632de3dadc4bf7754597cbf23655f46e65',0,'2018-03-03 12:42:48'),('33c6e213f94a4c2c21f0e8b8d452039edbc0b0d71592eeea28b1c15450c26920343f34db401c08ff','b4d1b924088c5ffb5348d56efbf63d3bbf2ea4ac662c3a9302688d404730f20528f746e1cb76f911',0,'2018-06-22 13:52:31'),('33cba0fd46c4bc2e535668656c59654fb7e07430832b7c45748210469475f25a91ba223a58b0a264','22a8c39a8f54c7400666cb0bcde26c5b5814ec70e8fc02d7ac6cd5337eb593c019f64100ee6b548c',0,'2018-03-28 12:31:37'),('33ecf42cf6002ed43d9d1f098229406441e022d1c4721ae23e5b50529d861850cd86861fd3956c32','55be16c7e6eb99b05dadc8270612f0851ec141f7de0cc27892f70b4a2c8ec7fe4c269d27e1628595',0,'2018-04-01 18:37:44'),('341baf5e30c8b48aaed44983f10a2e0e31c1defbdabaac98a873e77ed33d83437c098f75179cc778','648953a2de2d50e59c1d8a356c78244eee68f188ed27f0c5af55963da0926c27cf13b050a155ff75',0,'2018-03-08 17:22:59'),('3447e087f3a26684e26548a99da042b2efd98853eea7466f3193bcd89b95fc9c5281036be06d7258','0bbe57e8514eadbc9daeeb6faedc2444024a433354d3fcfd13041a3aff05939239faa9f2cbce0a14',0,'2018-03-15 17:11:47'),('34e5d564b79bbeaebfb90d8a7b0f45e6a92a56fb0abf60a0b140261346c4fd7c5d6137b9259c50c1','029b2fbbd8bed4d30b9aeeee7c0b41335e4098f7c1a264657e370d660de47e384b2833cbd1a9c15c',0,'2018-03-03 18:28:34'),('34e60f576b35324cacf88d060663f905e17f28e5ebeb19f4dc24e3de2251b9c7c44d65ff93c5fa87','a913cb62760bd3d1dc9f02fdfbe9defeae9fbe29cbf1227f2fa724697abb7ac0a690523f8316ac10',0,'2018-03-11 16:59:34'),('358aca955a618d2856b8703c75a4fd65d19dd1eb6298b7d5b12c92ae14584d3ad3a0d80e83c2e49a','b59d0ec7b411335569cddebd04a86f4d7970cc451d095a1427301c5fc96495c5ac6d08a26fde14ab',0,'2018-03-29 16:21:10'),('35948c3b8d605b251f3ca6a39ea2e5d85ff77974d3e51c15694e7d1b2ae4227520578f9553c72888','811ba3013e4a541e5b16577f9cd74d5cad6b971e61bce4a7e62233d99e84a32c9d9940b40bd87d3b',0,'2018-03-10 16:06:03'),('3595d1cb3a081f1017eac6f02c1e4ceacf2a7a7cc52de2004a5e5fc5bdc20d9125dcbb72de8f9df0','19f565da2c08c99e9b5cfd4dbb3ff3b179dca0dcf1f40ce72998cac5d30935f2cd638d5238a1bd5b',0,'2018-03-11 18:02:18'),('35a2473718814b835ff08ddad2ac26a3ef37e687ded9840ea312f46e03c42fa468ca1eb0b71692a8','a1650a0b5a0e6eb0c0ca18381d5e257f508dd1a7d55a45246db804c478d5422850ae0ec8d8785416',0,'2018-03-05 20:21:55'),('35c5104484e9f325472cf65f1d2330b83cd2d2af0507ecd350e08603ff8e505661738764a8cf8a4d','2492c9b07178a983137151b7bf0fa7384492b2a5b596621963bdb5f14320e8132844f21973d60400',0,'2018-03-04 16:16:02'),('35d35c7292e20b08869798576d9fba01c95f0a570b35b9ca62ccfb45c746b5cc4fec09f842bba29a','43fc4b45ed74a44459cf5ccf055972bf8bc154034636422960110f9fb1e12a47a690febd4231ae52',0,'2018-03-03 17:52:52'),('35d99ab6b36f2aa2aa59b433bc2b9c91748ea8012d40de49943eca51111ca6b67f2a581539e1da09','7082dfa7663679c7597b88fd83bf09dd4b101f35a154279036998db6ba158c9b3f2b752425c56d48',0,'2018-03-15 13:59:16'),('361a8ebaeff340ee71e08ec77896e4170fd7c23c603af245cfeebf72038f6fe3872ce6321d7a1e66','602f822909a3774103957f40263be6fcfa0398f1354e4fe7c9747e229f81c08e5f41381d025d3fe9',0,'2018-03-05 22:29:37'),('36301ce89eead175551dd1df04713496489426615a8ee94b0d8efc6a19f87288d0839664b41271d8','0e5cd9133108678b3e7c9e6d1b504feee2c1bbbc37d1271bf38d175c47657cb0ac9609cd0c3127d0',0,'2018-03-30 17:58:09'),('363af63015c9e16923c44f3e161e708583f55236a2c8c3ab25ac9e0a71aff812da86bacc4104dccb','8bc15fb78d3ddea3a5ac4d1262a6c178e2984618869bfcffe94a13f36080792cb0a8f90baed142be',0,'2018-03-10 15:45:17'),('36474319c2f970a6eaad3d1ea6c25bbb389a5f557c1a2cf84bff33485278f57a1fad8ae277b3b6c7','277235171e7382fb676029e4f35344f81d8fb88f0a3e96265b8556410e8e0096ca7cf3ef38512091',0,'2018-03-29 15:31:19'),('369da4a576b69df108929f942e0fd0945891a0aea13811365e42ae213efdfc26fa9682e6e5a1c9c6','94a7ac22159ffc1dbae866a0cae7eea97b07141d62c2dfe0e521571d3a7de21434b01847b050d118',0,'2018-06-23 16:05:59'),('3723172ef6ac286f752cc574bce727e051765f78b9d14e311cafe10dfdff0ed2af9510a9896391d5','fd00dfd496a9f4daecdb2e54aae2ee72c28589c6cccd1ba771fb5a1c243a4305127d5488a6528df0',0,'2018-03-31 14:35:22'),('3732816ef241a0808db6bfdb2d7df7b66344330d7ba9e73ed704b283e39cca650b90637b868325db','ad82c0bb423e5d01e64cea45c813f2b3b43fb8a4806edb90190d2525fe3e439de19e127ef38f36bb',0,'2018-03-02 17:57:16'),('37d3b5bf0b887fbed08225ff128a8c8e324e53df92aa891b1c084caed81718a8a17053e6c3527dc1','59a69210b972c88000ac3f95b2bd58fe19b85016265ff9913a614e6619c4b9f5d77fa62d5fff0c2d',0,'2018-03-03 10:13:18'),('380f541967ffc70709dcce21210878195592f82dbec26cf417c648caab60bd2dafb40208269221bb','76c4940d90c9323b1346b54c4f19e6c9d5ce1fa345c4b35f6cf58bbefd993bb92d27e2bd79870269',0,'2018-04-26 12:42:58'),('38c60337103f844daf6f1138403de3f6f4ce8219e587745987c49021affe5b78c34d7ed47b788449','938559632a3f6be0fb0d93f9b623a813e947a3716f18459577d00ad2bb7d723509657664786617f0',0,'2018-03-01 12:05:53'),('38f4ec449c6bf88bf4639e91a316370c29ed64e7850356120ef053e1485b85e03d362e4cc94591b2','24d76f8d2d15223df478e025c14580b1025527a75904bf35b0174b41edb7ec19a362af19bc43a3b5',0,'2018-04-01 01:19:06'),('39210b9d051fda616f5cb95c2eaa7e0baa91bbdcb2d097a5386dade56d803179f63c12fba6cb900b','9a12e53fb3c0f42c69ea52d1ddce31e4b1c0985741ec78c60f13aa964285a396f3a740ddc7446cde',0,'2018-06-14 11:48:13'),('392e24913bd3969a0bd760e55e191f4400991a08718d41a71b3618f437e56dfca2f0897135aba371','ff9c53fc4ce0b72472ced466072c6ab61d31083d721e79ef28e315bfcd838e928112d2550626da31',0,'2018-03-28 15:49:30'),('395417e9cb60f11f41f7f05db4488d95cbc3e172a6e2307255b6280c99e208ffb9131cf8d5ab00a4','9270d478b66db85b57c09aa0c355ad2c6c1bf79a3b1d0034fa7fa32c2bb243dfa059de91754f7eee',0,'2018-03-09 16:57:10'),('39759909c3d72c765bb3df17b4852829edc39aa8967b1b673ec42d42da06e6b697789013a69bc6b3','89adb34d87fa804dd7db2a3f151cab2c61ee778136bf08481e075dc5eead7dd86ed1cc5950ebf7f5',0,'2018-03-04 10:27:02'),('39c1b677046df64810da5888d7777877712af4a47b83b1dfc7ed880b2e26235ea7076927642be30d','e0bb9d7245fb758f045041d75b5a8eb8172aa97c14bb87624f6b7d715367723d79209d5fdf708cd5',0,'2018-04-07 17:24:15'),('3a25072a48d285ce4e346971b4fa77f896113e9e8d83f768b7cd2fe804ef642290c5ef39e43015d3','0da30e6b88dc8c83ae681434e56e88021182e3781e4f5fdaa3d18d8cebab428f7892a4ba79f2c62f',0,'2018-03-19 11:58:59'),('3a4bc755c9c715f27c0ceae8a6a64badaab044fe741782500bc4337b1fd7360db7787747fd676ef0','c581d0cadc96ce4a9acfa7232b465f9337105fde8d5bf55a2296bfe585542d69c6c2764c8a327799',0,'2018-04-04 17:08:40'),('3a5598aa02b91d62202bef467389d47c8f0bc03c0bfbe0f817653a13c68a4206b0dab3d1d664de80','d677af2b9ddf372444dae430b0d41c83a7394088a217407b0b9828bf2a90d6834fb95016d2cf8ca8',0,'2018-03-16 16:32:20'),('3a74ff64f76bd6d7266bcfcb5c5d4ba33d35d4b62fcd70c25fa4596ff7305369b574c3cefa21d0be','a814d7db417cd477f8ac8dc34b32b607b0f8550c10a0a8198555a6b60917dad4f5e4ec8ee5b25c34',0,'2018-03-04 22:29:54'),('3b4a813c4264fae1feffd672495b6eac87181528791a8bcdbe2940470860b1e002d729a9eef941ee','24893c325af72677500108180eaac97656729b90de05e5ef86e1dc0c4de4c6c4f1e061ecf077871f',0,'2018-06-24 18:53:06'),('3bc06e810a392e02a365c8f1bc126080b627bf19ca995e9114afbf6648d385ef361a66d41ded9cfd','7e7613be1f9ac49ac59c2fc35ec328fc1693e011e85d9fd36a812f6d74be7c06ae5c4e6c332334c7',0,'2018-03-03 16:41:27'),('3bc8f69a0d8768e2d3366b606fa61ee142c79cc4885d43b62534492b48373e24d046798bf71ce6f2','972b2d93cb2ee960538a51e24101897d1a22f9a7a41a0122b781d5176baa3561a8435217bee6dc91',0,'2018-03-17 11:03:42'),('3bdbc3ccc741b736f77fd4b8488b0fa6d5da957130c958c5dfe2adc7be1a840259314f80a1157a25','7998bbabbb2a1a99fb884f48626173cf106343b3587a8b1fefcba5a45da6a34d9dd1bde63204cd19',0,'2018-03-15 15:59:56'),('3c2776b7b4605d8d89d5d6bc73633f0839d5c7def81078d140bd4936a04c8f706a9a8b59eb16743f','78b675a97d304655c6b80bedf5612d656ee90c522295d8bae889675f963512f58ecd7edc0c1596a5',0,'2018-03-22 18:38:38'),('3c2ab7d62faa7f5ffc1ec2ccee71f2db1df5979662eb0bb3d4b938716321a32138d16faf4bd9ec20','33d9a9b7fa46620544a4b617f6c08f62dce77ee031202191cc986461bd15f92349d652c6cd5cf6ea',0,'2018-03-17 16:43:55'),('3cc01dc7abbd631f36985d8e1642f0f30457f59e6e64144a785a77401835434a6eb74e9d2ab440e1','823715068d174c1ff0c1aabc96c152ced83614511ae3178b39be32a957c722e046cc1e9aba917ad6',0,'2018-03-03 15:46:47'),('3cd82ca10a8eaba1f7e7509096919daf136c08c9ccbc9c431e43c7bd024f5ca34d8b882fb5d234c3','a5ee7badb668ab4a31af6b244a425a131f7b8ef314e9cd2ffd547e4afaa0403367377229d50341ba',0,'2018-07-01 18:48:54'),('3cd927bdcf39eb95c6c07b08c3f7b17e2a6868aafbc2fd29d951f8eae8a2bb563a0b25adaa22671a','bb8f320f5a19584aaabc977454bcfcab75a00f6853bb37d3f8b0a6b0d4d524e6e0a8a45d85d3afe6',0,'2018-03-21 15:56:26'),('3d3706d4443012bbd2e5b67b5be4d8bf5f4ae2121c99bff76aba5f6d8729613df6165ccaf7e727ef','57adead7b30a6a48aacafca798e2363e889644d0f9d3e11b132d066deb34718935a71b5e6c6f116d',0,'2018-03-02 16:55:03'),('3d422f299347a5beb9166bd9ac06a79beb7e2dc40f06d7686b37a03ec36e9e5674a1fd41cddea3cf','01e0e25849c4a15c793a47fa54233398f1e13bd14ac9fdca95888b2250e8075e2d0cf003bf41f416',0,'2018-03-29 13:10:40'),('3d69a40505838ba5f8265a2e32b03c3ba627cb764d69849634df9382fda0b642db8db9104166b41a','76b8bd22b2d9f08477ec8482b0583079a7905eded088b5e46568879019727163803b000e9b35c666',0,'2018-03-18 18:28:35'),('3d97bc1c6f17db3b5604d9997496721c76fe1f866e4c8cbd77452496130f33876c0faa714d21bb86','922f8efee9495b4977a2c1cfd3ab9ae7b13b329af8452fbef2bc603bca8747d1cc9a40ad8184475e',0,'2018-03-18 18:26:24'),('3da16889a57d3fb67c6280cfc26ada09fc8e0064edbb9ae0038cb7521af311b7447040446bc00aac','0bc17b5a5fdddee743c720cd0a19c3bc81c97d5c1fd6bed28347ee01210683d22cd7c3db20ac2c2e',0,'2018-03-02 13:17:33'),('3db2a44008ce1cb4fe57f48683ef27583b3288b74dc7f8dc15e9df2dcbcc18bda8244edd3ee08c0b','0aa0ea882a19cf982618403153e50e9ca15a73e249e9ae1b54b2886e5d890251decabe7f0423ab8f',0,'2018-03-28 18:53:07'),('3e127fce38fae6a0ec10f6ab1790cc68c1ff73944be1605949cd85427857b9279f2184be99265c19','b84f81de4899a4eac57062aec0bfbbcbed59e316f5dd74bc05c3bba3f5b4145f1ff61f8a5966f74e',0,'2018-03-11 17:47:15'),('3e1595c2beeb72efee4619877e208c953110c1a38f616f7db5d26c3105e04d75352b812024d45b94','83418134fc7865d4f8cda5621e212788cc43d492b2f0c5d1e2fc814ea875f12b689b301e1de80055',0,'2018-03-23 16:41:43'),('3e5e5b04a93a75ffde92a558e977bfbde9032327e4d19081d4951f32d38f4b8cd69379580475103e','ad864b823cc3faac851a8a22ffed312762a0956cc0ed52fe2841ec193398e61eabd6fb04057e3d24',0,'2018-03-23 18:20:50'),('3f05d140fd835020d3f907e43f9cae53280a7c0b21e4bea8611f00e3951a9bf8a91f9075a3ef0372','99fa0f68e623362ac6306dda93b8304c3bd48aab1e6cd7efc56940758bcaff5673494773724ba76b',0,'2018-03-10 18:39:52'),('3f12777130e284416de3a287b092c27d52b076d2b96bc0e1d30b601101441a2742ca662b8cecc05c','6a2ba7d4b10a7b1bcc191f88527032b4159f6fee6ba43e823ec0ed175b2ee59baa58e370152693bb',0,'2018-03-29 15:50:56'),('3f16fda7893f55525c9a193539e815ff0f0c5d776661cf7db37e2085161ca9871499ea1bec12670a','e7dc837197065ab5c024ef751a4dc69094008b127979798a32cc6c61120d46225efca25d8ee5a21c',0,'2018-03-23 16:58:11'),('3fa79d14e72df4bd773730a399bb441c84199a16815c60688fafb5b897d95179138cff48c1b3377b','106126bd07d70f4fec69b2e2dcfe3648ab36d496ae7a5be05d5f89a5879fbce195631a8638092d62',0,'2018-03-30 07:47:23'),('3fb38764954a1abe4c9705597944d099e92f2f7fb24e7f35438e67461eb078a280c7d0e6a4035724','12a0a8b79ee06778538db39a8ce4581b00aacbc646ae28d6221ea108e4e52ff97ae0ca1ff8954984',0,'2018-03-11 18:39:00'),('3fc3b91c1ff4be1c164b2397d3a3771ff4674c808408fd74f0e79a9d018b1daa8963f1c016efc2dc','7c90bb9ed6781b03e00107dd3503f16c292004d45423c7bc35a9b71d2d400ee40c21e759bf00f611',0,'2018-03-28 18:32:21'),('3fc7611227f6997c5074cc481ff404324886f9713824661f23507661973b559acba168d5bf948b3f','782d38ba2a1c36870fdeeb518508dcdbe6ee3b1eeb09787b19dab7389cc3ca9b7022ac5e674aabf9',0,'2018-03-08 17:19:52'),('3fd5ba11a78078b437fe013a6f97021ea85b4b2e68740aa50d31b74e956fc48e46d7c52227dbad82','9a6ca7de652652d25be1435cbab3900adeec4f75406d92ae16a1339b1946e6622ae7e51ac96648a3',0,'2018-06-23 16:32:01'),('3fe6d06c30c465b8c9843ad1f53fb98ebfa5b6013e78d15ed4fef50b1c3701ef86b7be43d6ec4fa8','3d1357f4ffe73ced09de5cf2711208f4b463e3aa6ccc17fec750b4300e29bdf03556a390182f0ecd',0,'2018-02-28 15:53:57'),('4032c62acf82081d15ea5b4d319c52e545300d476e58fae33b7bd3f4e7daaa33fd54d3590109228e','371ce9fe12f912e45306704bfd739e2c76838427ac101a870a149b5c104054079d512ed026174abf',0,'2018-03-16 16:35:04'),('408504ab19efe6ad974b97c03f34a9db5e2288a03206e2d9c38a0423df7e94106e16797aa7568eb6','9cbbfacc31a8a20cce70938271ca5e1ec000109d6a2049e81ed8398349bd0dd2c628559b5c67491e',0,'2018-03-03 16:55:26'),('414d1233c07020938e6502a6d4d465fef3bc4b0747df2d55c2d4bae6d0f31bc34d00069ab8f44f37','79c779eec88d4bd5a64b23b59afb5e80a02df608c78804aedb4f24e3b3cf4a648182f8294bde7135',0,'2018-03-21 15:42:08'),('41673fc7f1f9506f5c5d0c47cec66cb40da3839e78a9a4e026480d57c803844375cacaadc5884ac2','52f9f00fc782d80a307775b50a398ae0dfd819fd9ca3d0cae2e1022f22c6fa9c18746e2205522af8',0,'2018-03-14 17:39:13'),('41dc997e072c6aee8a4b546316b9812826b31f1c0b7314f89a42e8e3fdc3b8c2da322da8c6c32263','9b7f73898ff1f9e8eabd695fdf2002c8bf3e86d633867078a266b4e91883d399c2555ac65516bec8',0,'2018-03-21 15:56:30'),('42bf0ff59c0b6396cba3a9196f9ba4513b4fd4695fcab1db0822b68bd28b143924019bb966905fb3','975f8adc87ed06b9b6034563622801a1c916cc42a34096c1f0d0c993f5cb38f47d643cab39b16e57',0,'2018-03-10 15:47:08'),('431a3c23b5288614506c01b03906ec15c9bcda6f2fcb54ca41fe71af5e9fd4b7dd4e0e0b014f74bf','e743f59786aeb8c548b20d03585e3b6ee712c304ba7bd2a288c1b457051beca0048c10b2965bdc72',0,'2018-03-15 10:17:13'),('433974618f21b86182c4091227cbb6287793286cf428364c9741d4ae38a3be2afed58e0875d1392d','e0397f5a1d348db5ccee227c8351f789bac6d92a9199c77a2e918a70e7b933c6904b7959886f349d',0,'2018-03-31 14:59:40'),('433b5feffb0965c254d612c33ec628c116863d10314d892061720938b004852ca57fe42fdb1b869d','4a036940cab840aac1b29130fed5eab2dbbb8e2f0ee07f3ff70d4ba20be81ccac3085cd973ae45aa',0,'2018-03-22 13:53:02'),('43ab0fa27e40cb5b230fa9ff3b4d28038112db30df4c94b11f9272607aa4986395fbbfaa1676dcf1','891ab0c375ad9064d4b0f7ecdf6e11c5868b2f661b1be2124f54b4e57d3de78349f233958d991f2b',0,'2018-04-26 17:41:31'),('43b0def94ab88824c201788bbb0cb80c250e9665deb78f2632a4db2837b53be6f4d8b703e0624dc5','72340e0377c26fce5b56d2028d08a844c40f7c6c830de7ebca9d410795c2b4153d17d68726ef1665',0,'2018-03-03 16:57:21'),('4409aa7870ca5ceacd510baaefb61ca4100d52c0ada5c4f7b9df563d98bfbe8643a6a79332a2ff57','41e66f64cc91ad977ea18e177ec3e99fac8fccfe6b3058ec14f9c6605ac06e6e8e3a99b481520d29',0,'2018-03-08 18:11:11'),('4451bf55c3cc45c245fb7d2f4f58e0539b74ffb1889bff85778a73e55b43fdf29d3b53854b42a630','70706fd20cab3ebb8ba237d5d5892ae9986dae1a6f7408dec82e1fc0f0042adf25ded7a1b0da596a',0,'2018-03-03 13:07:29'),('448cfa15f2ef79b66fa975466b4083b11a583bdf4394219cd5ebf6f42ba271fd18a45b60ac3ae387','a9306daa55e40fdd2bcf5d9ae8edec07f2ca3a0ec729bbb48017a8addca65c46d16d5836fcd85ea8',0,'2018-03-10 16:16:38'),('44a048dd4025d6e1abc256885d58c704e66232bb8efc48e9ff989609efb0a751966106363e31f160','ef4d9f3cc5d5002e5fdd958c39a5630d7e209a434edd6dcff27245ca48e7529356a67532497f9e5e',0,'2018-03-29 18:23:56'),('44b0088882856fc0bc0113412d9c05c89334acaf6ac74a83295a00eddcf72e82350f6b433e0253e1','dca94936729383254700d981f4a597a38e22eb3fc0b15f5e753e8d85f08149df1a974116dd860e39',0,'2018-02-28 16:30:20'),('44b2a8882ee049cf52509285be9c47cca3789ac5add0b9c458f30dde2fdfed720bcb09929fbe1cf7','d25e91408e67928599f9c0b083c078f2c23c0b00d6c42e6931371b22265272dbc5de77f6f8910235',0,'2018-03-15 12:02:46'),('44d3874c5fb2a14748b4dd14592910a41ea52df5b97dd49e66f247cb3b8b9ddbef25cbe8c8c4f4ee','5a68a0e47a0e5f50f40aa41df279563dc8e85ef3b8d3539b1e39f9c721937d71b4114396ef019bf5',0,'2018-03-14 17:37:51'),('4506f376fe578d261aea0595f316faae831018500040c06141df97cd1a8473b30375162701c95548','2b6499e44d20ca30772edb6e495ab2f8b6e1cd080f4e3eb4ce1144f4c32870406d7063efd4caba19',0,'2018-03-15 17:56:52'),('4534d79aac0fbd86973ad29ce9e2a5e5538f24ade322c32d6caab92d8c863319c701052e6a32bdd9','0d478e491b53d7f4ea5bd76711cfd8a6b16c471757a84f9bf20ac3b1df13e6a498a4455e5d787f27',0,'2018-03-29 17:44:55'),('454de9ecbe2a7d3209d838df49dc6490bee759a8713fd1a39350114b1f310dac7f28fbdae5d6e848','b1a6bf03af9954b9e0bc29941498f0c6017429c60958172737f64f7d527543f2f7aa841f9ae62398',0,'2018-04-01 18:39:35'),('455a4cbec52a2315712b3c251078ed87a903966d768e2b0c3354d8c979cef4ab2db66a8832172747','d0cde6c5dfabe73e4ef35d002de428f421be25ea7fc317ac7cf77d3517fadfed1665c41815a7dc78',0,'2018-04-19 13:24:35'),('4586e6801d6f6a835da07d459d414e0835b3373fd4fad04cc549d14e63ab52979b7eec2d1faa306f','e8434a18428938a00ee040b9b36fb7dcbc1e57fe82e9a6b0c6fc97fba31adff0d56f051b04b13131',0,'2018-03-23 16:11:52'),('462b99c52246cd25bf6d0e0d9cb6f5f59587f868514e42f4a93f74c73b9b377eddbbfcec9116d561','de26f6085e7d935b5a5554b2e3377964c1d7d90ae444116fc7e1e8e84cfe9ef9e59b464cbfcd95f9',0,'2018-03-03 15:33:59'),('47c1490492c120fcbeb979b24fa9e9b15b163ba9e80a8a70015dec1bd5cbbea1d0e9764979086d0a','2fef6be80e7e6d06542425520981c5a714335c87bcb756f8c98d4ed01a697269400eadcf51235636',0,'2018-03-09 12:50:54'),('47fe8b420f35a6e9b5e46ab55cb79f0f656a90996438f472c8f79c3d57f4ee4a2ded039d84a7f7e0','c27b51a5934e4ae4b24faac32f0181c18f9203cd8123948e6370a0ea4ad8a1da4480321118ae4383',0,'2018-04-04 17:20:10'),('486254c651d451cc987cb0a53a6cd6015c361ce6bdc45c5678d0a9864248f56a6ee4b7d79ff68361','1455affff43906789e7a4e6e4ff255afe5a59ee6508245129850d8d4a2fbcb05d86e045c93ceac31',0,'2018-06-24 18:33:36'),('49514e6696f9ffb8606986fd860cea6c5885f50bdf21bbd27f1df271563404e51ae568837bfa4001','1e69a832961c4b015aa4ccc1e34b9730dd605b89addd5f6eaffebb088169be05c00172025ba86768',0,'2018-03-18 22:33:59'),('4a1fd46cf7c531759be6be98422d8c6707782d4a62b5e33eed716653d0b72f9282a9294347b56008','2334a576fd3afb2238b3e294b88e63d16461106fa3c76c4261292e7c791128a7ab479ba2c4eaddec',0,'2018-03-03 13:11:13'),('4a33283edb1190f2ce9e685a282a7bc40bb83057ee94ad046fb6b6d375f82e9b50d643d7c1f8ded7','b6b75875f4ffb5ebdafd2842abdb70921d9f94356069d41499e6c5bc9b05c5d895fb77c41beb08b2',0,'2018-06-22 12:03:37'),('4ae28e1415ec6f73889b6675502a6d62e98e2fd5d21c454c76171ae40df825c4183ab1f6dcf5e35e','29e094a45e9d9c46324baa0d77563f7e871124ac2bd759007959094f9475d64d8b531a828bcc4c39',0,'2018-03-15 17:38:22'),('4b4bbf02ac4b1d0ac3b4f92c5e446a3e20f2c798726cbaca8f3a977fe2dd3edacd5a89924f45e638','ca0bdadb9a64e3deaadc832dffc4468ef14c92613e7670ece142892093997d89a40135e632f40bab',0,'2018-03-23 17:43:31'),('4b54a16fb82800895508695042e297456f8f8120a48e7ded4698b439d83454137370548fc889e0ab','ea760ce3dec61aff2615b589710e56e212f99a9e459e718b4515d9ec17501b73e9c552e89d03aa48',0,'2018-03-24 13:45:58'),('4b8900c6bb753521953551c24ecb1f40b562dc20bb0c166c00d966027bd7c4418e5c3d1ed0e7cfda','fefb367a9185a93c39cfbca5b861579d73b230ecdd781114cfbaa9278c8d3ceb88de0f027a4d7a38',0,'2018-03-18 17:37:43'),('4bcaf88db89192f1a50874ddb0d0886251eb8c6ff0e0726035f54edea2f3ef025c92d906b28a7491','cf3749cb3d878e045c513087e699e11bfcb1e5aaf763f0e4707afd97d4f24eaa4a2f0ad08f9d716b',0,'2018-05-19 12:42:10'),('4bf32cde5fa2ce0b4200a649bbcc6b408b2f02d946c374346b3d087b0a09c0f8402a5895d9a6143f','04e4f0cb65993cf0a4559b4e67d93ef50aa94af9f9c3e80be4ea6f62089e225a7f33d6bfc5876499',0,'2018-03-18 16:18:34'),('4c1cd56c3bfa88bc914d1823ab3152c5a08ac31344b43e92f5741270cf1cb0ded296fb52028ec1fa','757ab2d40e39e8e69edfb6b777a000cf8486ac15b930a0a4639b0fe60c9ae0b23e37b863003c0be2',0,'2018-03-28 18:30:59'),('4c6a0550c49ecba07518bce123e9335e9d61e30212069acc8dc8d92eac3f07644210e474f66675c5','eb0c6e028271ea61efe94df904f6c8e4e0b7e6cd7973052cb6325b871a5b05e2bd5a992866f61e56',0,'2018-07-06 16:42:58'),('4c7906e7611a9a139171ce3396ee1a454d84450df4e67f0e9003f3fa98b51fa1bcec02d9c8dc3ff6','e0b34a4d231a9be68050e795681414d0a6a429433fdd675b98d07e09bf5d3b23acb4a6f841063f47',0,'2018-03-17 16:50:50'),('4d036fb923643908b052031ab7b922db6c005bc47c449229e5235f3240440e41ebcfaf42498c55da','baa806b29a25ec59b5a4be0735bcf3a42d02ff8c69616f85bc779c82179ffb701bba5dd96cb3ab20',0,'2018-03-04 10:46:38'),('4d43cf2d9f4ccf7deb73c8612484ab05e67db185de8f764c4e6e99151a45c4880c382c721639c43f','191f3adbc1edd5714506ddf2e6f522e480f3441067d45fde2b3d863615878044facd0eb5a323d706',0,'2018-03-30 17:45:41'),('4d742f7914e80be217b9cdd8fe82e0af4dfd65e15fb900733e64ae204eb3b3bab660e05bfea8cc9d','c74a5cccbe810906701a1fb5bce8afb9b6b2344918b7cec2ab7331e65790021cc3b080bd7593a4b5',0,'2018-03-15 18:14:00'),('4d7af32dbdb026a9c20f958dd577ad712e3313f6f64e52a582d4f9256e783317c8a282ea736061c7','a7361321e727e3acacd8e0c29eeaa625ebf0f66d3937265b2dd71c58dcf0d1976e67f518e3f74d90',0,'2018-03-02 17:50:44'),('4dbbb48a56df06bc9cb35deafbd050758d0b0d588fdeef2244ee872637f651623b1eb4f6bb75c211','b41408340b5aa3eb409ff1c2394ca8189aa6f2b76a70991ad18556c1e8be00a39bf480fd6283a63c',0,'2018-03-05 18:19:40'),('4dd7522185a466f8f0276798f3ea4ee8e5f07cbd68ee867983d7edc05bd229b44ebf0ee881a680aa','8c164026ca3df560d015acb9168847d59b4450ec796c55b86b117614d740f3276ab19d01a8a792d6',0,'2018-03-10 15:50:09'),('4e10be4672841f1f7f625d2e8d0828a9c3d248a1836fb20ad13487ec78d8ad1d58a926107171a712','7fdc53b758ce791b6e5c8f171c9d5bd5ab4d6b790aa237d23d2aebac6b1d1f92eeb59c9ccc60add6',0,'2018-06-24 18:41:20'),('4e1e40175ed79901f372b07a632602065d5ef3bd552e0e59b8fd74ab01c8b70b7114c0dd3150ef0f','5d53014deab8b3f9af9c0cef57de506e669dd91b3b47b5e2dbaa3e82cd7116676ece54a50ed12106',0,'2018-03-29 13:03:44'),('4e3a200cf0abc9edadc41d5007062702e779b8be702e8f82ec1893b7ab1ed53bcecf2f811cc80ff8','546d841606c984d06a65217ed9b8fd2a340259666e57597c301b340bcd5cff1300d61c4455821101',0,'2018-02-28 14:12:47'),('4e40e099a5b1ff8dfdc08658fcf13f82bbeb14b4d6015c33251cedcfa227497e6fb8c88f950c475c','763e334a99a596bf5a3883cd444aa048207b536096f6b17e263b5baadf010b096dc838ef3076f385',0,'2018-03-05 18:57:52'),('4f4ffba3848b41976b86aab862225ca910bc0f98e45997c598aaf1d384ced33e75ac27a71c0e2326','78e0e89eac8cc4a511bfd38333dd21074fe2c29bbc7bc36013c987c727d394b94639679f075bc776',0,'2018-03-08 11:29:31'),('4f5ecc81689a8cc96634b939c29645fd9cd40efa5b28567cee8964866c22ada6bfc7c45b400d38db','c0e8430f2483545db13c7d3b7382a17e7cf6e4fc757cf3a8460e08c8189aa9e2b44131cb6dedcadb',0,'2018-06-30 15:47:42'),('4fb076d8ee9604b1aaccbf7b47486f6eabb55a5f78c3aaab9dad7f9c03656da10f126bd2791dad49','ee233f6cf73d197e2293a0dca86520aa8084052efeca996f15431ac27cbcda3725a18962d6303a8d',0,'2018-03-31 17:48:08'),('4fb74c5978bb38f62fb37c8a7f3bb710959b2cf2580d4bf547208e37160f9d52d1d9b5ac293f6683','47e4946b9a5a7b4cc42ebfac475eb82f21df71c639262de0e216059fc087b70d6031a7fb4d3a840d',0,'2018-03-03 22:02:23'),('4feb556abb5baa1c6cebdf1d6934d171a994f4080044e9213f52261d1d6246807f51f69a8db0152f','e19ae363762160fbe5181018ccdfbc7d07f72a65527a0fcaa0ee50dc70cadf491f1170a2892a8381',0,'2018-03-28 13:04:46'),('4ff516778ec5727a68d405f8c41258d246846132390e05629262a64d31ad1717470a9eef04164b0c','611365943189894c682629f8d9fd701adbb44f30849f422042134ce147ffdc38a0f0789c10d15f0a',0,'2018-03-02 14:18:51'),('503da625f310e550b9cb3105c5f8c0d0b1f380b82575b11835d799f74edb1029c19f90142ba75a0c','1377dbcfbc22d5aaa90c20db08baab1aa420632d008f36c9e841d9c619503a010e10f181a284c1ad',0,'2018-03-08 17:48:58'),('508af1205ee1adb6f6a252f2d0e582133cd3055930c9e6408484dc42aae7a1cdf3cf1b619df57bb1','f981106a1aeffdd33801dc31ff23b69899eff953f7b1679410f7fdf5a9b27630678e5286c04f3404',0,'2018-03-24 16:28:48'),('508ee8ad59a26713e2503266ada43a670b4f1562ffd068302e6524ce89f677590ba9841061839ff5','8117ee5768771ffcb496721dcbf0d4ea4c63025576b9ddac4380bdfc6141feae8700c8dec84eed72',0,'2018-03-23 16:23:50'),('50bfd8d8cd35970077cda6f023b1a15448e9ad216414ef571adbe31df77f8e213a356c15a7780393','ad1a0e42b1f8c042d99d52065e02ce8e90dc63d632b02786492b2cd1261b1ad6171fbe6e455c3eb9',0,'2018-03-03 16:28:19'),('50d1ad7ec678d2ed2ac572d332ad83ebbf1e3893deb2766a1e50b8510ecf70b801b3e5a7f6bb9c77','01bd69df1616f35c57db166513b50481a54bda6f2c1d1e91d000075b717eb828914170a1a498fb57',0,'2018-03-15 18:23:25'),('50d8aed622f35a8d52b797e9dea93c86dfe33409939659539b66ad7f04c24c7b4d624be25653150a','81aa7f78078248f0f79ab0e8910e09bc2dd7b9364a431abd97ef9b06ff6d1263ae3fe5f62ebec9d5',0,'2018-03-29 16:40:15'),('50e7815525a5ce1f959b610673378a87168a17240a87c7e8c3b9f293f35fa3f98f9d664c155da61b','54ec4306c36c0356515a73eb2cf1af60a3cb40ce6b48568e3f1d7aa9cd6f4ed0ab2451913903b7da',0,'2018-03-17 16:46:29'),('50ffedd309869416037a8449b48100cb5d6a1a4adc2906cd1be14abac4f6ad0307035979db921efb','300b24defa7410182490264aa2fa3e1b6df9568f53a85803deb0ad4f0e9af5406c7dd5049128c79b',0,'2018-03-02 16:58:15'),('5119ba7ac78c996ead48397b01373a90a5d6a03e30962f72aca9731d45c7377ec5bb03203b06b61f','4e13c349ac781e4b94946684250e76eb5b2d939ff1ae5b880b7dbe25c989d7fbaa7c7ba490bae662',0,'2018-03-30 17:31:12'),('51299a399a54f1c395c795910af3ae217bda479586a05f621e318f4b596cb47d06f74e097ea21426','9313f94cde6ddce2ddc5b4b8f45e084484e892dc7f543bb08e89a021965d0514bec058cc5ef9d0e1',0,'2018-03-03 12:43:57'),('5140940872403d1dca18dfb40912eda19d60b0abff40c7b1e20eeb5d1e6c1aa9116fdfd6d4b4812c','9e9a9fecef209c578fbff24cfc3714a9d71b35931b01cf43a1b2add22b71e2745e61ef59b259454f',0,'2018-03-29 16:13:53'),('51849d4ff600bcd98ecb77cae65255da11ee9e8c1ec336fc0b255583e243ded5adaffc7a4acdbc40','e4b8a8d1c1c717cda0fd7cc1ead5384cd5900f0fcae9bcdaf708cfff88b436dca71553280ad2cbd1',0,'2018-03-09 17:50:31'),('51c11bfb00ea79e44f95fc04c3db111b2dcd3fa57a13998b5f97612b312713f060461cddc53328fd','447c79415a35baf5e1bfa6ee7991a58e851cc13ffa344ed1d38a06f9ac9168bdac1e060d9e034054',0,'2018-03-03 10:11:59'),('522000826b02053da211298a9bb58e2e24e75bc2ee5d9e1977547d5e1735a0041c5bc3759eb3e716','eabbf201dea2114eea70c62b0311d82e22733d6a9961fbb365e7589837a90a10c329da92ad01c1bf',0,'2018-03-17 22:10:55'),('5222c01754cb92497d9faca8871226c650c2a4c866ce43ca5a2d94957a9eca681546044c2ecdfc8b','26a1fcc9010fb61b0e49ce749f36320e3a1883ddba25ef113e511c90ed11075ad84a3aeeb19431c5',0,'2018-03-21 15:58:18'),('52adea964bc594bc0949e4398d3de91be47efecb4238397b482ce9946ed7a64832d90431cd1d2345','880e4bd4f0b4e95f3266ab5dfa490c864313fc91e947b38a497b4b616b4bb0e89c679ac6844b1491',0,'2018-03-16 19:01:55'),('52d2479ef66043ddc286f0b17a801748e15599f8160c31d9276e219feacbee201dbb95941af1e4f6','f8c0d34bfca72348bc40233480b386c217d385781ef1f5e8b52d628e52a20434708711eee84282ef',0,'2018-03-14 18:58:13'),('52e5554d299744d2ffd1f04f97fcaed6c15e02dfc2d39262605788fb44ab5b8574554f07f38bf6e0','ab72fe6c23554079063dbaa6b735d8d0bb2bac279756299c57116736edf9ca51fc992ab9bb316e46',0,'2018-03-25 16:27:56'),('52e947939839e4c0dc9efe2b8a05969f866e3277a2eeb751631bed794e315b5e4074e677a44fe1be','c00077e716a8c3af63af3b5d7db5b1c4dbd326456193961bfeb47a281a6cf42a144812f1eb2a46e3',0,'2018-03-03 10:42:30'),('531e4df4da40f06288d4b508f3e75dbe531266562927461efd1f159bb8247ac45aac1d28d57483fb','f3feb1306e33df6c9492ea8212ebd7448d92520dbefb36c8dc4025d51b74ec325c0d5f37b8fc74d2',0,'2018-03-24 18:45:44'),('5323ef817d0b6fa88bcb43547495fa198db1dcb050b2d90e290e5b524285af195634ca45aabca81e','45fcf5c5a4bb45023d25ed9b415b7661a2b21dbb4ec891c79adc0ef6b45aed25dc4c9a2b31f6c545',0,'2018-03-29 14:34:56'),('538028a597df9d1c3b7f1b715f065f8c613ae467424d0cc4831a78d859b810790cfc8dedcb98895c','3fe4fc3574ec72444cf24a69fd27d1b714c7b89ad4e8704ffee0f7d0d6c24eb80762be11a0e6ab9a',0,'2018-06-30 16:09:39'),('539d8b26f0c0dd5f66c67da4cafd600aa3b59c9ca985392ca478a52f0bc5822d01b4d9f7dece0f10','da5e04cf665249ed99b930d6af9338a6a4261295db5ae943ea0bba600daa97755a01424f6ca45705',0,'2018-03-23 16:47:14'),('539fa410f728fcded734e274b9d03f21b6fccd26574753e4beb8a30ffaa252e48fed3d2bece225a5','9a31fb486941a24f229bb8c44810f8a52af1372f5d94fb8ec18b3bb8c3653b37cb6b8cb751319cc6',0,'2018-07-01 18:09:29'),('53c00529f8d35c396a0c03877c63f1f6022c6470b20c21db53e2908ed01580405237c9262a604843','9d6bfe4e2e24c515bbcf1a593bff530105000f4a704b6eb0a2dfad30494e8cbdaee6c45c0355b375',0,'2018-03-14 16:48:11'),('53cadcab5421813458ad201b60f275d6051bf44e7383f5b62bea774858f314f3dbe9052c18cb9060','265f0183ace0eee679a83ddbf3fce86844a5cc1788c2efa56585c1a18d4f45ebf0a226e4a0186358',0,'2018-03-10 16:51:47'),('5423b346023aaf9b20e7387171b4ceb8e992173a96f73948f2ab78196f698d11495044a7ca80b876','2e7690a0d6d75383a37b81e481ae603dc4fc8d5f70ecf971c303ae42c08b8c63ef6a211cafd4fc87',0,'2018-03-17 22:01:01'),('54a0b16bf8e96b65a665b212181bd46634ffc9782151d8605770245d59e2c7727b1884270947efa3','42f7a6fb39b5a178defb4a283835a40be57d347989ab5ad9ea22160acbd910db584227266c4d82a5',0,'2018-03-24 16:33:11'),('54a44d1514ae0462a2de8b0a348d529e0bed52616dd236794745f294b6b371b3da0a6970e30f5dec','293727de47209a9e99207b4d4cec5bd13b15f8cffe475e78e55197d907f077fbd3ba190c94e5ffca',0,'2018-03-22 16:34:55'),('55bfcffa7ead6c193f68b449790f0768679f6524f01ce0c346b6f2ede95b898f37de68d817f25572','9f66fc1ade91ef3d1dbcac08f71a2772b6541daeb32aa24aaf07fbf1b965d381500043b32a19eb5c',0,'2018-03-29 15:31:43'),('5670d2d77ef790eb030bc3bc4828d257898e9da7238cf304ef3de8ae0d6497ff9a66a1f0b2d8f1aa','552f80136ef8784e80567e87db8d1c7c2af35dac042819674677e26917ae089cced0bda1c192038e',0,'2018-03-05 22:33:38'),('5691e038470116c72d790d89e0eb1fed43e2c3244e405c66208ee3d2771887db4e2426cdad70d5aa','18951bae54beb54033d66f7155b357a47076cd2c455f32cc186ff8f8ff57af2603ff3139d75d5a9f',0,'2018-03-14 18:48:27'),('56b15037ff2d98997e9c725f681663ff462f3f11aeee8cfb533b948c7dac5d3484dcc30eca6f3b16','f05a80413681a8d0c73ff88d5e675a82205fcb53ec4da75249b79f9e46fabb5e66487e39f234e6c3',0,'2018-03-28 17:04:39'),('56c2bea972cc4cca37d0cb0e16e2cad4c507363fb05c57ad923995b50f4f19122d06b62fdf8a170b','105f438cf6882023c0fa6cb9b767d86ee8916593f702d8da51b516f2e3a12b235ffc4b63953c80ee',0,'2018-03-23 09:59:11'),('5736734c8e737255633ecfefb3d36642bedef4046f32da154d20cbb68589dacb803850db49592681','474f685ee02f941dfed722d20cdfcd40fd8f387112b775fc8abfb57c4da3fc004abe5f3265ce59c4',0,'2018-03-18 18:27:19'),('574aad267c2cc9386b3da87a878cba7d441c4a2beaea1cac4862828355e9892641238a2c406f0741','4896caee6a36f2db00a6d07b527302a27cbd0bd16a2944ef98ed19eeae921a0a7210ff43fb91ce1d',0,'2018-03-10 15:55:26'),('57ba99e05e4658b2b3bba8ed731505f925cbbc8e47eca85d04054377211c34a1c4cea3af57406676','f83a8bf8d0313d04a5f7b190342f601cb6973fec4060b097ebbf0cb6b17d2dde16ebc5ba5d41fedb',0,'2018-03-10 16:45:34'),('58118a4b4256ec053c9d080aa9183a128a100b264ef5cd9c299daf94c9d734f50085787ad64d58d5','462e3648640a58ac53c8777e365cd3669d90534cb3af93172067597ba22975522e5e63e4390604fb',0,'2018-04-26 12:45:27'),('587f2e9353617025891bbee160fedcafed04ed568cd9042aded266803b56939c4990733c00da88e8','7161539bebc2df62850f4684af482af19e9f1abee9251f39d656d4cfe506f7e346671dada9daee9a',0,'2018-03-15 17:31:28'),('58939673d944f783d7751951704b0f7fd9555aca734e23576f2f10b513c814ec56f24bd8fcececcf','c2e4881f904d8f1cda1a7524a9556c716bead7e0368e074c750180f7352a1ea002b457f44d829599',0,'2018-06-30 16:49:03'),('5899512d8a53eb2fd7cac6ca268e1c103b2028bfa0da6b286b2fa18bf376cd363ffbd9d4a8586720','46239a4181609ed89b9c7a025751e9f3c626db754f0ba4e55da5b5538101b57c1f03aa0771d913fc',0,'2018-03-01 13:29:39'),('58b98818fcbec3162ec7eab31c6e0b937f3160a37b80975a56b96169e62b4cac9796b8710eb31f74','4a9cecb586a00104b1fd17a13c6a070eb1444e6bfb892ee5b61a6462a10e841b118761ebabdc4f81',0,'2018-03-01 11:59:23'),('58ea13680dcb6ac1ceff3eebd1c57a77a523ecb3345839c7cb9caa2f4605eade656bf496294a275b','37c07be22c7e299a053d7da9bb685420c93b95a005b25b0db82bd9c034afd3974fb781ae7ab03fc6',0,'2018-03-01 17:23:21'),('591a6f5c696f328cae386c2377851c40ccdc76ee85272372b031ffdd54faa3c54aa98fd9d0f45ebf','3d0e255e7de55ee4539498025bd0c1f1eb89c4a0fe6de9097967d27213c8c0bebe8f34dcecbbdb82',0,'2018-03-03 16:41:07'),('594b70f5a56fb3229caba287ca4bf64235110bcec1ac9082f352592428019ee0a88f8ab51b818eac','758c601675f75759639669257308f753979fcaa9ef0cb04305fead57e4b12671a702ed99a3a02a24',0,'2018-03-16 19:05:27'),('595b8a9284c28f7b03e873b18c6968adbed86deeb4fc5d65a253ed67847bae47be81f904567c4ce4','a805323736649436018a66d1f2ed7f698f151adc11ffd42beceb6ebbfed7af9139815a513a85a1f5',0,'2018-03-15 17:34:33'),('595f19d81d4edac8612ed91640f4e536c7e1216fb9fbc29a1870887bbbdb9604d62294d60c19cc77','bf4647f55126e7018f8f5b88d4ec5ac6d9889858b031b2dd3fe938cd2ed48ed2533144c02825fc91',0,'2018-03-21 10:37:04'),('59b0b83951bf7cd7c3a7d60e88a294d3b55f2c6404711651a4625a9d5c9352303bc622e186956867','3a162808971d8d22f02ffce6e562acea38e113e015ccd1628cb97a7a4abd4ee16eaa4e66fd900ea8',0,'2018-03-29 15:31:25'),('5a12d804c83a13bd29a6fd8d5a92050afd5213437ce7bf25b2deed1baf94efc5153380a7f0452420','fe272b4850ba411030a91e1a99b54a08091dbf2bf906c917197a3d52f52c02fbdf75589fbc82d8bc',0,'2018-07-01 18:03:27'),('5a4ab14cfa44b5eec2b509e3628fb50741ed328684fe57651169690ec4d9a0c6af69114b7000bc18','e00028919763194e942528f2d2e3455f5b94f12e7eed2f34bf7953d285d602a1330ddde67513cee9',0,'2018-03-14 17:16:05'),('5b2b089d76e98c51fad7a1ada2d2045af1289fd20a9c6d794e7b32ded4ac012e99b89e2051d8d2a0','2eb305320058ab3cb76a40c030f7e2f8dbf771fcb0b0783b2478425d821a92bd3a9d0ea39b716fca',0,'2018-03-24 17:27:07'),('5b62ecd9dcc7f9b200db7dc8b3cfa5acff90b56df8de3c6246c8f07e33d4ca48500326b74a2870c8','f90ddd1dd57ab2dba8ad9ea0be85090add996cd95e821b5ffc4289b847700dd4da63054e12f11e95',0,'2018-03-24 09:33:25'),('5b68ab705813dbb9d5c1c4696f6911275348d511407c999887e74d90be7c2a9c67763bae609d2a06','13bb8a478929c02edc92051045bc4e3157e2fc4b625bf13a4bdb0430088da07b537d942c8274e717',0,'2018-03-08 18:49:43'),('5b73f63647c676a23103e2e8556f929c3cf7b653540673f24a513f9b9aa41ef28ffda3ad317e3c04','936e61caf03a55f1b2ce6e92874f49629581fc0e76849cf896acd9236b3eeac942bc1c09e7993f57',0,'2018-03-25 11:45:45'),('5b789303b50fbfa62fcec92a37af97434f1c2d329ed917d41a70e10ced59a3a03d6f8d81d8d2f514','a907fe087ef71bd92bc7359f41dcf0b0495be39122ddcbc1eff4dba4a9265558e6155be24c03bca7',0,'2018-03-02 17:29:22'),('5b812a214b532d5eda584c45c362d0f91fb6bb1f32821a3b21d6f15ca0a8a4e1d125a08fb837b967','09ae5cbb74f3ec90905d9e45d13df34faef5fed5913eb02789503c70bca19421c13f757ecbde0ae2',0,'2018-03-10 15:44:17'),('5be2571c2083cb6f804ef255d715fc0be8bd57be411701de34219d04e89f23b97a35e9241ab07e90','318ffb2be306334ea61c58951d3ca3874634c3bab95d695a888e53f3ea0db67e1119a8a8d98df441',0,'2018-03-02 17:54:19'),('5bff4039ccabc8ad921974cf8ef681e858cc756ec6225d9e41a841e5e71887cb9fd6eeace72c856b','f47412420241f94fdbcfabde9f2d4101d4753b6506d1bcddba275234fe67ff78a6e76715d63f833c',0,'2018-07-04 17:56:09'),('5c83d892f2d1718dc26f204347d286f5f5847fed1d1ebde78e5b8eb8386e8c81c23a9df0736eda31','cec7c0107ed884d3c94d11c208fe5eddd3afd5668a07f1bf4a1a52cee34e0b520ac5aa93c5759644',0,'2018-03-24 16:26:58'),('5c856093cbeba7ee7e748bec9a515f8202afd1e616b1e9b0a7d40a6244114fe1604f5c129c05db99','2ea55ff1fae278d35afdbdcb80ef745011c87bfc8d964f48aef9b977c0d0a7f53e84c7a5ba6c735b',0,'2018-03-28 16:48:02'),('5cbe769438917f622f49f874c814a37c13fa7dffc95574cb8a0ed1dc65fe441eeabbc9929d8cdf3f','1ef53c9b18c0ecce5863c1c7b0a92bf21a577a26d5afdcde7268df6051bc8baa84617fa5e2cd4931',0,'2018-03-28 15:57:08'),('5d766c8c445a37a49a135285245fd70589b51334364aead583862ddcb19d8f9c5f5054a17517c40d','ad0452b6a233589b2e95213adaed9556f6b3a3545ec903229a65387f84a2c4c69681355432c157d5',0,'2018-03-08 16:47:39'),('5dbdf504c46982156015bae6dfe333653e5ae5ff605de8bf0e2d8a378df346fc0f86d517ba2322e1','e42116d24ecc7929e36de19fbfd517e0db881985a1cea99cf457743e8acb85fc00c406b03afaf08f',0,'2018-03-17 16:49:19'),('5de35b2cb244052ea920e3289b465b511a96c1f0b1c734097aed127dc6f439f2c19523590805af3b','625200ebbedf42ddbf5b1bdeb76cc91f010cb5d028923c576ac7544682509ddfa21882870182717a',0,'2018-03-18 15:59:36'),('5e35c18e6bed4c7a4c41f5e6fbcef8ed40b2fe5ae48512efc56725e314265716eb7b0dd6c075c371','5f1de96e607652f744409ce6799ba5108d4add305bd5cd949030ee9743d6c93576c6e10ba84ac372',0,'2018-03-02 13:24:22'),('5e5ca441f03cbce6868d8545c4d4b369b88358ca26cc84bcc7d99634fd014699f16b39a42d6b6992','3f3e729731d360b6fbf413277a3c2128ca899ea6e3fc1a032e313ac542ddcde4563c621973757764',0,'2018-06-29 18:25:13'),('5f1aa6dd6cd19b609fda7c9765cb46efee887a2b097c763df3ecd937fbbb88c7670097fd6cdb7ae1','8fbe164ec2c4ddc4bd6049199b8b2782a7ba500ca879a8b456620bcbc0dc47ea3e8969bc262bdaf2',0,'2018-03-21 16:57:25'),('5f93eab9832283472b5358f9d9fb488081ac3e9c0077bcef102ac55d7e9db70f6fdb96cdf6a7ae20','3a334028291daf53ba2e04786148e2649ec7fa747e05dead2f57132405a630ff8345e2a24645affc',0,'2018-03-21 16:30:21'),('5fc623aa24b48ea3a1191bb87fb9c8a22f9f76b7f8ab235c41d440a6dcdd233bcba97a6c3e6d8a6a','eacb9aaed6b3c2c38d87bdac342a37158e49ae0be96a631ef02022e79efb3c32e35ef771141b6d08',0,'2018-03-28 17:59:37'),('6031686c653d83f899e7708de4ed2b4002128628aa816d2cba73a1e549f094f8cd061e74ef780f9f','15904b074862a667c4544917ea4f4fac5e72fad1039a65a7f13452c5df8040d0bc917ee54e221a15',0,'2018-03-22 11:13:30'),('60828ee00752c55469a62f03202826d35b10ec8332753ce1b720a77efa182bb6ca04113727851214','6c39805c2c02423c3588db91c5ebc10fa864e37badb5bfd86644d19daa1c6bda12c7113d9b70875e',0,'2018-03-22 14:09:00'),('608a92e66405949d57d22e36cce37362b4da08778189ca224191e9424cb0da4df48b4693e6fbd719','25875987841655dc166291398237ddecd30f104484598989e9de525520003dcee81675294176fba8',0,'2018-03-03 16:51:36'),('609da95f3769b61a2bf3763fd795b71b5b28c8b700842d617d48669b28174a5ed86a2544a6ae0ae1','6739201ac4c05d0127d0d9d1c7081324522b457d2b7964822dd7c5ab97466d7ba81bdd71da22a646',0,'2018-03-16 17:58:10'),('60d9637fc0fdf23fb6e09df79fb71f42bde54cf33ca1d6197d8c6abb951649531d9887c4de1597e7','684223bc32d89e4d510758ea5d0bec2a87b15bca9e73c656eb44cd4778a6b8dda1e76553043fda66',0,'2018-03-15 12:00:26'),('619c0d2619fe7b0b26427569d5bd21c874b4d2f2c2ab048e57d107f42cda8a054b41714bf53a2627','e4db86de812d984559296f16094102e4a0a42f57d0092891ca322d8af513090238b66feba2de4740',0,'2018-03-28 17:30:34'),('62350c369b89f601453e8d07a11dc1ee5e57c35d26ac8f2f2c1d18c79a882ba7e35b4a4bfbcb52fd','cc3415f9f5b8ec137c8a749eead59d5dd4039c879759879a14e015d9272916dbe635df9ae98487ae',0,'2018-02-28 11:34:06'),('6251b2ceb91fe3f387bc4d5070a2122ae5f934fd923ae9ade414857aeda2c094c20fee94e81f9eef','4e48a5c83227dae704c24647e152eeb388bfa651790115afbdca0e395ac3b60f453161093eb38dff',0,'2018-03-23 16:59:41'),('62d999ed94f368930ff4aa9d58dcb729918ca7a96023e545b44086e53ff700de1eda21a4f31351b3','d35cbfce77edbd5b3bd501d7fc233474999eafbb7e159d83da7f1f460fd730ad41cf622bc7cdfca3',0,'2018-03-08 16:33:53'),('633420c15cf599fca463d629f1b235b67f522ccaf2b16c9b1d275b318ad45a108249ba778602987f','6939c9f613916028de32571b364c1af4c4b193b77d2261f4be35280c4f9d99f6e88636bcc2f805a9',0,'2018-03-03 16:09:27'),('6344c457873db9f39dc1e72048e4c615c18e608b2b3c07e22c8b22e45a2ee2df9a3c0b33ca85bf5f','549c3f961d1706b018f0ec791dae8e491169c50c0011d3950473bd45a4688d262f09757d97831bd9',0,'2018-03-16 18:12:57'),('634dd2e80da41e075dd620c185056f19410374fd0a4c11095bdba36e6781ca59db9d7239eaaf9af9','062a623844855747460afbdaba993d960536d901acef5d373bb5dc3fa38afd483d928738b15cd534',0,'2018-03-29 14:38:58'),('643fdf92f7fa81dc5d0a5468cd7396a046add2271a250bb5c7e33300a7b34909a96d3919172fc834','bd960af3622af49d1aacf553f68ab90add031088f2ddb39f0a861b596f8549a05e42216502e87e64',0,'2018-03-02 16:58:05'),('64cd382a32ee6b68f612a1e315d6d04deac08e537413c5b963cf5e9f138f0d8915fe10b61fa2c336','7b8e973128df69c73d313e7977b262337f1f6ea1a87392ff9435998f4b5e407127a3f08ba67a4c8f',0,'2018-03-21 10:30:36'),('650dcb3ff3cc8323c8a679798527cbd3c96b47bb7687cd5783c01a7db74947de2bc3fa9ca81abb67','1b04e21ef0d88b3bb9854ab0d359621a47eae7ec9d41f0fa192372c9ab479340a908e44aa702af93',0,'2018-03-23 17:18:19'),('653093f331114aa352978496157007b5e395d1385d4bd6d1b483a6316e61cbcf8bd0f785f462dfb4','9895ce7b903fda1d3f4a09603cb66141b289291eede96f03eb90f20967f30fa9f1d9ba02a842779c',0,'2018-03-09 12:22:55'),('65ab04db9afda12f9c967b61f102caa59796f4c50cf9d025bb01892c4e3b48a31f13242e0d65e63e','d7cf485b5388527ec24e1bc6f1e1769d36dcdbcc5c1c2c3af88d0af7bb8b690d566507636860cde3',0,'2018-03-15 18:49:15'),('6637f08cb927a8943145d850d87114e015882214fb3f67833940ee4b843df34bc55d88ac660b1058','f9053d7d3edd4dfd8085c608bc27ef2d15d8b29f254bbcb520d1af49d7f295c97c63d8071317cb2c',0,'2018-03-05 23:05:20'),('66501e626ddc703d698574ea907493a07a1c60df375bf368ca3c54573ee07829dd8fea1636f1b407','276d48eeee1f0fb8407d804244fe2fb6f2b32b6721f743249a0663f5768a9d810e08768b91f5669a',0,'2018-03-30 18:00:21'),('667c7417eace45e6120631e78da8b8c2cf2e04b0afc4b394b792dd07ae63ee68d127bbcd2be894a7','a9e72cae074433adf884d78470c5e76212f3aa75ec4e03f6a5970b539a63a76492c8f9c550ec2153',0,'2018-03-02 17:30:42'),('6682f8cb5fb63d8e4547102513cacc04f75f8d332b4235beaa74a4f28b2540cffe2b6eed89d0ed67','468db369e1b4fc4aa177f3063e7396cf35b5890be099b03687f1e7ed04f5d3c17d750d8b70a2067b',0,'2018-03-29 16:21:30'),('6690d261c02f95c8d8c852f1a8702493c5f14a65d10deba31ce51cabae60861c5b13cdd629b0f7db','0b1bc41833b5dc2ad86cb6581a813ee74a7d8963e69f26665a86d3d66efa26e95ff3ebdbc48cfecb',0,'2018-03-05 20:20:28'),('6695d3493a0150ff52c631837cc944cd374202842e8ed1eac374224941f4802d0044bbe3b760ca22','1f35f6f1ff4599457468e21f00ad26d8ad89d9a43ee4bfeca3097c680d6de0349564b3b09166f7b6',0,'2018-03-14 18:47:12'),('66ac142823404f8a21380eaa386cd687313c4dc530ab349ff344040854f190f52dc95c6604a8ce60','7d49d310ea9379a6b322d263385567bb06a233f9fb801f05c38b5dc123c86ee745aea6195d61ed39',0,'2018-03-03 10:28:06'),('66e5fdf05536fe07c564158e2ae90bb35d6c3766afe3ac88e1195c2d1f1ecbed800d56f457a31fc1','65015ca1990aa61866d2af8e5b87b1740e8bdf33928014dbe048c660f78bbe86f2f8e36e2622e7db',0,'2018-03-02 13:12:23'),('67a8ad27a1d346e7b489ceab0ebba192459ceca1961691bb4c83710404975c7e2b1c3e03702767d5','10d3de552beeef0cc25e1713574abd02fe7360bdc21a62361edf1f1f24603a455851f84c5afea7e1',0,'2018-03-22 17:03:53'),('67f14e1e6e14d92ec1479be64ba09be06f3317563fc26412d8fc672c664f928121ac57c70c7655dd','a383b12791e2329d8b7734aa578b69f30aa622b65065f9bc6aa2088b5cb6b2c6d522bcaf47b5e723',0,'2018-03-25 11:40:15'),('67fbbf64c675d48c99413c41158e0ee8b5b38acdf945e8e481679fdd734894982760a283aaf7b2fb','576b76153c428904889ac42ba34326dc0c171ad5abd9a6e53ce4381d89808d4041cc904649029756',0,'2018-03-15 17:03:19'),('684b745f5154579d30e7f2047078285423b2f47bad87c01b5c4331cbe1c443f8b791ffd0f8e00be3','111fce4a3ea7790d4b469b7724e4a9207189ffb6a83c0aa00d22331b793203fcdcf7572a6588069a',0,'2018-03-03 17:35:01'),('6860270681f8d51fa48434916368f1afe5745bf16ec472d98576aa8eb8172d9ace816116fd32b14b','bcf4700b9b5ba66f4116fa12c60837c1b2eafeb85d634b52d581028b4bf0ff5b631d493f4429e785',0,'2018-04-04 17:05:47'),('6864017798d5bb0c00c9013e7221f0ce88094e72c543e926db030b4489b4e54275d946d9d0d7d316','f29f2cb8bb666a72d13baef5fc5d88015d5ffc284504f34e9eb0d2d82bc4531a69d5548d856776f6',0,'2018-03-09 18:07:51'),('687cca5435d66d3deafece9686d1618974bea7c2a73045d31faaec7b38f3579386c54f627227d82e','86aa7e6c37c202b0e9a25ef68a09b4c15075d22ae754ed94b527746209d0c0189d6b86cc6a874ab5',0,'2018-03-11 18:19:18'),('68b49dd7aa5fca2deba67be69050b34712196595b2b54cd20a40c949d23664741882af9f3436889e','2e2ffcf2dc1f8e14b06f87f13780a713d1e968fe3ce525b125127460f9d8b7c1df25e051e4bc4c13',0,'2018-03-05 19:18:06'),('690cc4423f8e3db48e2c336453a83f1d7eabdc8c3db973e9c1e6e925042412121343016223fdee50','250eca1c5d731531aa232100276f0cd01ab38bcf342f57b86feb44ad91f6993aedb40757fd709028',0,'2018-03-15 11:19:27'),('69a05b8cf39d90ee2ce13b3c5d72789882bef9657f5aa7204f2a6d096e76f44968cd3a900a5dcd57','ed0d4646cfa3aeff9ea689034bcafc0ea6d8281838080f1d869f34043690237c0296336cbd4d7f0d',0,'2018-03-23 18:22:55'),('69f33df17cbadddfa2e1740fbbc83316872c6916ce618a6c99ffcf24cd7b19dcd318d54efd55bb23','aa8975f09af7d15a44a99399eb829b152c2880ed043d12662fc6f0b9db6aa179f976ac637d1db332',0,'2018-03-10 18:41:03'),('6a188bf3c6dd1bd26e8135ff843d4444a3960ae56f06e5a939058a8ab84bb64f68a1793f9d6378cb','95fbd65f09daeca4ed0b2b6a24f14295a122eed31c824b2c16b5d51fdb77be148f8944cb7794c264',0,'2018-03-14 17:45:18'),('6a2a5b2f7838a89e6cbda4183bc6735c8c50c74ae0852eb591e75ee6eb11a394dce0e867d2b95db5','c5cf2092d873e46615c3d22d6b43259e91b464ea2f6b6608dc48415689f1cc04a7ae8224bcddb34f',0,'2018-03-23 17:02:30'),('6a4c88b4ba64ab09bc2c82add0e83c6d6eba363df2baaec1d7009578f58d6510afe66ad9543c9ae6','c5574fa322c5e0026b2c5f265e87d6f34ed2db356622b3d977ce25843de960c3fabfb909334d9bd5',0,'2018-03-30 17:08:49'),('6a69c140002b271ffefa248d1457d31d8c70425bcac9ef243689a77db4f693709fa806655c93ae14','f3633f00817a99d8576110b8d47e5bb2987e3dae331c8187fd362c7f580d1a9f9c7a5bbc34a0ea0f',0,'2018-03-05 18:50:39'),('6a7cdc7e2dbcc62f26d6ce7fc683bc3298ae58f92781441991dadb4df4b56cae043d0b1b071d8798','a8b9be5fbbece9694da69e347bb0e31316dababf65d5cfb70f23da7104b6d8dc99533de9c666750f',0,'2018-03-08 16:30:13'),('6aa4993e81d922d43ff0499140bb9b92741d0f03bf5d67d667098d6843e9dd541790507a1a7a5b18','b5785d1becfdd3f8427ef0ebba90b5e63e1a6e44273c2e793aa48e9107c560734ede14e31c637e8e',0,'2018-03-08 17:16:05'),('6ae73fa94b93508b576dfe9f50fe3457296cfbcc8246da5ebe8be58e7a6cf4db2624b383e8c27582','44a9ddfe8354ae986fff0fc3c633ae5c80de4da77f490a49dd29ee6d7cf1d9c497d64687ab30d4b7',0,'2018-03-23 16:29:10'),('6b1bb9f1988e46009b105d8060320e93c2e2b48abcc2f463f80e56aca0f1e43f96e6026c673f277f','fc1550a93ace3917fe4047d1312f28aa9c7ba9c91efac3fb42ee3164cf998ad815f885fc48b19c27',0,'2018-03-11 18:16:17'),('6b922e992033d57049184fbc3caa54b66fd7d5256db7646def0f6aa1577520f53b0dfbc1eb286862','ead6da50130abaef7ce1418ac57364ec430d6c492085dbf76467353260ec557a1e87527b87f10c05',0,'2018-03-05 18:08:09'),('6bbf5950ecfddc3b9c204c9a664f202ad53451e0dce3a63e59daf0b97dbb1983a7443f1e61c3e3f7','4cc19f03f43b446b9ab928a4fede6980f9e6d47ea2ca4cae7d66a07473a0e1517bd0c711c13e12f0',0,'2018-02-24 17:31:58'),('6bc985ece7d893031af86c2cf654bc92281d8333f50d8e002f229c1526491a2a978910e0405aec69','b2b2ac2650a4e6eb80cc2305ae215a1af4d9f5f11ec115adad3d12c9599f8abbd3526062182dc65a',0,'2018-03-02 13:10:41'),('6bf0788e7b1641d46a725ab3dbc462dfc62ec8ace82c485b41129b24cbf4f872d292248139deca6e','486dc68d424ea7f9a3d5bf02a36c564063650f877ad66dfc58f6d9e2348b9151d88b09d1fb6e9cc5',0,'2018-06-29 17:13:17'),('6c06d109eff6e93997599fdfb50312a408d8dd7563358d71c474ae3962fdc79352712ebd4e50407f','3b8ca0dff137c31fe4a063647d811642730986809bde9597e8f7ce89bd2fda8b7b9882644b41f5b7',0,'2018-03-03 13:41:00'),('6c45490db7d614ae78432f7dadfd00b706c9161abaa6846ca50a14a7e44360294d39991d7d46ddf0','9f802268f5172be354bb9cbd7c7d32ef0e0b91aae5c4735359b29614665bb842f9efad6db94d8e66',0,'2018-03-22 18:18:08'),('6cc2f2771209ce4b6501f6ee341156a0ee366cf033e6c3713fbdf09958b892fb7e250a6e2836ed47','649dee31111b84a98768242c87d164cd0b71ed53a10c094995a4e602b5f9a63ceb3c0f45f9d4eba5',0,'2018-03-10 16:10:40'),('6cf4c460c308548aaddd0afa349da34b3c6e7c5fc37dd2f35db57cc89e916d10884eea524c3fd80c','2f83b760994a6ffdce07fedc8b6f6e95e1f9b0cc1abdb5819e966f65f8fc3e3dfa662a56374f670f',0,'2018-07-01 18:50:16'),('6d19dc63ebdb469984013e9f47fb7dfc85df55ec8994531068f151021c647b4c73cc651cdecb1425','be97c3f7e9bd00857a45d327b0dd8057f0e7592062128d9698a876b105986727f40ea02a2ac15702',0,'2018-03-25 19:05:02'),('6d203ae5336e06a8b454f7a30de56f32efa15c25102e5730af1805534c03b8f96cf95febe5f29ff3','a2965e2ef4819ea85d0d06aba4cf2e71b7878527c01882c9be242acb04fb0c8f4f202b5ccf28f9ad',0,'2018-03-03 17:38:21'),('6d5bfee9fd77d4129bda7729d398ec395fe89ca6d606389fa289d7273fb49f7196a0144ad70c2ffa','45c92d9e361244788f2e23477b74fd97c8e6377ca13e44d5b5f7840757d5b6ae944254229c2f78ce',0,'2018-03-03 17:32:58'),('6d5c2e7c95539364aef7788ce65a162f90fa77368f3a36c78ded400aa90995360e320b055a5ce1eb','a03cf48c7a67701c719eb5ba7bb1f94779fdcafb35c3fab8e5ba5a01acc5e44bf307945a0a22a913',0,'2018-03-03 18:01:30'),('6d87f5e7a4cccdd14c30c03236708aadd774f68e34fcb619075edd89e5bf84c7a8c9756bc3e6a974','8528763ba34e95543e0229b7a08417f4e9fb62d7b3106cf62f4b2a203931007f4e639e2adcfcbd45',0,'2018-06-30 16:52:49'),('6df182b2fef1bb95a8c6edf7c757e421156ab662ec08998edd8a67b7a34f245d40f855ab797ca7f1','315966588bbdf5a09b9f208a9cd550f82cce0166aaa6c963acc25459a0663f79ffafbc92eb4a8bf7',0,'2018-03-11 18:11:01'),('6e1d08d95c379edfd64db6e2d2295c12427fc569a89a94d418e70b140836ec3684f33a0754da7383','ceee8ceb3df462131465671ca571c4bc9b808f739931f6a58b073df329388abf2006ce95336d0dff',0,'2018-03-03 13:22:10'),('6eb281391aa34b04a144ebe4411134403a9ab771050901d0982173a56d7709b8666e23d8a205c84b','6c2343328e27cd5d80981fc658b4d8ab9400402cf33930cf8ae23e8189aa2878cf6a2c660e1da637',0,'2018-03-29 18:36:54'),('6ebac10b0d2572f3656fa38458da388f3099ab29dcf5273235110788bdaced1af0617b4243fdebad','07443bd68fc396eafcab33e8175649cdc78b554b6c0d8834f6b4013a5f313357f7222b0890aece3d',0,'2018-03-22 10:20:32'),('6ec8b9d59eae41a55dba564bd4ea078f9859c1e80a1d1893f7eb3b05626426990f1bc59e032d2543','a8ee1eee7f325c3eafecec1cb6d5f96e1e8ef46605928af552ddea1c3e407ae485d8c7a1514578a5',0,'2018-03-28 17:32:00'),('6edf7d9d5f2c9f6632275a54b557a93487e04aa9ef3073d877344875d6391541bfca20382786fa5c','41ac2c454c0c30011334c183294de154cd7da7f384e1ec000d6316106ea16875921ad9de2b335af1',0,'2018-03-25 16:35:55'),('6efdc18affc8c6f00d3016133415515f9ac26d91788e966a9482577c909d1557f547cadf1bd688ba','bedbd31489e9dc64107fdab47effc1790fc1bd2aee869957ede1b48ccb6e07a33558fc64e091a23e',0,'2018-03-21 19:03:23'),('6f05213f85838146e37e23636f0868aa418972996b6950977c075c339a56fbd2cc4480d9db507252','4ebd26becec3aea7ab18f35b7101957e178b21691fa24620aac9758beaf8ae5ff8b9e00acd4128dc',0,'2018-03-10 18:40:36'),('6f7d656c6ef57e6fdc7b205568d703e9f7c1ce9fc908f86fa0eb649af6f76c440f5d29d5aaab26be','d56aaac8c786f7a7297db66a1a8adef8488fdd78aae38e474c042bff3abc95f637e6019246513d24',0,'2018-03-18 16:40:04'),('704a85d49fa566f9bb6160471afda0a5197d01b8255e4ab8628ba9e5744a321c0e5e22bd417fed02','5c50aca97041f220cf27f7fdb03bcd3932589f5628b8af258fbe2d864462fa1b344f91e048da9918',0,'2018-03-01 18:45:19'),('709b78e0ac5dea7fa7bf44603e6f25d69f4d468e6281a6273e6a5dcb445834bbf2e9c8910b177b3d','821fbcd591b39425bd3457201db155ab65b01298fb55593cd594316b8c156c05e1a913f7676295c7',0,'2018-03-03 16:52:44'),('70e3548858100362aebfcdbbca6e76bd7f68e74ff974f95bc04f58f178a9b41801e9228c23b81551','b8d58c3c78a8ae24e61dcfa7478fe53f7ec0de6b7bea65b9355c367e0e6b4ccc3161f2a35c7e2438',0,'2018-03-17 15:36:28'),('70eba05c0f7fcbda1a6fe1a496bc6bdafc4b5900f90aa3c909da082b85b95c3158916237ac5b7603','e553194006b5a1a59ff33c47a70df33110c8b887b52db79b0bf269b9bf7b6e7cb50f42d2fcba87ee',0,'2018-03-17 15:56:36'),('71a715094ee28ac0eb70ed3a3e374cf75496310fc305479608169d4cea3865d09f34e157fbbb61a1','4af320d3f572a59ffd25d5d1b3ef27f771757fc3fc405d1c036d8d35487d756148b3c005f6547cf6',0,'2018-03-02 17:55:17'),('71b6534c8ce65263c57dccd95078aa9b89fde4fdfa8063d3a2b14bee29efea54cb6a8983009ef49f','bea4cd9496dfd473e7034118d0f6cf66268bb0916b2c4af00a2271b8f24d86d97fc86434c04c7b5e',0,'2018-03-05 22:30:31'),('71f7658ba43d94fcbbe295861da559602a8cc708dc32e7375d194389dfcfe96a52a4b57f9446c319','17fb134ba2d0395874078da79ec3c07882449b7f902bbbd668404a9d9e369dc2d5f2b60f378549c6',0,'2018-03-23 16:44:36'),('72535cb1b4c312b848a5315d7e60b84432f85a8af82f9deb1388b9b85397144d770ba856bf1b5a4e','81e0d2b8cdc93bd15d5126f2805a83589ce020cef266f4bbdf5bfebdcd7b98a3ee4b8f20489fa653',0,'2018-03-04 12:21:05'),('7264ab8aaa2c4be3b3f9188e8a0012f2b23b5e724863c91e0c1d433f1efb89e411d9b53c519e2c5f','83c0655aa6b40cc19bcd984e01159eca1f25b2e33c4fdabe0ea8ce1424e6fcce19006e5c64b1f589',0,'2018-03-15 17:58:15'),('72d940dea7317a75ee76f8276acc98ce5f2f72b63a38d19d8f7d633f1ba460969a74dd3f385d9bf1','5f1746d6e1e2d07c4f871adb5ea4a6cf8d549fe28f34f8f9e310eb79c5743193dbebc009bccf71f7',0,'2018-03-18 19:02:28'),('72da33116098dfe3dda605361c27ed3c69266ae81cee88d24a1adca345546d48cdec3ddd0f777fb9','cae755448fda6dba156658c3901c82a1ed28fa8f395a83a379b9bfce8e6ab81980130532560809a5',0,'2018-03-25 18:58:28'),('73b81f7038e985848783c04455a61521e925ba1b4acca65fb1a3b924ad126abc3c5f10aa97cc00da','26ca5ce5cb8d0e60202f6cf24ef60c765ec3f9f0fe5bd62b8d37daf4fbe45f53702d2ee3019d5803',0,'2018-03-02 16:57:46'),('7446f40a3c892a8dce42119d9103bdae68bbea15fde51a2aa6eb8b1b24e10053cac1660d99fcef21','15aa76f1f7beba3f480921209f070da1cbdd334a6b9463c6824a4f3e29b031e28938351ee9a255f8',0,'2018-03-02 13:14:35'),('7485c4416b432d1d5e7e7372b5bfd131ee32e5b00beb41487b23fa3b06890c82b6a8debaef6739ad','e3bb31d049682705adfc2eb6efd7e5c1229b97d8a4ca516a76bfb0d2306d470181304851d5dd0979',0,'2018-03-03 13:39:58'),('74a4cf682625f83af7f826c80ec7bce3d1185402ba3c3c99eb710afd8e6ca47dcb18d22fcbe066c0','842634a48392f8b9449755cc8cb2d24ef5fd382c74a356f1bdb97650b7dc0e1772a5262f2f63c74c',0,'2018-03-02 17:03:13'),('74b84645a04877156dd0228b99982d53af087272b7f3b0b460696b41f7624c3b0f8b674bdcd5eadd','6931faac88484603af1f75be1ad6635b9147c55170fca8af96c61661b1b1b98b15e10a82abbaef01',0,'2018-03-02 17:33:02'),('755a67d5ad0c19c62f8a97913b7710f51982eca2b87af254d4da031582895bc32db7f59dc2c30374','8b8df3502c7f9cc053c2c4192a0416669946d63193ff0f9bd1e45702d825203275562afce232d958',0,'2018-03-15 10:02:58'),('755dd3c86af99616165273551d4c489dad634f993610a6679c6c72010b12d42954fd7720c546931b','467e78e11d6d41c271f2e6ddddd0db2f4ff90267d2c852be710f87c0bf33641f47f9dcd17f769cdd',0,'2018-03-04 12:58:27'),('759be32fe5972f27e86eee57ab7914866e44acfdf26b183f621007d44106c1357dfeab2a297948b0','63aa18b6769136514db6ca76d95e4ce9e80d164a604d4d71619fefdca3287e71563427bf0a284676',0,'2018-03-23 09:40:15'),('75a89b1b77d99cad1fae952e47a42f6687cd262adb140df8aa009b599f01444373f6280ed667e1ef','7987ac1384a776980e9454ec52580f0923390d91624d3c6881ebb0feeb0e6753e9c2ac781cbd4f80',0,'2018-06-24 18:34:27'),('75b7a2c71e52cb7946a67fe395f75214dd3ccebc5795c5ae96626e897239c6d2307120a8ee2d1925','d531ebc42401c4682abd50883c09b230d3cc6e1140af519899f06e6a1e815cd04d9258cecf7406c6',0,'2018-03-05 18:11:30'),('75c9226c9a44591c2234dc4d972aa03ad4e3b9c5850f81165fbc2097e27ccfb0381d6e56d64ca64d','82fed0b0724d61cbb867d3501adf81bce4e4c557d3681ed56916f6b4804c5090918dfcb493acc94d',0,'2018-04-03 11:20:48'),('7675aea9946bff0f1f6418b60de1165e22aade661f119effc32841982b13689379735609c93c5013','16d787e0cf9b5db7891a0a0c284151d3abadf64a243f6f2a44d2fc2f289cc81d3412af4d12879b54',0,'2018-03-11 18:04:04'),('77166becd2d9a336c67cfe3084d0d5bc8656f9969630b2b7c72997d8ffd12724c5c00a36e33ca02e','de28665bcb6d9a67deb36a92e6020f8a2b54f78bb1ffed8cb89c10a3048e5b422b036c68a4b315de',0,'2018-02-28 14:13:04'),('772eb63198ab2830b17c2f40c09b373d8b193ac3eab59635113b216630e01f1fa53eb20a0e8f02f8','34ad07486dafb9fe9bb1e30001d60de0a0271dcdaab4a9e37682856be9b1740dd7cb177980424aba',0,'2018-03-14 15:43:36'),('77978665a067cffabe1e0ce465c02fcaf0c7ec541b60a1cd8daccfaa438918f66a5f8af211b352f7','63a1b701fb03f9a5d562fe73c10b2697af0659efd2ff7efab686a39745e6639f18ffe05433a9746e',0,'2018-03-05 18:58:57'),('77bd24ebee27fd468911451d6a01fb08e0c3c479ec817aab52804f8792f597a92b1e6d9ab304c2ec','cc1316d369da86e00990ff4efdfb5c8f679f3f9c4566e51a8b69f951a2f987eea0e34af422d83f17',0,'2018-03-03 16:50:29'),('77e26189152090117889b2e4e62afe54be943d5fecec6b7ffcc1c081a8e099c625e539cfa8ca26fe','7318267142834084bfd2cdd9df0b62d4745de2e4e987121cd3015f8f0b2333d03e5558a6e13271c6',0,'2018-03-29 16:26:20'),('77ee394bc52a698ea008ed8e5919bfe9ff96a6f9837db9cb492f65bb6712d2fbd589881911af4770','acca7ce3584e9f824f016a13daa9edb19efc89e1282c120e6d26ff808bb3b561197e5667ff359468',0,'2018-03-14 09:48:44'),('7816ee2d380d9893154e1eceb550704bea1471f4d028bc89d52c739bd42f347f96b1b1443f62b3be','c0f699db1bf9795f0cae51573ac6380ab7f2320e942ca7cd8f64639cff41b1de7122fae92d44ba4e',0,'2018-03-18 18:28:10'),('7840567983c8aaf73f01e536b4fd64f7e71c8b2845f5f6c0a5781989d211136652cd15eb5d1f470a','ec01ebf67ce2440a937ba18cde57083aa8f3616f13d88f16e8f314768587d54d49b700897ac53012',0,'2018-03-21 15:35:44'),('7879ba916f207df5a907890e7860e0bab7af29fd7ec61ea88ddb2efc8ec58ca101737e0e05bdb437','8ecf3b62d4430ddda6aded2242e4f5803816a08ceb73d0eeb9b0910488a179856ca2a77877e9f6c9',0,'2018-02-24 15:44:35'),('788eed2978e5976a1b9afa8cbb24229477cd0d4f6ff41dbc81a8454f1c22e89d612b195d9cbe6c6d','1732be499743885ff18ab02f6ad1d5e73a541fec30a14d275a5cdb4af88d89861fc8e031cb52a1c9',0,'2018-06-29 17:58:36'),('78d52fef73bf5e38f0761cbe75f3807e04e589c9bd2db734eede164056c6b692a0c403d80a4bb8d0','093fb1945fe33eadcfadc7db59dc619444789c219aa6bb275786d84823dfc939a0002ad766982097',0,'2018-03-04 10:41:48'),('78d58b50a3dfe37ff64ce1cc8b1dee98a2da46ea6f13b0709ee9dc12ec1454c8eabf20cdbe632399','5b3f001ec855903e647e7fcd73aa01d78213977a35e928a02487de1321134d933866ef0ab9d01415',0,'2018-02-28 13:33:08'),('78f5a80c053e47de69b1215430467bfe037a47ec4bcc9858b7d5242316b0ac48def13ec6db97e2ae','1fc8aa7207f73beeea10e7fe2086425d7a7c2cedec45f6da16cb483b984159d8c97d6e134fe92900',0,'2018-03-29 17:44:07'),('79011c55a2b6df880ee40241814b91d1c71062654cf639af0b181a4bbd3b5ab9f1c198600d084c71','bc17fb034ba0d8b9a85023b903feef456a6ec8f2bb246a603ebf1266fec1a8f25ed90dc8b4ae1541',0,'2018-03-21 18:11:27'),('7929524dc9a052a856a91d4639ddf2c6839608373e6a890759a2ff962d66368899ee490b13806572','1d0590b0bb226734ad709d584e2793c810826aa2e9790f33d4a1592b83704b2d74fb4f2c17ed9095',0,'2018-03-14 18:30:36'),('793222c25b25441d752d6976b573cb550a2d4deb9082cf89784a1643d23307c8faad9ed11366d83b','d21dd5a0505c1881b6580a1bafd531101843d3642db89fae1a068d3515cc68039588bab9b3f603d6',0,'2018-04-04 17:06:31'),('796d74de59609b4ae4e37f35ff177f315dc3e473215fff65f857dfbd98e4a0b000418c6e1f0f63b1','69e981b3754b8f01d84cd03f29245f824d05bca883369e88d2ffb2db6c0b3ce3a45f24f658696648',0,'2018-03-22 13:47:12'),('7989595d324c3a2d6562c262f57acee1ce8df0a57345b162d2ac59fb169f1390f38367c103826ab0','59975b3fb334cc7c18cd384de28a721719e54cabed04776b7253a0c7bfc6dfe34eead7b3126feacd',0,'2018-07-01 15:17:40'),('7994a7bf861483fdfe6207b01a14f5041647033cae1522d626bcdfe2f22a4b0a636424d4f105e51f','c2ed0f41b5179ac948d8b372812cdad6622ff3b605acd9ba2495a41bc3b43bd9c155ca1363e72741',0,'2018-03-01 18:39:12'),('79c3715072b9eb2c7422f26ed3fc1c8097d9bbf0f72a5a89ad1b9f4f03b96134715307881321dee2','855c991c9c6b1549c0c424705c3c6a9855937f44a5c9e3d98be9727f2b3a6fc6c727670ee642debb',0,'2018-03-03 22:48:38'),('7a412573a2cb93c1ab66508940441f592627180777833a30866ec477061dd0d3b71ab9aa752b74cd','74a37531c3a574d800c0ff57175a643a04813adf2d45f9d91ed763eba0751231705c5ec33e0cb68f',0,'2018-03-30 17:58:02'),('7a4ad4b876dc529235a86ec6cd7b4a732db8c82cdce3bcb97399f8a7dcb6a504767b9ec0a0dcd9f8','11e97f6ec7db70473de911563e88814093e27675f883d23422b4117d7b542a913f3b0cb699774023',0,'2018-03-03 16:10:19'),('7a6917304d0b785041b784929c3dcfcb598e8ecafaab9e8f8346c0d4080455cff2a8593f634e7118','a440fe1d0956d3fbe913734f6b9b06b845ea4972b6c8e0bf530e9f80b50ca5a7eee70f7fef2716e3',0,'2018-03-29 14:24:08'),('7a84f660be1fdcff930c6da62dde2b8a016d805572b775f8bc8bfc57d8cade55bd599c3e99bd64f2','724dcc3e7e3b78e026614edfb58806c35e5c8e044c3fce335950887081f786d0106bb4fa47c04a63',0,'2018-03-03 17:25:55'),('7a91bd7063b0238866b2c55b5a9ca2a489bbc0d0473bd16b0856103253c8b73174b6d946c44134ce','db0b585eac9e34e026526e8a139657ceee8247d2adadbb8d31a3043cb032248aa6e9e39cc5719926',0,'2018-04-26 12:38:46'),('7acab55c2d32037f887fe28f7b2300e84df2345df1fc1e9a1dc91344c133c48e33c0475301ba4fdc','bd84b8df87987ac9c69a54e1588dd835726486dfe32568dc0eae75a854b7f52b8232c346b0943070',0,'2018-03-05 18:11:22'),('7b3e61bda93b6090d6d92172247ea2657080647d4368d832265517594434329dce2805e207fba704','eb4bb5d1cb97de9db4bbc9bb0f5bdc419e74720907622a18bc197e7ff9a01f8f8612e1adad22de6e',0,'2018-03-02 12:44:46'),('7b9f4088a15bf8f655821bc89462557f85dad6c6107fca98ae0c80a2f251087a9f62fffa891afafd','50ac799fcaab040cf13e4803fb71f036c1458af960f7e44c7683e469658405a8ce6670a07d40b054',0,'2018-03-02 17:22:42'),('7bf38be3bdb2e0281eedfef322ac80fad773d86a2e575ff04c3bfc3da49198f42df3fde1b4e9aeb5','de520ca1f1d6ea5be76988725046c7555567f126d1a204ee3126c873a5da9e7dafea703429f2c112',0,'2018-04-04 15:22:40'),('7bfdd3e7b3c29c8f02d48d36297874efbd285e4c37a567acdf9edb3259a550d6e89ac9ced1168ada','be0a811e47206e244d5bb0179b47a98424d9b753fc4ce6cb15f734fc3387eef5493ec33e14be8524',0,'2018-03-29 14:12:41'),('7c653c6df84e26d2319be07e8fe1db5bcdb03cbbd894e9f2abec514e199f5284c166339bd9d991e6','0c111cb9ee478cfa1ba94c1e335027cbfef824686252527fcb6f9c20e5bf87ed07a722976e650091',0,'2018-03-14 15:45:11'),('7d35998f8c4e9d5e4c849a4916b25f955b3863b602fce8f24b922a527147ffa4311b66ae4dc3ae2a','03c61e45fad7a9716eaf56be3be545e8a7edd93bd499e99745037efc2fa2a6c45f773d6bcb149c26',0,'2018-02-28 16:00:55'),('7d9fe307a2681ebc1e7d9df56ce91bcfa691d374aadee942656004553732b71d64524eb2fe97e3e1','b2746f3b57e9a0c0a9b55051ab26e59a8a30d08d626422384392b0b2d81b01f04e7d8850a959679f',0,'2018-03-17 17:46:07'),('7e18a4a26e1bf5305153d8d8a145f86e8c0e5f778c9907d2ef5d4be3efe96afff604a5e1df701879','a20f421612128ba08174fb05a6477f88c149d2866f8da9861a84c42e6729265465ce0a9dbaaedd82',0,'2018-03-15 16:43:41'),('7e509c5b26be1669931972af2e9843cdf1d8bc4b76d5ae38763ebe2ec0b16ae880b408849adc2aec','0289a5daa5999d84a2fbe75dfe8b9f291ab3d844b67049a7c8ba647603a5a959a4d95d1e9ed3c057',0,'2018-03-04 12:24:25'),('7e56b2555d7db1b0e4f6ddab6fcc37816de37f7a30046e4d03cc542f27c56efb8bcd852d558ce497','e0d36eb44b0bdff966e2a2e5191ad384fc03b9c1c7db88b9f4065cff67d2090221e83251f7103de7',0,'2018-03-04 12:37:16'),('7e7b4b3c729f9dca49a15ec4981272b86163af75207ff7526077f95a5ccf34de2b36c70d7816aa24','1329ed4c42c6025252fd581e079bcc470d54bd22a898b3ea9c7701da7e1a830e153658d9841a59a6',0,'2018-03-15 15:58:07'),('7ebc7d79d811a837a277f2a1f00fd3328c1fc22164aa66275a1408657aac50707767749751661c91','5b3162b5efd673705afdcc56c69310a40f8f8c61ab0b7f6fb6ecee4ee5c8dc69dfb073ced227a28f',0,'2018-03-03 15:43:59'),('7f0bd8063aac99244ed0da1da7c46e6449b6a25d58fdfba4477da86dc9bd46963bab9966a92b4d27','36cbbd57112d34d682f883498b53ead00736493b21167b6819e1e4d1c3b6108e88116bd6a3cdc520',0,'2018-03-03 13:23:12'),('7f14ce5a78a247e6552e49dc996619daa4bd4ed81a2636239c8a275269beca73a7865ffbb9998aa3','41e1d584683b0d6e1e2e6608caa9f090e65ff8c9731e3ef322c8b11f2bea39dec5e161959087ffaf',0,'2018-03-28 18:40:37'),('7f58b0e9b014c0c6a9fecc26548840718ad06df955acca1623f5f80e307f301da46b6df5c230936a','b27df4c338eef18c1e43e2426cc15fd54b0fbe78fbcc15d18e98c2acd700fcc5a0d45309a010fcb7',0,'2018-03-29 15:29:31'),('7f5a805155e1ad1331c9676cd99821c889c160d95952c1bdc42ddbd599a589c2f6bb9a1d24ba0b04','c05c925528dd27de0f505cb10742348ee581398168c1389641fbb5cc5c35e73d4d689e862a2f74fb',0,'2018-03-15 19:00:13'),('7f5a842e5aad6c620efe77a5dc1340279f988a571f66a378632ebc84eb65eb2db32a9f760616cfae','c71480885070502ab0ce66f47ded96cff0f01651218ab3703e4a7668f1829bebd6622a1daef5c066',0,'2018-03-05 19:02:32'),('7f798499f3664f9b3b49d3848f720f9bd761d1132350bd415f394746591fe499575da644186eef4b','8434b613faae35f4f436d4efc57377bc8adeeb09aeca4fab0670a1610cb5255db0ac3bce092ef290',0,'2018-04-27 12:54:40'),('7f93c85d6a9de4e09664e5361ccf4e6f534e0e539aa22c95b1a622d9dd3e78126a27dd7fb270425c','145df3c2b1f6c53fbdb0fbdcd7c71877ad3734cfee520c7073e0c84ed160945e319f36778ac91907',0,'2018-03-28 18:03:24'),('80025cd6cb9ac6dcfdb9fff714839ddde9bfc1a5917f977f3f72843819db4f09cff40cf41b0166c6','91e381ccaa45692ea7e831f688d4ac94b01f0d4c20cf07117547aba3fdc0a26fd920cb26db9acbc0',0,'2018-03-21 15:33:04'),('801a575665d55679dee27334e2b6897ef84afd7b7edd40d8724b23cd98be60437ea412e3fab70fff','d11e4c8092cb052754a32fe46905cf3a016e980fc401a0f2ace660c4c35164a939c2772ec1390920',0,'2018-03-03 22:44:09'),('8043a66b7fa380a136d46d9c6a0d79af7b9815574bf4780898c73e3048f2401e68cf2557e5b6fb56','e5ec09d9334817c9d1dcae99587964c3e3226aecf0ec0994abeff52cf64a53c427b976eea88c04cc',0,'2018-03-21 18:56:27'),('80a6ee1a7659dc50eaff86c534e5b6e635ad66d791467557d55f9520d7e54094a11dabb82622ea47','e53ab8ed0451418d860b62bdffe4b5606c0e101544d564c759767469c0108f742b799c44b50c0e6b',0,'2018-03-02 16:04:48'),('81051aa2954fcfdb14a3037cb252822087d24c011fe28b924b675b6d77983a430e9d0029a787b6b6','fbbce655e29d177581a8a2ef660f499fe5363086d5b55314fb67d77f9168ec693c2f9f24c4643d5f',0,'2018-05-05 18:22:05'),('8118224f228e9b0d0449185badf94540358bccc85facbaa28a8d9993d1f7b49032636b592717cae4','408682df5e66d020d6c7353ecfb3d86604bb4182ed71f4f7dc4dc3ee81d4bb27810c537e50d4f046',0,'2018-03-03 18:12:17'),('8121a0e7316ef69cc9d841df8df4c663b5eea15ca38848f5c874d4791babdfec0d72ef9901fc4833','223dbee2fae71c63b03b8585c7909c255a9a9fb7fe1e7050b4c6fe83788d02b974037d98378ffe75',0,'2018-03-18 18:19:59'),('81fd247b5468e7c3fb7f9f2766cee5dfc49884347a2a0c89f1972a19d335e42cc01c2d5d332cb8de','212b0df8d4ea38640144acf482e38533d20f3bc02b4c6163b6aa9f33b6da1fca5c98e19954338a60',0,'2018-03-25 18:13:53'),('823b4b31d139302a5504a2afbb9810bbc42ba03e39cb47345776ae4cbde9a1f7b96f28eced21e9fa','4e9f76b8c8ee39b7a74cc3dcedc1eff6813352c2017565ab831581ab366d44b9000d6c249bda5151',0,'2018-03-18 18:25:46'),('82846f33a49d4b05ae691fd55fde2c9c16c27ca8c804abbb5e4c553363824a794511d180e1821052','2abf68f9d35fb7366604d2907b30427a55ae8eba953fbfc509094287c2f7a0a14e989c340b1de59a',0,'2018-03-22 17:26:39'),('82fceb80d695edd5863bd754363d0d1601bfa793135c63cdbf9db078f966a340b713b6e61ff0ad18','87da03b4866ec58e4caba6c60d6bc3ca55cac8f049638134d0bb8ca0f5e0f05b48fff0e2f93fa8bf',0,'2018-03-22 17:00:37'),('8349184869b6f5b45828ac208f80679947a3783dacd4d101d681af7aff6e9aa9b7cfc376ae7ee368','db27e6a032e006b5ebaeb35607236f63b62a61b2d4e65ba1240a1dd3e226722c27714f482adce9b8',0,'2018-04-04 16:08:55'),('835c5554448e33eb1ac24c479853f874d598ac7e12982548c1d019daae99f2fe8cb10246c7b8ec48','a44f28d435cd677ac13ecb33b9231a0f3de6471fe127b9d3d9f12df2648dad0fae1cd3ae04697966',0,'2018-03-22 18:42:17'),('839dce1570e27f8e63fac96f4f7e772ba1638e5e961ff2e667a627902b77821c049679752f751560','b9994dd6176b09eb823e6d8bab47a54f91375e94ddf61d6f52790706bd60a3d9d63be6ecd958f6fd',0,'2018-03-18 18:33:03'),('83a2ace918b5f13858914e3fd7ebe482f069cdc26cbb56843e4df405a7285e789464951ea7406f2d','195f8ea2ed6f7acae6f5521ef7c4f75b3021d19bf8907756b07d656a12c49f9a3c72a2e41a961cdd',0,'2018-03-22 18:34:42'),('83bc0fd5483c5b94c044e866c6cbebed3fd584eaadf7c43241684e3302cf65d3b066fe1f75503b39','7d7b6ed57e7844c0063aeaedd8b3ce8ecd9d5e25b1bae6ab81f118b3dbdbb909cf7dd71623c6e188',0,'2018-03-28 17:52:05'),('83d5c417313ea9db0f3704995ac0f0318a5c7bc2191641a7c625f1575d85b2604a9f54033d600b1d','ac6bcd745a17ec859f5898e16805560fcfb4aa088d4fdf4f848acda95406571a822c0f372026a413',0,'2018-06-29 18:44:08'),('83dfebcf1bf26c9603db6816424337658f59ce3fd0fbf14d1ae27d2a04bdd3ccf6953b0ed7a3f92e','ca6aad74d0da3367351e34ce00584b5b8718594d25a099f6676f36274699cea2eeac2e551d4fe58c',0,'2018-03-15 17:02:47'),('841806e82c80df9802f1d5ff3c6326d96a707b38fe29e5ec249fbd122750c49b470317ec925ed628','804b45683412e9bc38975129bc380e569f432488a6123c277713e5a7e6b861a6ee14a6f43771cd36',0,'2018-03-25 17:02:10'),('842f784ee8b9f11ea662db61e65a02d5c034f66618ae359c64dbb425da64f73a89ad1431eb158f91','9a8e3741b762ba7039cf5828021ef06eca1b7fe346f7f9ea64fe1754faf9ee455a6a3a0ff588d6d2',0,'2018-03-02 17:33:46'),('844917e1fd5b3587cba9b3703bcc2aeaf5b1176cd8c01c2f579a5a9d297a2f73eed86d03f33619a7','bfeee2e332eb09638ea10f58aebc1bb19dab52be9d74cdbedb0d21457230486cf98fa7d4c677c224',0,'2018-03-22 13:46:18'),('84ed934292494c8c071f47d5c068e0fccc076d13c846af096d1d00a40d21410f02efb67bc2c1a79b','f7f87f34126998eb0989f7e4cb6ebafe1ea297ca0f6e4b7ed2a5d22a6d1ada94d72f02e03324758c',0,'2018-03-14 19:07:21'),('84f7cd6cd81548a2d2bdf5b07f334e1f2b0fa61d842f36a3502ff38e0adcfcbb32d3f52f10a097d2','f19042012fb3143da0aca755831dde9183970b71aa4cb0bca147cd60438d77d86034c48a57d07b5d',0,'2018-03-03 12:44:12'),('8514f296e88a7c4fabbed35e6aa3f5eed17b115ec59b8471069c651287a1b35d803f7c9348822493','785070aff468eb17fa4ad20a7c26a971164e5862cb4c9334314c26e91b7055c594e6ad772c930b36',0,'2018-03-04 16:46:30'),('857a13327f6042e01ba593124a5e9fde4e9b53371f27d702b551a2c6a24348597b29c5bde5abe283','923ad67f4e7f9607bf621d5766e5c12d7162b35dd498316d823617e8d44c4f8b717a4f1caa59a493',0,'2018-03-10 15:44:45'),('85bbf7ce4035e12c11582ac2329dce177ed0a794bc9acb2d249eed3f69d6622ee750243b9cead27d','6b6dcdcc95d738fa3e34bcfe506adba27bbf908ce58c5413ccb5d367905c895626a9e72dbff3a335',0,'2018-03-02 17:24:26'),('85d811a6076eee3085614fa12fc7e4e0d7a8144557ee6e24c8e705b5865f2f9504121a4e469e4f7d','424da552debd4aad041bd697c346f00bc22c6ed884a1b748c6b6425c6898b2e0dcd85315fc8f9162',0,'2018-03-15 18:34:30'),('85defc62da6bbeb7c4ffe93ca393e32d247683f71165aa4d9a6b45f9899e06472c1a163c63e57efb','7935ea5bd4a65a540119b3516acb58319e2a9d99ca0c73657c0813b8daa7a7b12786ce746d24b2f0',0,'2018-03-03 22:24:43'),('85f7877a7271442199f112519a0f75fe5d3c3d3eca4bee97d9646e621b8895a984227b9b172e05eb','cc0e9f7f74446d9dd6bfa609801116733896e2a6cd6554350a6f9dfbb7f915ded1e98973b919177d',0,'2018-03-14 18:31:36'),('8608186bc0f9ddae7fc0889a82768b785b99e7678a3fed9fea34d01ac2831169895285689a5a7787','abc46364a70eb65ef00b235042c4138fbfcf718f61550afc3541281da7b008b5fd79d10b3720db78',0,'2018-06-29 18:30:53'),('86ad4fed46d806563940e10fc428cdd7bff422a3f970719007ea71065356eb3cda23790f440996a5','cdf4dc92478ab4e2e381b18307ad670132fb22cde79c16cfa953a85544e8334d544dd3af8e055ff2',0,'2018-03-01 12:03:11'),('87728c8a4c1e238c1ae02277153e8793d57c17aa30e435c1c138b496f90ef8aa0629007db9d404d3','1a06e81943f9e94d5528b3670467e16c618aabb1a90b04355a1e6854bc10ee6cd7d6aaa68742976e',0,'2018-03-18 16:34:59'),('877a10415f850ee113751a810cde9675a5af45c2d2346395f4676dd3453fe639bd07a7db28a1bbf8','c8e023eb62ed5505a14e0c2505952019cbfbd46070c6e1eb2e1a2d9665f16f6602a02f45f7f4b963',0,'2018-03-23 17:27:56'),('8787da696de72194a44146f3d1c1aa75efccc2f061994b33a897e250603f79b73c02a0efbca354ba','8e48a8b49976ce80fb34466f82e371d46872e6cd6fbf89e8d359296e132ac771cf38be8b296d1d87',0,'2018-03-04 12:56:53'),('87a3df6dd82513bee70b9ba6b4ece5b35adeb4e43414d72419abfdac9b6c827df0fd4d91d57dc523','86e351a62c3131983a5afadfdabc1c22e14501a5de513e3e27327a380dc38384fac306f6874aa13e',0,'2018-04-01 01:18:26'),('87abc9f821d08fe3354b3c6bb973a1b45c78625dedd95f36c869b0df590d1527b14c3cf1765d79c8','629198759168ec4fd7ca60ed333780239d688a8471da94283d39095a0ef1d5c419952f5cfb65c6bf',0,'2018-03-05 18:56:30'),('87aca5b3edd86a1f92ba64a62833aad156532dd470626f0cdee3d11233ccf4f73c7e66391d837f9a','bfa5c50743a27da9e05579ee7d8234460bb5d0aa83afc7b37341bb5ad6ec0616598f816807d6e216',0,'2018-03-09 17:45:02'),('87d400042839eb00bc397ab266e58e43a7603467929db81a0ec3f0f340615e721f6a71d6cee722b5','525c49717907a409d57383c0a0407bf63d4d9b0cb494535559a68f5f22d02ff136867db0dbf8aecd',0,'2018-03-10 16:50:31'),('880d1548c9b6c3ad49be42b9544693c0cba5e3ae71a88de9a49cdbc2c10dcefbd132d67cda7f7695','2517e0f2263fcb80ca5fa294be4ea46fa520ace58a48f5af36fcb7c5820810dca1eebf6b683ad21f',0,'2018-03-10 18:40:31'),('881efe575e62abba2e592c4229966080102a691e2eff908f25fc10b4be614ded4f3b5a5e71335a8d','0b80fdcef50045e6f226380a3267021737f8ab03aa98196246b1b3663486af393d64fc00360a2ede',0,'2018-03-29 15:48:03'),('888920d355d075c0bfbac5b1a0e0fc2e1698df91d0487368d22c4e9d06a3dc4056ef6bae01341008','8c52b79ef293ae127d74d9c699875c3ff974e8c779058c72595370e4554c72658dd7bfdb7edbb6c4',0,'2018-03-02 17:31:17'),('8891be5ab3c5e06d08dcd893da48f10f307c2650c53b60ddbd209465595b4fa07d4f4eab6acf78f9','93bec513b1d701a4c27476831bb529eb32f6b74d125af4719ce7679e32c1d7c4b1b28de681f0ecf9',0,'2018-03-15 17:29:29'),('894311c83a894e246a309d96f57946c0f9d8d4a756206fa9d19a38a66243b1896b3816ac8206329d','79324b2e3e494b966fadfffff2c262f8f37eb2c4e1858de95ee7eba20edad2cebe95b8223e9e5a48',0,'2018-03-23 17:07:05'),('894a12d3ba1d79c008893f6a8650368d486e488e0684b6adc1674456e157c1493d4a996a52bb1af6','c3c1d670e80f9c0d3513b5b7fa45c10abea984ae24614b0fb6084243e6440b212442b4a54ac39f3b',0,'2018-03-03 13:40:26'),('894d15d124a278865dcbc3be20bc5152f7892023f4269d0f0fe373942504ee911079862eb4af50b3','bca299ce66802f94c6175acc022d9fcc906f8d9c55717733e7ffcf909dcd948308eb1c7772ac90b6',0,'2018-03-05 22:34:11'),('896c3f65390875103349e185c3f81ff80e9899422147e34eb977fae80691063d87d8d69f4588dcc5','abee795d01f4dfb87d9eee8d14657db033dfce96bbf22e682ac0c5c16d53527aa6be14b343cfbec6',0,'2018-03-22 16:24:17'),('89a219d192f6307a7210e0956ae7347f4964586e5f21816c83d5eb272a845bb6d6c7f004b00f5e7f','1dc0b820663e3468699fa2ff58be0d9c25dc8f475a7ae1975ba5b76d1dc7e9f532559eba369867eb',0,'2018-03-01 18:23:49'),('89b6e50c9d33d754a5d0035997b4103e2d7cf5ce85522489d6580318937e26b8733b7174cf659e65','40646fa15d016dcd6da68c1662664b7a6c48442cbd79e9d433506c95331fcb9fd02fdb498bef5590',0,'2018-03-22 17:09:42'),('89b97f00e63f255f6ccf4797de74e6fcd77e6a4578adfcc75bedb2c4049289fadc3c298a3b9ebdb8','e53bd22f6ed66f97aa7f9610194881960f9f5595c95c9abc0a5fc5f26b1bde767a3a942b2b1babb0',0,'2018-03-08 18:47:48'),('8a351436ea2ae4c4ffef0775e016dc3116cc027e8acdf4e66cc91f4f46527fb31c189b82ba56ab76','0635849bc26b3a68fb8f5673242f118b33a8cff863d7d82009b421a06a6eaf8c3b4bf91abe6d6268',0,'2018-03-15 17:16:44'),('8a491c3f381a9462ce76c013b9255ba1bf0fd772946842be334903d67834e5fae7ec986b59418a0c','b6e7938cbeec0a17f319d5c0190b0271d494247fe0ca997de145fab9f562e47dea6c9441073ee311',0,'2018-03-31 15:06:09'),('8a70804a3a40c569a8935e4fa59438df139c091e743b3b97ce0262a9766ba300a3dc7da331042ee4','6ac4fb28f1226e1981fbdfdc08147c22724acbb3ad173549fd7a391e1a98dcdfac4036f7127d77b8',0,'2018-03-28 18:32:38'),('8a9d2fda458d3eb98462fef5caafb28ce0889ec0cd62c4600a8d95e3afe480d9d048b17b8cdd0d3b','6b4c1f2b7f3b8467def7256bc5c49c1f25731763e94ea10334265c285244de7be80eb32b9aa4f384',0,'2018-05-05 10:12:27'),('8aa8320e5c60efda270dcbfb54f92e5d6bef65bdeebca8d83f9dae2cb7f522f8fc8b20ea10fde1db','b0f6cdc391f20a6d6201cea151498bbe44945498095823824166dac3663d1e8def13a05fbde48002',0,'2018-03-22 11:07:47'),('8ab0baa55082d32304f93b7928ef47469d924eaff5caff579e6498a83ee013fab85fcfc9a77b9637','f406e2fc04a8bb77009407a9b96bb8266ca2c32c0b69bb7095ef339e13ef14fbdfc2a1149bbd47a4',0,'2018-03-21 16:05:28'),('8abe0a12d04559c7dd1e3ce35e7e6a67c7973ac85a0a4e14db1c39de78b5deaa286997aa9adf2f0b','1d3c25be0e5d5a7c26f7d0724f296278d06a0b7f86d662e013465538bf876ddf66d08cd1679b262d',0,'2018-03-24 16:00:36'),('8acd978dc140ca272345f1507a8364f1ecd19770d5d2b7e4d6d80a9e6e53fc4d72f206d5578c4e39','bcc0ba54a6d22cf6a84c1b0b7ce146cbb7d3150ef720de337fdda0fa9210e4207c3f880f478f9ce4',0,'2018-03-23 17:45:45'),('8afbac17123537da82361bbe590ff82d9f42d49b9eb51923f3974707fccbe3db67bb1a1d9d26fe3b','19f29f8c605b1fc9cb72e343c2e58bcc9908587abb4cb638dfa39560eb6bb07a9b409e78ef44c5a7',0,'2018-03-02 17:33:26'),('8afed686b1019739c8bd90c9df7f5bea2744c3700db70132b51a4d793cbfe12f7175ef0d6b937b66','5620d1482d22cd259b9d7f01720f23154a7180ded9a3c43014185ac3220135e28608a18a12575d7b',0,'2018-03-03 13:28:41'),('8b1010389bd49e50d0a232e365227e829bacc4cb9685056a5a606459c0e5bca431840aeb60ca79d7','297b0d3e3ac0ce997c882eb1d35544b40fcfdd3c04c448a24c370342a671c3aca0c499d00f28b71a',0,'2018-03-02 17:32:08'),('8b221c0c83aa34b356ba638f9b06eadb58e158d63f98a74efed02e1061ca2729b55041c408243b63','5e59e3bb12c2882c99bf1b4ae9fa40b287523e9c60b8626cefe509093df61d4e4a7be0b7e4c92446',0,'2018-03-24 19:01:13'),('8b3bb98021feb8f06af223758ed23d64e8a34a0da48cedf0babcbc45116ff7df32c754aade15efa7','a939e6cbd9c96f9d7678a0e61d744d30125caa4e70b42806ca30be66466722c973fa1748f5422591',0,'2018-06-29 11:47:17'),('8b598841d008d43ebd0be868783b0a69f1f5d77cf1c71681fc147f282cb96437f98ecba952cd2029','0c3310d1b7c732680283f689fe9a5b4a5bb9e458cb6f859be8300c13f8f635c39a8db14bdc6b2d86',0,'2018-03-15 10:39:51'),('8c5f82d289f9b5a2d86801524ea499b8adea6be5315d8fac42cf4bea26323fca79fa5873ba9f5fcf','f39402e749ce078e2e935706d55a6722b7ba5d90d4f878b5ae61e6ac692930a900dfb999788d5c45',0,'2018-03-24 16:25:46'),('8c73b49b9ee7abf46fd7a7fc61ccb22280b74975e3640f1de2930a32a640874c9e1c3efa06a1c3ec','f5602d93b122ced17ef5dceb7e0acfc2289e90474e7c58e3169a5b4e783896e6776d1e835848ce95',0,'2018-03-24 18:50:24'),('8c80a268f58eb2d4d135c9ae136da22191a89f7c4a78e0abf559cdadddab54f4c5ccfea3d3724635','534818ebe0c0abc7040f7764f1fc5cfa14143f4815857eddedf192f102bc9480dbec4a8bee56f836',0,'2018-03-31 15:08:05'),('8cfbc9a4ad1291f445186eedd02c7b3ef32590a0afc7919d6886c2c2ab0263213791fc3c7624ba65','4ab3a3c046253422e9937d2d5933f35340f0bb947eb83b79ec7bac3facfefe232d3cd5162bfd16f9',0,'2018-03-08 13:25:23'),('8d2fbf2a7d2559223857e40bdf897cce10587a2988273a64f389554bc15f7368d9914d520719dcc0','a61e7e26ea1589dcf997b673b8ed21ddd25ec3414c546a13b264aadc4f84e0ab3382e1e626705729',0,'2018-03-01 18:33:00'),('8da63464fd667968c684232311b558958c016dc3f58f805401b321729d8b4599b4a87408b4bdae7a','5ff510f6e8349df2443a7743103bf2de463be5c716d2f55382aa39ef9aee5d01a34f1d7a7306b623',0,'2018-03-03 18:13:53'),('8dbdfbe266ac598ebafcfef646cf5e04ab57f469319e257f336d20902aa83702d1764e6e4f5f2491','15966301829dbd4d97812773edf29062894c98742cfd907f21b7dd62e5bcc64a4a512662a4f7299c',0,'2018-06-30 16:37:56'),('8e1f4d338b48bff938e7030f3d5e3927e93311379e084d7b4c4e732cfb83e6fd2a1bfe34baf09967','64cd4e3697f40dfd1a4bb1a09bffd71e508b4e05e67784fe6d89390debc063cdb9a84efc19b1bad7',0,'2018-02-24 17:26:53'),('8e51303825156de64f6a0fb548aa4209059cc6dbb1eaf1e3d91110a75300126c38ea0e89c6f19ecb','5a1c2b1ea3c96b16e2f5bfdc30f94530165f6a0ac883a32950a2ba99c613239b797662eee602a91b',0,'2018-03-10 16:46:02'),('8e81f63844eaec22a68afc617e1270f87316993568073a214df64de3033465e70c50b3feb217ce4f','3057d18232866691f80fd7f6d95b8d6224e78943a05625d51357fde42fe0e625eecc67592167b4de',0,'2018-03-24 17:27:26'),('8e841eae76856a9a6aec710def7e6954105b0d39222e49f935f8011832a1cf2fcf15f05a428aaff1','b13bf958f8715ed01b325ace2816a7dc32128217fa17d69ee8756f19b19046d601152e78e945ec08',0,'2018-03-14 16:12:31'),('8e8c427fb9785f6cc0d483e1c5ea582e26762878d19cc9af88c803b8f1f12b6573e89f80e7fb6e9f','b67f61e305e4c660a76ab4b5b7bdbe523d193c4609bc09feeafe5ff96060ef72d64c32d1e92169d5',0,'2018-03-29 15:51:46'),('8f06523fd87250ffa886173d742e60dc7733bf74c9819f1ddc186ae08e2cbfcfb5b1e0b2886f9807','442ae37008e8ec2fd27bc95eb56a915617c1be3497aa0589bc8dcac6e5929a269aae29fa2bcecb66',0,'2018-03-16 13:32:04'),('8f25af9fbe640c2f564211155bb895a40c21763c686444a77c676783decbc79bcbd816a78ca12f01','d0cddd6b1aa170e6f1c83e69f7c2c28399345f2769e24ae468ae3086860d8be245c8aefd01489252',0,'2018-03-18 22:33:24'),('9027c5e979ac5cbe8fc605a9ddf102b3b408b6048bb9c8f7e56fb71ea83c0720376bf51fa7dc0e41','9d38312d44a91af7b3153f809d62f6bb02807950575a3f18f777a375c61443ed6a9026b04aa47ae4',0,'2018-03-28 16:17:03'),('90527e13bd9f787b451c1a72a82c9dcd7f5a2736e08395dba67a193a403819fc6d0b5db6a777095a','94c2eb210ec5d5f1bee5eb46d0c7eadeae4f634a59b8ba1e601a55e58b5bff89c6b1d1a76f720adf',0,'2018-03-24 16:06:32'),('90995db832a1a9e044b3c3fd687a0d00a076ef63f2dccbe8dffe0049a41008c00f93d1e40ca1a8a1','1b0078a28e2137ea1816da832c5fbcf9da93a52dea38d765d611c7d3cf5bc25d879e331d11219558',0,'2018-03-02 16:57:33'),('90a0b9244c24a80324f2a0b112210a7d402f2c2754c15a35c20fa01ab289a901e7ef2385cf7cf6eb','249d7ec57ab1e02fb19bd40fae60a1fd180517b82a815dbc0ea31bd2952833f81d5e4e8264dd8855',0,'2018-03-31 18:38:45'),('90b5e0d51a7efe66d660a38417ca1e1eecdbef24ed3fd5b74bdf13a62139a03924549d8b038d2626','27dd5cda4db5a8e118fd3a2f5a606e37970ae40b569819850b7a7a20016af25efb4d578ddad0c6a8',0,'2018-04-26 12:31:49'),('90b8b1c9e400ce56118477927a5d39f5d97593b8d220702731c1b9465b0626f6777a1598ebd137cb','1fea2424a9de7854b4f26fa7d21e2f7a3b7d4050e7de5c8c390ec8d18062fb71c24b16c7ac31e6bf',0,'2018-03-22 13:53:51'),('9103394d5266c980de7f906ffb35b27be179a14fa2aaefaf558e18b27987de4816d643ebadcedab7','0ded7decf7dd4bcaa6536268accbb0f532f41d73fc14cffc13048253b16b31700094d0e4be834f45',0,'2018-03-21 17:37:02'),('91318aad03971cca037bc79f3bd9e6293c17aa2e79046803278496d42228d8258d6a7055ec59b983','da7c08873345e93a9d02c4f664934c5b8d7b9dab3f7732a5324dd4104540bdc6ef3d7f60ca0f05a2',0,'2018-02-24 17:12:52'),('9159abaa10c988cf42d4fe97ff8d9d629a39f7c6f7eab34f0e006a213224ea29a8899d9797579261','c7a0109fe13524e1f5bcf3f6fd63f702463b549b1a716b3fb16486d659ce1fd0e2553e14384e9ac0',0,'2018-03-05 18:57:59'),('9213e5c16090786b1cfa74d0d711a16cf968a4f6a476cbaf08c7b2580cb39517e7281db75faa3ccb','cfc60c5903e37489f02a666a01ac1cf114e69d0863a8a586dd88770c9fbe32c84439424b1e06d647',0,'2018-03-28 21:46:16'),('921c5a6e816704515e83ee0ea006ef9a7ba15db635322cce7e3dfda501ea458a18fe5b281c659974','c777cd1bc5d7801bbb778816fe2c42a04448335b89bc3ab4611f9e105ccbf3a8ec0e5bc295add5a1',0,'2018-03-16 18:56:05'),('9269398b1e6c5333a81460730bf056a7f7bea3c5d703be07cf2e3dc1bdef644fdb27f1cfbd4ae308','01df613ae16295ab8e2707e530489eef7bc69fb248bb7c2720a428c851623c498bdc35674e8e2f7a',0,'2018-06-29 18:22:53'),('93750b37dca0123c8fbad4f36b63489607cb7779813e973eebeba98b7c5005e24ff7e57e23bdff93','cba3dea1569e7408b7e249afcc989b73a534af6210c2168970aa816693741b82ad93e0236efe96f9',0,'2018-03-30 17:47:29'),('937f01d6a709d48fe40436e3bea882c235b775c4202d6c4a97d2e62cb12bf5fb7ac6ba2177c5b107','38d422056caee6fee4fb156dd4eb9bca95b3354627cdc8f95e3f7f8a50a0c7d1a8c6f2db880f0888',0,'2018-04-06 18:05:51'),('939c06cdd7f03054e62d6793c467f3bad20335ccc23ea90c2edeb54f4caeacc31d94f910684027a0','e4373cb1e882dab4605f5f95fb9d7a6f530b6954fb40c9c2fb12be2593f27a0bd4714181d1178e44',0,'2018-04-04 17:01:52'),('93aca24df869409a6b243e2eb8471c4f4452b500e958acb18f59b9691ab54458fa213ab0474dfa81','8c3335d098eb5b3f851baa05d5886fbdf3ed42879859b1706bfbf130a218a81ec302eeed1d0026dc',0,'2018-03-22 11:08:57'),('94b77bd7d871abff9d673550ec30cca9f72766468a38803cd7b148f25bd144dc09ef7c44e48f6a5e','9035620523d3c8b05dd820edd4a7f067e4e2a7a5433cd9eda2fa764fff83fea15a087f5caec21890',0,'2018-03-28 17:59:11'),('9512234aec26d5bdf71a6e07e2c64e05d06524c11c3b2a822d3412b6f1d26204af62b9fe599d88f3','53d70b0e017c22f6c6691e9b82c63a9a569f63d1aafb56cd485d3917e65717aebbe44f49e2e6328c',0,'2018-03-28 17:04:17'),('9543951c2a531ca62268987a8192e9f4eb4789eba3991cea9ea2d8ab2d157f9c5386453a56104d3e','d6e653386d547ec329c8ffeffe20e8526f1a25d704ed7b954b5a25202f28791dedd86620882463d7',0,'2018-03-15 18:15:30'),('9578c27a0be3920340a3aa414d49548972ebf1763dd4958bfaa3d4cf4109001fb94084822c7ef9cd','206c030ce42119281897fccda9f16759d205d28d108d24e73a6a23d65dd11447fbc96f3cb3c958d0',0,'2018-06-29 17:25:10'),('958b4cda29672676c889cc06e8be0aaed7ee036d17b66a44d5b48e86fed0ec1f01a32c7f2325d8f7','9f606cb675535aeca619dd04be3405dbefa5560f644abe0842c3d25fb728117596be4f1e12a4ea93',0,'2018-03-10 00:07:29'),('961eb6c358482765ab468cb3dde84537090a282003839eb532f4ec530f2b2fdd30e3020fb10b27f7','de8bcb0999b21a2759b4f30dab246ff6443eace703bc625e3d660845ec0c0231cd3895a3b06fdc58',0,'2018-06-24 19:01:06'),('96244b87b8ddc9169e512bdc863ea6d757c3e54d5fc409d55d20c5ef4e1fdfc08d3f30de337fa5b7','b3fc1e14f397855e9805a07f776472313672495bccb07c652b4cfc0145cd79e62eabb65c9e24b1e6',0,'2018-03-23 18:28:30'),('9636e6505d88ebd36d860bf04e23a142bc94fba4f18fff1da1a43dc912699c2a99dbbd4b83142893','48fb4cce14e06e475c436e3d6cd2e8c172403d05a9a2b2bf0162714b68cf3c049f7f41eae2a4a8e0',0,'2018-03-21 16:01:21'),('96b1eecc928df6ff61139d9f4adedaad76ff22674ae7ef89e3221c77d67a290e60b5552bf989fd28','267ab926e1e6c9661a142b06359ffb192af922a57293f5ffb6e0d5d39c390da3b73777e3ec9fba0c',0,'2018-03-01 17:39:20'),('96c2bd10b80b3408808928f6626622dbd8df2e7dfe30dbf0354612dcaae0d77ea311f8674b91574f','39899a24aaf78b0bcf9a9f3fe1e56a945f9c4592ba69adf09b0057b1f5bd6dc12f13edb3724c8881',0,'2018-03-31 18:27:31'),('973849046d5851a292c40d51f2215ab687bf00deb54c6d1d02e7ef5146182e596216faaf9f4792a6','088d9c5f2dac219047d9565577a3173be1670ee0edd1fccff0251b373545d718669268f5caff0b2d',0,'2018-06-29 17:08:42'),('976fb7a1246a88935ef392f65891de237e705a5554e3860f68d0a0c76aafc637629f4e9d9352018c','6a607262c4230ac256490d2395dea1663cc3b352898534e59bd381a2d401f5b4fecef6f64587f4d8',0,'2018-03-21 15:36:09'),('9816836488287ad9ab2123a55ea25c299fba72aa40c376dce57756ca119c081af4df5533740e4fca','21c75c95c8ab99afecb45b4f445e14c77deeac66a176ef9257af6e0fb1d09531cba77d4653cd69ad',0,'2018-03-30 16:28:35'),('981fbdc3c61e1f87d982b5eb7482b702e74fe6b8db978121802a8619ecdc52c86a87bd63e1edf585','43463828dd3c859a6007722aa4b72eb1066258d8f70e3586d2be92615f851df05cea64dd8e9fa431',0,'2018-03-25 17:15:26'),('982bb2130c01231828c95f5533b291265ab5de9b51f06dea2ae80e952a0aedd972f25287f37c6384','c83af6d358d1e2dea39f23437e1a576d6d1bf653c03d2370fe59c293de67f0524e83fe658688b1e6',0,'2018-03-16 16:40:39'),('9902f9fd3cb67c4cabb5cb5fab54adcb24f4d2f763d5d0f233d259bad3071aa89bb68d3cbdfc5c31','0da436cac1390b41389073f5eb88abc70bba8e6d7fb0d969a7beb2412840009990acf70fae17c724',0,'2018-03-24 16:20:59'),('991177b960b57e913a85b8b56a6f24ff987c28251cdf827c79cf146af036c2627ce5f4246fa31e8b','fa7a2882f8fff4f409c47f9ab33fe817c09e62f8d37c852ab0bf8d427698e2458875fc65b0b361a6',0,'2018-03-04 18:59:35'),('99a0a73d1032aee96b70849cfdc8a212b6e61765050382d66642591a898bc4548ebbba60d39366d0','77d247080c3cfa768a96b7e71aeaccb8de6484d804f612bf7ae2e795c5a822742319348172c218e1',0,'2018-05-09 17:40:03'),('9a23bf70e9cfbdb76510377da194f36b2a9089b56d7a4348736276e2b6757f84dcc4f1421cfb0193','12db803776f1c1bc5615d826d846a0370d3cbd3ac69dd08dae400cb8f2f83710c52d684b3244b99b',0,'2018-06-29 15:54:56'),('9a35bdda21e53ec82b8b690f9e3dfbf6af91b8b34fee72cc77ebb19a1483c212a42f25823d60496a','d63bdf6f3c610a7f3b7aadce317eacd34776638bd0c396704617ad6e92529860fbc0423350635378',0,'2018-03-23 17:13:22'),('9a756802fbc7b5be62e27d76aae6fcee624fec428595baea391eaffbd358caa600a4509f74dfb744','c235022b50e82b4b1a06a162f91efba1febc76bc670a0abe330a5f7473d12c26c1e94deda81fdc6c',0,'2018-06-30 16:09:05'),('9abc6595aa9a20493ab9dc619d8b1c8f67070087c6ff3748ef953e19cb8f426e383002b227930476','23e69422abff9a808ec2c675e22e5e87dea1062ee325706469f9c0d6296036ecb506ba172aa0d69d',0,'2018-03-02 12:57:00'),('9afc5a616309514e85edbb006285193b8df056b8cf2b1b3a100cfab92bd7822facfe3038e3e17f44','fef4a58b0b283b5e93e3ba94e243839eff3e207831b29a90c99670062edef799c3537ee3b8595d5d',0,'2018-03-03 14:25:34'),('9b0d6458d7e537bacd857ef77c4619502227fb68db5b229e6df645c7f26648df7b23a0c7b3934028','8c6afda350ceb15a0ea40f9a152d5b1d6ebb47bdceafe5b2d6c51624f243de5b7fb6eedbfbbd444f',0,'2018-03-24 15:49:47'),('9b1b819abc7e7dd5f7bd2dc9bc3a43763a7d40765fede9500fd020605fc194ca510974e8c4e6b5e2','71990c11fcd74604a898c1c8301bbded77d2665e248575ff147dd0403a38e5cd999b30ee2829a2d1',0,'2018-03-02 14:25:51'),('9b48247c3b61b26321bb921149b1d54140b731a041666b30e2bc4889d664a45ca589b126dd3cf222','1e76b899d53254f063b7b0618b6b609a255a68dfc578ba9300383c21bd916665d4cb3eeae8b033e8',0,'2018-03-28 18:50:48'),('9b818c2c19749e0727f94b50a1e012f104b5a80f090dcfb7e3d1df881a85bcc5b6419c2ca558811f','57089713801e6e07efed0347d73a6c7e245bcc4bfe0dae1c7c0247814bef0805fca275473aa75362',0,'2018-03-03 10:44:16'),('9ba912c722f5158d777db46d65dea5c5e00a5c59c23ed880e478c4a1cb67d39be4288ba54b1dadb7','fdeb48a4cf1eb9c508880ce3deb67f3aabb76ec37b26f8c061735f2eb9a78e9f2fa99426f54ea4e1',0,'2018-03-04 17:18:37'),('9bcc0aef7ec89e64222a807f06854832007d5a7bad38bd234c34c3e442f69b0600643544d23a2941','114ef6a24cf7e316f1dde3af0c4550b06670be82b609be073d9df4881aaba0f98a36185d984cf48f',0,'2018-03-21 16:08:25'),('9c0da6af85bebb7929ab39236315980de68476d8c5bcf124e05733f3784b944a94d52cc095473ef3','daa6fd7af76893820452ede0f1ccaec95b38ba8181414f449b32039096985331f9bc35c542d00356',0,'2018-03-28 18:37:26'),('9c43bd4384ffc96855ab483cc97f0a72d11fe8281da33a0ccbaccc220b818fd32ad9473a0ee2704d','e25e6737085cb2d1e7559b6583f572f36257950dda7deb69348dacf186e6d8497ee214303c30096e',0,'2018-03-17 22:09:53'),('9c9c292ecc4ec08b960dde298d0c7061eb219c239385f22775061e108c4492fb2f0efd022c0dc36d','0f6131d6032c83adad12e73c42bfee0f666d4e1115513b4375daa7f0fcf518bc075bc1d501b02238',0,'2018-03-24 16:34:18'),('9cd3d18652b8d648a55ce66da21d6e1d1d9ca9d465e24c8064205f73156e6e0bbb8298644267ad99','bb7f50ae9acdd5ca2698d644cbfbf5240bcf9d66e72f8437bd2f9a78c26887f81f0a4ffdf01a4e87',0,'2018-03-03 22:04:31'),('9d2255b7d78ae018e12f8df9a240ee18574b9c94bd7d20016be23aaadcf951589eeac8ad0bdb0fd9','4a0323275ea036712f4dd34729c7bc91f3c3fb131aae4989d8d408642b3330945380e121f0d4eca8',0,'2018-03-02 14:19:29'),('9d48ef08cbbf1075205dbe80506a64d2bfb7a722be8d3bfc921ce445a4652e3f233077c86bfd0193','b369df29a53ec9e59324cbafdc691f79529740fa302d9aabf45d5bb73e1d04ed8f2dc3ee5d86bd8d',0,'2018-04-22 18:20:25'),('9d4c571da745e1addf8193706c35ebfd60c4038b067c1a5eee05b7306e43b4714bae5e44ebf16379','35199ab974e4471b8755a2a331886ebde69346499790e73e3ad6b92ea1eb5d48a4a9fd25b91d99e1',0,'2018-03-18 16:29:34'),('9d4f38e0fb1b76ea61e4f420e3a70680ef97c6b45cd53dfa3829cd082130e3c45585a9d452ba1782','de819a1f77344052155aa48380c780db9a1a5e4338c18bbc53fc320efab536cfec89ace82296ddf1',0,'2018-03-14 17:02:31'),('9d59b78c2d5bdd9be614f64d41b87656d17a665a9cb6cdc59a2198cdcb33e7662f484915cb5cbeca','3629a05a1bb0e5892bb76f5ab71972147a224118994545de5dabf8f505b069a14fe9c7badd8a8671',0,'2018-03-05 19:19:20'),('9d6d17a37cfec6482098db72e271974257f7f88b952045fd6bbdb25e0e6f079eb67c78ef27189dc8','6f16137651263a07375d3ad5980083a49e52312d5139c8321711d81ba525069f8b5e443cdfc47afe',0,'2018-03-21 17:25:45'),('9d7cd069ce57426dc9b3585a1f421a8a01bc4329b062f78a5dc7bf067e615be43e7633075a40404f','80d365e8b4179277547981b76c5dcf674480a7b34bcab4337bf35a32e3c1e958766cd561e51b39c2',0,'2018-03-21 16:22:58'),('9e084d455b94d15ca01b0c7c8285767552e3d046040892605889f123d7ab23a07a181394b7cc7ac9','6e80928f2bda7508c46e2061d9e85564f7825f1515ae2e80b9a4965994a1fbd4116b0b166fcead39',0,'2018-03-15 17:04:06'),('9eefcc96349d120c06249e58182b70c74f06d17619e17070cb0fbaa8ec2e7d882b00602355070127','8d78f252c956f705ed141da73c039c59e76fd5f23cce75d6b053d520a9e2fe30e51e4d49753541d2',0,'2018-03-03 22:48:02'),('9f12ae92a3657fbe98394f2119622bc9cf7e2af51f40d311afb9158eaff48df5802a563e66aaf7b4','209f9b3be3e711e554aa1692eab9f3a951df1d03138902ca671cf0282fdab5b83dee542b1a4c0877',0,'2018-06-24 18:54:20'),('9f98793dbaa26cbb161dbe0bd274d273bf0483dd94e67f31710b6f7421cf3d100284848d06210f8e','cc29ec4615844ca76a11de672116be2049d28445030e55edcaa12d7267d43197e1a14bcc4572aefb',0,'2018-03-15 13:32:50'),('9fa47a455b6cc1c89e6cc79fedf095d458a6d45d6eac2b0f63bea7aaaa4ffe827ab62b5731be99f6','ed92a923a9ab10b27ef2fee5802de30ea2fbdafb1dbf810d87889be3aec9f0b4171e72d06133478e',0,'2018-03-16 13:29:15'),('9fb981b372d25618b0142a92c2f72f5ad0465b35577ec8df2d90e691d281afc034a1a852166fed32','67c1241d883748ce3f1921fb100c30be565bd8c2b908e8fcad418dd06eb2ecc69c373810e8f100f8',0,'2018-07-02 10:24:21'),('9fefa89510d27c5d8b04268bb40b99858489f919e0c3370f9adfe3a2adb50e5a56f25fb2929b27ea','74f17f178d402078a519a51fe41869cebcf9de73d543722ee78e0ea0a6790a21d16f348435569165',0,'2018-03-01 13:22:04'),('a008ee22ba2c6916f3fcafe66bea89813d201a74946d9f96d7e0fa8eca116722746dfe8097cada7e','212f993ef380744df800e43578310b609977ef3f7922f5d069a040321dab2f8fb0fc07974b3569b1',0,'2018-03-03 13:32:19'),('a117435a60e329650ad9e1a9f1b7af97b4c4a16c208cf9e89cd70919afac5dff8db1a0050a3af9a3','4c7041943d05f0fe73572eaa0dbb73fe11b486d9bc532b82764cbb1fa6cc16dfae22bf649e191eeb',0,'2018-03-16 16:37:58'),('a11b45d843cbf3121b40f8747a2fc3059c02daf027301be6b77305db34860a4525ffe17cb22b10f2','29eba65520522916e4bf2e881a82d54712af45e6da9e80ce1d50a4aca28f0727bed252c0da23435f',0,'2018-03-15 13:46:26'),('a137618bca6a630f84b7f1e7820049968f88a86f668323df0544e38afaa121b6e0f79d51f0ee821f','3f99552c08e2e7beda202487f9acdedbaaf2bbddf3f79460a8e63a21ccea49ae0f4edd120d764b79',0,'2018-07-01 18:16:26'),('a1501cda3578e1df8b57c89ada8c143a65040ec3726e98778ed1971f6a65ef62c926b2ecab1de795','08c0c187065a8ba5cf223208ed8f0fb543248ca15da2d9559fd30a9b599f44e79d5845901eaf4d79',0,'2018-03-24 17:36:03'),('a21282f60f7acd3a8125f92def3e4e4939b26d3cdfae5c929bd92dd1965c85ef21c4dac80c6d7b05','2491880ebd13424cc4c5a1bf3440a39a241252e1833c7cf72f20da7268678c605c90a7fbd79d39e8',0,'2018-03-29 15:09:56'),('a26a16c0edb9126a99fcd02fd79d2bd89dafd00719e34b5bac1f54744d9d82443f8f646a40122336','8f5cfc7d407bf0c1b461c3b6eeb08ee0ec7b75860132d04676d87433134127ca63718c5d0094239d',0,'2018-03-23 17:19:19'),('a27e67cff4f288f4c4ba18f7041bfb3a01f9daf135e900789b4d723418d2d6c880373f3d1dbd96d1','9da36714ee2164963ca877814865f512a40852a9625b4c6e48c93a5c44183744742d62ead7fa1cbd',0,'2018-03-21 16:06:21'),('a2b20c8affbbd1f40237ae2ba58d9471456e7e26479c734f4f5596cc50cc3d5c0f199d609eaaac5c','1f7fdfcb7d75941cdccd35b0e45cc4c37d1a30ac545e6b1c243cf98f259dc37704812c157925ff02',0,'2018-03-31 15:06:26'),('a32bffb21f2f86f97f7c2fe2b8236e273b35d9f698910b85f5bd444e48477018eb211deb54c83df3','39d5e9809d37591ef95f5ee7eaffe438e63fe61ffc695e430f36c805443217703e86867f2e787bc1',0,'2018-03-18 22:42:43'),('a34d77d68390b895238029a1b04c1e514057858b4014fe9dc7922b7ce81727ba89b0a9252c96b68e','86a65b43eedee753a9d3d7db3af8a33271fe84bec56b8bc413168ff8136121b010b5a4263eaea935',0,'2018-03-23 16:54:12'),('a3a695d611c0e536557d8648ef032488bb856c447a4f81d030f3d2e76b7309811ef1dbfae82c6b7b','eb320e7565513ae409807d37cbedcc5cb99759ca2b00770d75aed66a852fe0542bdf4d930db75986',0,'2018-03-11 18:34:06'),('a45de6f10d6fe13bfd418c55f87b77eac0049c7515f9783b126e434bda4634895641d3fd13f99464','ba70594213484855459dc04fbf1f27b3fd79bdba606a92dcfa2c63c11110142a982632ac5568f3d8',0,'2018-03-24 16:39:29'),('a4aaf9bcb2e121617de6903917b94764f308f7639c016dee09a4ea1830e85511c66bb6439fccbc59','998e938b4ad42810f5dadcdcf20048c2115b7147edf2a28d4ad01730e0b232c37a57a6ac9ab7a784',0,'2018-07-02 10:18:03'),('a4c1b9a403af1cd791b63e8b3b14ab4251b27cfbe3f872005b7092df90df7f6cf2c5acf2f3e01046','50c8500530db328e9fdd03b03e4f3e32179e02d086c8d7f399dd4d462dc2d1ce07bb3b4be8ae9897',0,'2018-03-22 13:58:20'),('a4ca0415d06b944622dc22a787b96a8cb93ade0a7248cab0528e8daf5ebbbeb3adee5941df94e610','9ff55d7acdacc75ada4a4f49ac326d0b5e6a2a1ac7f0f12d5d3c80caa2f54791b8a2f6b8e5fba4b4',0,'2018-06-27 16:21:26'),('a56704644aaf779d2fc16aaaed34b651db06007d7ac3d87c312a880c6eb836020980b7322eb249c0','9f5209ba1a216581156e4059b46dd7c57394d3e4152ca7a122b0ab431d295f9424febe2b16ee7319',0,'2018-03-14 18:46:08'),('a5c535d7185d5fc778ae121a19807c48c4c419548679ca9511c07b0f59d6563fac7f213e3eabad7e','dbd3021ca07cded0da39211daa1987fefc9aceb5a2308420c4caf463cda4de6774c138cdaf61c8a0',0,'2018-03-03 18:09:48'),('a617f5f7e9a615dc0bbdc865160979547f90dc6d4a2a2948adee4018b5fb4357a0787fef8468c9a5','29d2ce7938921bcf5352b5f921e468e589862c3de642be92367687373ee8722149c3234f5bdc1a15',0,'2018-03-02 17:52:11'),('a6389ad2b99e78a541671b1b563d619e1e514db65790774130e0535e410fc26e1ab7a69c03cda7bc','8698ea6207a1aa9eb10fa85288a3aceac56f48fd47b3b109e81917bfc2a7b03bcbdecdd11b8e4e14',0,'2018-03-30 17:23:13'),('a65c21ef7cfb8526d08a300dcd9016583fb3db9194993725e71acb07e59dfe5f51c05daccb85dd1b','67a6a8b101bfa0db9d212ce3a62a9e2d7484a35f0c3dafbbe27402845ccfe8dfb7b1540ba738eac7',0,'2018-03-22 11:04:59'),('a7082473876d6033b0d0aef4135727e1bc483b38a32939efbd2645cdcf9f83c40ff94b0ed043694d','6346c2017d71287a105f9be8ccc8239a768dfc3d1b7b175fa9b414e402e34f87eba20f20d70bf701',0,'2018-03-16 19:13:35'),('a73235f8b206512ef92922e4f62280e31c8f37c62f49776684c966ca122fdde86bbbcb86a71230e8','30dc864656a60ca5b62f15036814ab42f12e74e624e2b1842392b3a5c7eaf3eec30c98545e6e0c15',0,'2018-02-28 18:45:18'),('a7416e24944de31dfa1cbfbaf09935b1dae596590475fbb85cf4379b99b47e98ae23a79aac4715fd','3e297f5832edf96a975222c3df8b5a13b5aba282e8940fe8d4fa493061a4b1916bbbfd8d8ebe7cad',0,'2018-03-29 15:47:45'),('a77f54756de53ca42a414a337c7da1caf04a8cbaa4eaccb9748fe451a61dd1c8e2681f0727b87dd6','7813ba08150a08f29f135e83a3b511dec95d5d5c8ef9d2d0cf6905dc625709cf40f2ed0292fc606f',0,'2018-02-28 11:40:00'),('a78b9321e3244533e7315304741148951d6b85e030fbd18df9b43a4e723ec94afffe4093722e2c20','9c4f7cbe939d075cc6f85570ae9e5c84e90a7be9e3b5faaf8504e63d4ee6e320166bf6ff0148ff71',0,'2018-03-14 17:16:41'),('a7b743c92f6e33b991e54a402b1d6b1100a02cacf052ea7d931059f5b470d23c1fcd60e0dcd73c36','41eecf1176dff32ffbb503f8ed8bce7a19fe43ae81ebfef1a1aae296270e4bde0052cfd0732b0141',0,'2018-03-11 17:02:06'),('a81fbf9709c214278bba352c98f7a6991bf6527a87bbc110577fd18de008294a657ef805645886d2','1d210960a56c303dcbacbc562f1c5013c6b0a0d0f07fb6f7cdaa618b993e89b6321e60e2854b1add',0,'2018-03-28 17:49:51'),('a82c3a24b13f3f1ae0c25c95adff5e513c05992837148af19b98d68ab3330fe21f2b11e89401cec9','6c5d60236fcb24ffe9551aab036aa8a376852b883feae1b793e597ef23054630a0c1caac14a391c6',0,'2018-03-03 22:02:33'),('a862073324a92696aa0884e31572648b75253f3bf62aa78561785ccfd70a9c8a3abd9f74e8e83966','37f2d4d9c5f04f4cb66fb1e5487aca468acf49b8fa0e19603ee9b0e8c7cd64be3441fc0d44f3356f',0,'2018-06-23 16:31:19'),('a8b69b6b0ebc7eb7ad0d0a205b887a528b586482cd5428a5b0d7fd94c53e3218bfd547902aac96b6','785eee8deefb901c5ed26af41680f0f401721fbb0bd3cef550ae066db0968a196c874e825b363752',0,'2018-03-28 17:38:44'),('a8c28b3899a4d5c5535e659102f536666e0ba12356575ab9f4ed7a74424124cf5d664d650afbd6a6','7c1737e80f585f688f210eb1659cfada70b65fc4f6a4a5a1f55defdc42e25e8ad34a01e9902d82fe',0,'2018-03-03 13:25:22'),('a936f25f9295f205362bf8966593666e96c4d67c248747639e8a1f501eca13b74673bec358fd3637','e6a98e387406eb19bd83ded1ce6afcd47ca0eeb05326b932d3cadab686939209ef49ab701763b234',0,'2018-03-09 16:32:50'),('a96dd6457294c1c43490d8c32fdb5b8c5f8512143b8ffb71f53f8130806e77bd491dac8995ab822b','b855b9de0aff6f669a2c8e0a76140222ef3b6aeb94dfe1015daf952bc58d2e4fbbf093844dc636f7',0,'2018-03-02 13:27:11'),('a9798f995dbf96148a0b75eb380f41ffd70a4e8d9e3e1cd9241ffa0a45cad6b8401fbc2d0938577d','2b2ed5a362da714407901ce69f6366c15d595579ca59d0778409540443fc0c7e0847ddd0bc198db1',0,'2018-06-29 17:11:33'),('a9cbef42516894b61c1d95f70d0a3568dce71fa258bbeaf7b92ae9b5b28ad76034dce14ba0d46330','e5c7babf66afeb312c40879c3122d02fdb479e2f56f3d114f1da4e47aa2e46b64ed5d50c12289e3a',0,'2018-03-04 11:01:00'),('a9ec52e6233f7df0706a29edd229a0efcdf5121e828bb8c87d16ebacb644cb4d2ff18e9451d97290','31ce5e42cd2c88a1c2b37b5cbead66498eed6b8324add131daa49fd12bd117db05a96fbebf0bf1e5',0,'2018-04-04 17:20:55'),('aa578fb895e4d8dc25aedddee66d9af61c2abc2feaf5b5edcdf7418942d13b3ae4c01906b39f9965','f72180e853fbda7895de0a02b770b5d810e9ea9c0df56af5760e689325cfc4ef72ffd3e2e5560f1b',0,'2018-03-14 18:33:03'),('aa8babe87a34472d110634b820ebaf7b30c087596a3814a9dbf823296fdcc3cbd42608c0639c92f5','f19ebf214bb0b3cf1cdc8cd4af4341d928f94ee8c94e719e9be69ebe0545cf4db4e741d1f9f5c07e',0,'2018-06-23 16:45:06'),('aa96522983eb62ac9b7ca56e4bf0575373d189dee4c20be8bba0429fbaf6a60ea21e8934a605ec20','bd1685857998059cb93c279d9436ddd8b5f9cb760c0483e7a0f92a1ad742ac1bad4853ce8f6ac9aa',0,'2018-03-14 17:30:24'),('ab006de6a944b12166c054a88465620899782cad0242754b4ee8ede03079d01832ffcb6ada7676d1','8573a2a14999899567c3330e7be524128489aaee885641686958a4a97a8c5554d02871ed78baf78f',0,'2018-03-05 19:09:14'),('ab10e226e1b5ae7a47e7f21e33c6400cfd2f79915c6b6eec649676da93ae60a2c2eb6743243f5898','46482045e0c1d4b7d632a4986064948d743c62ecb7dacd8161e868579b8afad36f2ae307ed2c8e53',0,'2018-03-10 18:39:41'),('ab2a08b9451ace53ac5e729c53678132cb90933efee89c4ded63e7c2b6dccabf98877b761ba14767','d7ca5f49c2d55233469a0fb46fd1522194374df4d4b0501cd6611f387488b67c84648a5df38bea35',0,'2018-03-03 12:44:33'),('ab42043c0c9f8e6e4c4383f29e5ce0bae90f77c54ad33723f71067098df215d14a7e7f254ea42dbd','ae9936b5ad0f839c7e67cc0435b1416e813ebc75d8e4089352916444e1e198284231ee8e9a186952',0,'2018-03-19 14:17:27'),('abe23d4efcfa67c24970a9a4e9ea1ca5ae684c864ecefc3e7f8b8250786237f30a6202881354b587','2b6ff645999838a066bd19d7cbb72198eb2fd8d9e498b6350609a3579f9846a3bffe9a790ac0535a',0,'2018-03-26 23:08:06'),('ac3d6e02c376bb9a14eec223ab490f1fa8af7089a67e10fa63e7e25b1ab5e25fe5f77527575e5fdf','e25e1bb000f3a7ced9e236926bd15676fb8a811b226cc72306b10717ca5f83ed23b724128f4f91d1',0,'2018-03-14 16:02:01'),('ac5c1c0e93c52ff0a7b4ce8f3d53d839cc9b278efd82cd32ea8f2d0b10d1e1450da6d3e63c25998d','f8237546cff1c192547c79eb6caae8f0f67ea3ab9d0cd737153539cf6aa2f76b275a7d80cd3c25ca',0,'2018-03-05 19:02:50'),('ac9515a6996d891e305d46db41ab2347dab30b437d3c44f8b100ee2124163b05af5011690f84b0e2','f74251cd85d007c2bb4521fe53ad7d5b31ba23a8a93b9494f1bac4e9db5ab5be725b3c80e74660e4',0,'2018-03-15 13:39:07'),('acebe6ee4e5a0793812de5727b0f33cb85e631a3ee4dd2704916b5bb7cace38718413f1ee5e3ad0f','bccbea068f25b3e95a18de2edac0fc0ef039c05de9b9e4e870c3ff17d97d23c60bae77cb9ed42185',0,'2018-03-02 17:35:15'),('ad3ca4c45afe0e1222573f7b8aa4aee30aef1b0aee6a5ecdc5535f8d1d3816d47f5731123fb38435','c4e449d14e5b9ac634770f0d260f5ee0c7e5dc073952c3d58eaae982df475306778b6d2d98953eb8',0,'2018-03-15 18:21:47'),('ae817ad12f277a2819164fa6ce3f1121ffb00fd09323fd47b85343e27c9622d1b27fea20c1ab4e66','7ccfb49a95e9b13d2e62420853cfe161449b9f6c0b02c7a18d8f7605f8ff97b1b122d380709f9340',0,'2018-03-05 19:00:36'),('aea880344e67316ee6b2618c6a8222f24fe0a07472ce4f2906cf795e04ad51c820eee00fc2f1d95e','03097a03f1021d32061a9c9fcedc753de793f861d5933f99f05adabed4bd8b4812521156ad537042',0,'2018-03-22 14:00:38'),('aec13b6cb0f0f5d0b20844c2aa7b87fff19d2946fcc375daaf9d8a8c2b92f870895ed2db4b3deaf0','20c3e9d96a2fe84cf54f766b075a1a08e3b07eb2cc814c52d3ed80c70c47ab055625b87fbd7518fe',0,'2018-03-18 18:29:27'),('aede4f8fb815bb91bb0c1ecee24d22353f12769aa2002cea1a213f404c3fe06a5048f2a1460b4a43','451617918266c4ecf5ef29a51cacb2cab898e9ca3d2d988bba8b66d1a703bb852e3c0e76fec7a6e0',0,'2018-03-30 17:47:36'),('af36ad5e05fbf9c682b6e5dc53017ca070a38dc5e22ad967e4fc63fd0b548c672702edbd820ee93c','1345f8bb5fe5bbff4efc59c7f5062e46c7d85072ac750e4ec5791237b29ed5768ba03f7c385d9d1e',0,'2018-03-14 15:01:30'),('af9b810021a7558ec44083a6cf0fb4b5b6a7f764e9f3871fd1129ba2556cf5dc7e55546e7be4c7c0','81acd93080bdd0f81477be5b90d84f557dc24fd921a6fd79fdf1d2be43c452c53c39f012ed56f554',0,'2018-04-04 16:58:25'),('afbb4ab7031dec7d014e1bcfde4c3e0f2737fd87cbcd2ef05e0bc83aa01de9d19d1a8cce7e6c4399','28be87ee0a3758c217cc3b316b1d39ee72d452837381714528e32007fd3fa6341d9ce7ab3d5b3436',0,'2018-03-03 17:31:06'),('afe763ab79bea2e958b1e5db7e28f749e45f631027d044e4f6555afce6a8eff75ce8da0ab9121f2b','f0e555c76bac6f8232a72360bbde52c7cf91aa4c43699f397a3e515c47601c36277bfd009277230a',0,'2018-03-28 17:22:54'),('b03850e93f82205cc3c0fbcf4cea93f5f3719f793bd8657521ba90604aa4456c90ca3fbae38f91f4','1dba138e479560d156cab53606320b55b4386805fcbb25f7b450f745525a924e919ff71ae17ac8f4',0,'2018-03-01 12:01:33'),('b04fe06910937cc951f20b88417ab782757967f5491fdfea6ec7507a56f2e12359e1d074cce4819f','81a3b495240016069df7eb389dcde79b97bd4d51c37e53e5198aa6d42d090db49981834dce707413',0,'2018-06-29 17:37:59'),('b08923dcd2b9aa5085082b3a8906684dd7b71af8be0b19163cc84169aa1e120f4ae8b6152095f04b','f7393aa012ea1a2d364e5e658ce384460e128f0613aebc5ae312085061e700bd606ed5be17a282d3',0,'2018-03-14 18:38:35'),('b15a36c930562372071ff50cfd896c87f96819ed26568358aa8fd259e76d6df61aff488266bebf02','8ed03fde523219f4b51412023d8448cf01c4d87a13eddbfd52d6364d5bf3bcd1d1fb2b06a700c965',0,'2018-03-23 17:31:16'),('b18ebeb3233d11f636b74c58236d9f21716ff2065721fe06e66acb7871de1e3f7cdfbfa42c431b38','0eae654d2cabda9487a6b9c2ab7d25224e7b6763de0eef4382a6bce4f75e90ca055d5e25b5354a62',0,'2018-03-03 16:09:10'),('b1b2c5122bad0b913e261765b6e891a5d9cb68220ddc720c36c12429dd19476f0c38355a3587acdb','b3f5d8090c16cc831eb020aaebb2de1dfe378209634c46fa45fc340ccff317d03b1fce5944a4ebb0',0,'2018-03-23 17:20:56'),('b239c75d18725a111a0a4e04b399aa002f158ccc94f0b4bcbbfc6ab2eb5a8f9b6eb0f1b914d58bb7','7e07e7cb84adc7eea66db4cbc74e6fa59ff122b3d82d45d08641c9cbd2d4fa76b808d8a1049da08e',0,'2018-03-08 18:52:01'),('b25e502a2ca4c24b9f7e58e1c9b07e45a667892e8fb7ea2b2c9821d48171341b1b77ffb9951977c7','b8d27745149fdbcb17aeef3860aefa883da069756a84773395bcd10c05c671d5a873c37e2a5c1be4',0,'2018-03-14 17:36:59'),('b287c87edde1056e82d9350db3f834f977a7fd51dc7f04dafecb00fc6fbd9e11c0ccf16374f4bb29','f8a4ad5d7d8755bc9067e5ee5eadc95036b3d9093395baa90dd332658f3854eaff9d58f82ac5a613',0,'2018-03-05 22:59:39'),('b293d3520d96426ea5880d7bc69b1954fee6e1a587cc53df4e53f3b7a9c11371bfd840e6ffcdcc82','2bde6e8446b88d805f9da08ec60f6bf9313441c0a8e6f243497b6e3426b5aa435b6a21b93d77ed5b',0,'2018-04-04 17:26:07'),('b31f34b866ea25fcf0b4814d6a4d049ef12b347a13c873844dbdb581e9d06bdcf886290aa10b02e6','e5e2bdd0a6680926c72cfe573ac6a02df0dd25c100b5a6acb4e0266a0f2ba70ab8a115cc73b3fa59',0,'2018-03-03 13:30:45'),('b342128cf8d478e91925d6a6e21ad76ef32ec0dc64d4ff40cef02a1f88615e51e7a9bf41f9d4def5','546e8a80fbf38e02934ad01d808ae937e7913c15ed230db3ae6aaead848092431a8891653d3d59ce',0,'2018-03-28 18:12:04'),('b37129104f6023146d1c3a3c24da43349a0691a3b4ee0f6420a7d2134d1835d1e80c237014d49b36','7c1ebd5afec131cf2b93192b5253be78d24dd46fbcb17824bd5b1f2c3caed6ffc329c8f982c5559c',0,'2018-04-04 15:44:29'),('b3fe747d7bea15f1597f75714233bf13dab523fa59cf25c2cd01878d90ccbc8972db5318bf1c2649','e94d8b9dfc8eb434ac8c8d1e2ebbc211bb13497917cee9592dcb4f990782f0d0a08570d601fc0223',0,'2018-03-15 17:37:07'),('b463613a5d74e18fdcf84b7a8441975c39f068ca7aa90833f716112048fb5eee6fbc880db3f511f7','07d037aa8595fa3653665997aa426e52a2c4281d93d61c370307004ec4d721ad3794a0d006dbcc9a',0,'2018-03-08 17:24:24'),('b496b0ba24c6c52670d517951f69c28de3e14b447261f14fca20433ceb474d00fcd702011edf71d8','2190b1d81a4a377a41e8cb2df12a3cb72246489424fa56c5eab0fa9ce50e2f2808f2e43a15b1808b',0,'2018-03-21 18:44:54'),('b49ee15be5cf2e0e78156a001ca5a893283e88d7182195a6dacd1c38d2b463b568e529d4bf9d805f','9518cdb0548da019e19d00d685d5a8b7f3f2c021c07368863003c8be6eed6cc7ada5b3200fd2786c',0,'2018-03-01 16:52:09'),('b4ab2804b381ba0d6ee6b6c0681313067a42e3de47ef02fddd72aca8479356ed8807b5472fff5eb7','07810e3598f75150968fcf37e97bbd7795d1be5c8e8d7032030c63b7e2fe4edc7bfc82d703350ba7',0,'2018-03-10 18:42:00'),('b4d0fea3f31debb59b11588cc94aa51bb703f886ece156a6aaabd8dedd4ff33d69544fb16d1ff474','e3e4e9a24910e97a2d291f677e62a6150bbbb18976d2d662c8e6005bae8d06cc722115b0a58585e9',0,'2018-02-28 18:47:15'),('b5081b39dfaa8e238ceb436240bb1b35d462eaccf38d3cb3cd48e9929ba678c9b8003970ef8e769b','e666e1a790ec7595ab9719ffc0536e9052a164a9e08108809da938afe83d9bd9b3bade446025df75',0,'2018-06-23 16:07:03'),('b511d4a15417668d29029f75ace182fab90d380fb9ba600365d9d6b550d7d89b313019151ba9337c','80a8ba2772f7c117e28237ea4f24a694b20a45ec381818bc0bdfcdabac2764796d65b04a8879aeed',0,'2018-03-03 10:31:13'),('b5a7149ecc61012d5cb49429c55cb4e4af3907711da09f57101b9c182216f06d3aec1d6272be324d','1625bf76a4dd2b19fa85ed50f0bf8affbbf889c3d5c8cad86ab564a651c222e12413fcffae156f95',0,'2018-04-04 17:05:32'),('b5bac72d5cf12558fd35cd2b809ee86d4fe90bc263953d65409896d78404897d71de725fa9af8816','4265acfdccdcd10eec7c97408544271fd99996368e48eacd49283da218f13275d7767f753228153c',0,'2018-03-21 15:33:08'),('b5d06bb23aa889929065204f3fe79b9c69ccb6a0916335f39711290cadd0f95ee013396631e01198','66f414a55b1fd23a015e5d681d270307caca8e434b70e1991f786ecfba9dca68e398e7a37c55e39f',0,'2018-03-25 19:03:42'),('b5db2e7d866e2fd4631a850223945bec527c78e79ccb79f9ac785545ae798ad51706713f0a91f0ab','b62940ac0348cfa1e674440db634cad61d6206080f0ba564724e3b78ad50e4308c63a834f89c9a30',0,'2018-03-25 18:43:19'),('b5f04fd17143c019f02eab38ca70f7ed74894b1ca083b247eb30b353bd77a6063c3eacdbb378ccac','b147dab043578a602a294234e6f63897e127de1d6ac256862085ab64bad40fb908cb5500fa0da954',0,'2018-03-03 17:25:27'),('b610b5129b99592f04a4ccd89cad313dabf9c4ffadc9060764a9910f46bff55eb95d05ab14fdbcf3','b13a47658ccb695ba825458dcaa4eb48e4e585138b9a28527382377cd96193efbd95ef5f013ad53c',0,'2018-03-29 21:55:38'),('b62febc2dc52b4ae65d0137ff357c226150ed78a9bb6c31419d7a3044009fd36b265078ba1fee2e2','0e7d3efb50ff14a41996af8f0283b0ddb0f6d5d33a3352cf6bb1bec84cceffb2748be00c98f3840d',0,'2018-03-10 15:51:29'),('b630916d37c843cab4b5f7aea3fd1fd923a4666ea6ba9eac6a808f008ba628e879880291114e4ce1','5747f7e4bb085ba623a3aa88d5bcded5b371284198c46a156f4d8ef8cc453be36118779aef63ee38',0,'2018-02-28 16:28:57'),('b640ee7caab7d25304e9e047cf3004aa9dc551b0aaeaa671e5a92317e4afb9fdc81c7ac06399718a','37887bcdc9ced6898c35c34f4768fc678212845a17292508e88c1ba8effed9168775e1850c1fe697',0,'2018-03-08 16:08:22'),('b6ab089c953f81fb415c48b20f46c7dc4f9561268e23aa08c0153917b498eee8faee6a742e9ac3a8','ed8138b8b2dc557949737250e49333fc7c90fbe79052d2e6f4fe825b6f12defaa62d08dd66f940b8',0,'2018-03-29 16:33:22'),('b75fdf82280ce24f6037c95b9238bf643c81b65430dadd092458976ee07de3bb9efdfb2da00f9392','3cff1e1cea969dba64086ee486cf4e3ae9b758cec4900e14d961eff16bfa552ee5db5d38195444b9',0,'2018-04-27 13:19:24'),('b77b8827ef49cf26a954d673855970bcc16c10a7115b8851eb88474eab087baa0c7711decc7112c1','3e6a31b063710bfcd050285d60e25cd67045e304cb584aff674d49b4ed454584562e61bd2a948158',0,'2018-03-21 16:26:52'),('b7c0276573cbb3d5cfa61dc738a2054bec3b92375c73688cf1ec6cc9f40449dbe9779fc79a0e4d55','cc5421a94e91046000ae9eb4938888391bf7dca5d431299fdba9dda403abc44d314c6abf7eb5fc23',0,'2018-03-03 18:15:06'),('b83c8e416d43ba1c4ea0a7d78e34aee154367e644ab733feea28091a27e0f0f566554493afd1e1e2','8a3d050b0192514860fa32eb95b2b2e910aaa78fd157de7a6caf6d19aabb13f1980f22c2a0923efa',0,'2018-03-15 17:57:09'),('b8ac25404ffb84cf21ff69ecdaaa82aa7f5c47e97e90697284a8ca4026d2f44f82f4316bcbfe08cc','c9c2918bc8dec14e411cc20abb4b6f572613bf37b00f2791fb110e446b3ce36b2a27f3867a9fb48f',0,'2018-03-24 16:15:37'),('b8b09d910a533bebaa429ff128452ee59a8736e6b99e031e4a9284439346b67b486857345ea6a420','eabf25194c4d85a90356312de4e18de9450075c5fdd1c540a38c5585632d8199b51de4159074b786',0,'2018-03-16 19:10:46'),('b8e1035ef87f849e5c435fcb008a5259c7e979b351410526709de82f093bca271819e756d7feec8e','9bc419b4672afa531e02eb0b42333bc4a3dede96c05fcfc78c99990e331947c03cbfe7bc2811aaf8',0,'2018-03-28 18:06:27'),('b90d5b2aaa75574909a2752d608be842e929235da785c546917046d71e2028811c59f9777a8454ed','851a16091cf5e3564d56bae1f06fb65820a6a40b1d43ddf9f2c25394be58223c89fdac8e92ad27b9',0,'2018-03-22 11:08:54'),('b982d6e7e603e9de279360b422661d169baa86144ffc323ce16fa16a29e19a1a4f32892a9ca32eb4','697365b8ee349f13c75c110a9add976fbc7da2f5b3179302bce52d2e16e3b27bf4608893f71616cd',0,'2018-03-30 18:26:18'),('b998e471723bb35225cb394151d32c35b809c9d21261f725f0e2b51c5f6eb4561448076e856bd888','d7c43935a37a14c3716525836bd5283134dcee7c6e7da751b1d3628aefa004f140a6e067ae06d280',0,'2018-03-14 17:34:18'),('ba4c367f992a64cbf24a220fd0e1bb089f759c07f413cedd776ca94ec609fb30c7cdbda4baecb994','7c4ed329a38b959d8bc9a65cc5938c2f8c2e03b3ffeb8978a29e76d76adb36c290f5d0239aa99fd8',0,'2018-03-01 17:43:37'),('ba7aed422ce9bf867ea3a6087c68c0e221f4b3ea3af19ab6eafc3f92020a20665abee3ac44515a68','aa2ed063a0eae26700bfe705de22a5be6b2a1ea0814962e179f12484da5c817ae4769319309e91cc',0,'2018-03-08 18:06:11'),('bab0ddca91715b3d1198789f45697e4eb71ea32df79c2ab667562d4ad2d1dba097e38ee9e3781c8a','00d42dd4a412b7d225a43f0e938e8c683e9116c49f5a9150887cf1b2a203e0a37feadd2ce989ed7e',0,'2018-03-14 18:28:08'),('bab16203ee30a9331d6471bee0207b06f8b3add097e34692db265ccadcd83d6a6f8b30d7a3f7ac7f','1473483fd61b56476931d147c7e5faeae043e4f6495eb6d7b031911949bded19d352efc4ab7fcba7',0,'2018-04-04 16:57:56'),('bac3dab32805df0855c043ba7234fd17389c3a1debb4c6c138a40aba44fa9c521c6bf3fe410194d5','db873a3fe5129b8643b5d92aa279eb22e768e5641e13cc5403b51574d06eb59e4e8cecdf7d559873',0,'2018-03-05 19:06:20'),('bae9e1e857d5063c71e500656343861c8c7ec6719566f8b6cb260ca03ae61387ac1a99f2cf78486a','3df788611b895d8a11d5ea80377b2f2e9e47ddc26e10d89aee99a73b22683730b475f74e89ac72f1',0,'2018-06-29 17:44:52'),('bb4f04e887f024ca35cc898cace867b396a056b8686171ce21607229db0ac8b6bb9db1446f69ca26','2eed8404581457548450a57c0a2c654edd68049741a0731552c74da636e4a79a12898677ab118840',0,'2018-04-01 18:22:18'),('bba72b3cb9c06967c4903d909e303ef3648d4de41cd8490ce91cad15a521003d375f950ba058d49b','771ca834a97813fa0a824ab65fe920ca3b60c86ee216336c269286d465266713cccc7b5518dc658b',0,'2018-03-28 18:22:53'),('bba9dc748ce3b05b37ce10b348a81ad9bb21cc3c78c9d31c126974ebabc2853fd010a62376bedbfa','b8e5a92c56ee77ef5bdf60d187896d0b26cf1b2be5b8490e742292d0d705dcbe7c0a687fa5faba79',0,'2018-04-27 12:55:43'),('bbd4e476e88ccd22e2198971f734f648fc91e1c845f85330d87127d10a74dc93b1f74e79c2ec5562','1c3ba23e8c11e8d108a96b3b107c248559f23b1ad993a6d7b8af70ddf7c462f6684bac032c176521',0,'2018-03-11 18:38:28'),('bbd5ea6af407625d677df9a139adc40413eb17c742f212c00f2deb394d1c00243853e210d381c145','4f06c1b7d781dc3320f14fb24f8e2c53991409bc3b6c5101248c0a95d1afab7ba099b74efd6b3976',0,'2018-03-29 14:36:18'),('bbd99f8d3bfa3c283e152e58f8e61259a4d8a1b4da485f8204692b63691863cc6204a1af06c7d44d','1764a94960c4425c001fc414f49ec473847f1f1765cb0129c7ac74a0008617e1d693c418a5b5a883',0,'2018-03-11 18:42:00'),('bbefd1ecd479235ba5e6b9683e5e3d51b1c638bc883ea74917a8c4bda19550f816bafddba30e6a49','de3bff354e9837a5c925f3e60e70cc7fa77b3005c0a7a9b8e80cf7ff306878390962e4dd7a22e174',0,'2018-03-28 16:44:13'),('bc596d372f05698511d757422be1b23febd86ae311088ebeed85890aa170bde66af861041933dc81','430fd82d0471a8eb062ac7450581a5b74d582bb1810101d5adc923f02006ad71281f3899d499b2e6',0,'2018-03-15 17:36:14'),('bc9538ad839c89be54f22a65c60d890595c1b776f85b13f3caa8024a2d4257f8fe0c13f1c9be61ad','54cda446498661cca1159588899973460c44b3b96afac3410e58f83b38ca067413328218d8689b8d',0,'2018-03-28 17:51:28'),('bcf0f4c3217a6edbafaed4349915381c439e6eefa0a2f606e75c11696cba45675c8998e8f2e814b5','ae665ad467077cdcd2198af3ea9293779a8e3d5a606faf4470cd6818d3c0b8a3ec741c7b23016ca0',0,'2018-03-08 16:05:35'),('bd0b5ea1f866b66a182870b5c13dbcdb593203bea346946a591dad8ecf61ac6374ef836e12990232','d308e513bf5d17b4cd2f8773e4cc70c21134c4e64c76b086ba5e70ca63e112940938f654df223277',0,'2018-03-03 16:59:08'),('bd665e30c4839022ecd68a197e5f7ed53ebccfaafd2eed6caebb0b901b67fdd847b35fcefb75f7eb','32a0909e3066b6f6263d5d0b58ad3e00f8c76d90c1c621eb58e1f5dd92f7c0d39a88e2f2adb435a9',0,'2018-05-05 18:09:47'),('bdd329478b6544fd60efc1903b4a2e72feecbe97a30a71ad44b9aba76a5cf3818de289f3466fe69b','0ec8eabe2c4d4e885c65c818856474dcf77f876c9e640b8bb1dee5c376eae04ad321685bbb2eab06',0,'2018-03-18 00:39:14'),('be17a34f3889244c42f1aaae7f9047e5684e69df5b9a5395859f4c82311c80e767a847ec356ca880','662046a290978b7e4d27d72c3509f3bfd8f7db8ddf27d0097a0ea24214b15cc96c074742757bea0c',0,'2018-03-03 17:52:19'),('be3e8f1181acb9ebf5d6158eadf742c2b536bb49e429597a72822001d5b3e245f1acb7ae493f23fa','665d6bde28039eb16209bb16151c6e6b44737885bf3acea2c89dadda1950687b4bc4e6da313eb043',0,'2018-03-22 16:57:42'),('be481f2d638bcf9a81f919d636d5335871c15f2cc3525f22134e32503b7bc8e2a755c352aebcb913','0573e940c4d2c879c57ef799de8254f110d61c160e24d919afc5584d2c15d6dde8be423f01696666',0,'2018-03-21 17:20:01'),('bebf41b5ba3629fbba35c9a4c7d2e2fa4f94a1d51a2a3b0039ef314bf4c9dd3389c6b33c6dad7783','77de96225672a81496f8fd41028be2167432790ad90b42e665008cc4f7628a4fbd1eb053ad88bd9e',0,'2018-03-31 16:43:36'),('bec67b9478bce90bbbbde8e5b790a1ad445204554a8e09f9f2f145d827f125396004f8c5d8acc317','711568203065486f54f1fe0b4f56db186c910f19af3faa813a029aabcacf4f4b4525d32dadf7e9f9',0,'2018-03-15 15:54:55'),('beeae467882aeecc145b2e39525adad087ced9ea97aa8b6fcdb6f33a7fd51784da9f39b97e8ac4b3','a2cb49d95bf5c1ea6cce1f45fdecb41d65b79f882ce539c707c1d8efb1728dcc0d22eec550418114',0,'2018-03-16 19:07:56'),('bf1563829bad9e83c2eb455d63fba3f9b4db475c9a33ac4d1a6d4166b8ffab2a5de91a3ab804ee71','ada3330db5440f2e93ff0f0debc249ba9564b29c221ebc85c3c2aa0536eaf21a051c7ebc27b65193',0,'2018-03-02 17:31:23'),('bf5ca72b11b4d64d7970f7378d62e583550b6b2700f00bc0622fed472c70f311f16fee60754f76c5','710e2bc2ea33da67173cf72e7076bfd1c752f45fd62d80086c9c59298c8d3c20d20644b5613ea786',0,'2018-03-02 13:27:31'),('bf73d284917a11f769936d9d7b7909e3b200b93b464fb17be944bf86799c7f9ae29818936c1ca06d','7066090343b236a7fc37e47d565b6e9e89b1a7589649719a78d6f2d3c13344640284f75aef4e1e0b',0,'2018-03-10 15:49:41'),('c0342e027a3951a3c121857b1cf2cf34d8809a3bbcae0b20868ac72162d07068cab75c0ad136086e','956446d83b86ba2882bf18ecc9b61a359cb7559c13b1c321df98f9054d9ef3684e65a13b4c7d488e',0,'2018-03-03 17:52:57'),('c074d4fb057547bf34cceabb64727d799c12c5bef07ec8e4fa6b0e49d06ebdc197a081fcb33bdd38','116fc8e28af46bfd9896820e61babe351103d2e3e2134bf9fa69260129e87d6643de5190cd9f90bd',0,'2018-03-10 16:40:47'),('c0869a263573012130767fb1a3bfcbf99977c4eb91be488b9400bbf552a9f74d47aa5b6443836c80','211b629489045dd3f519833cc28a3f847de61824552b2c6fe849c2d0173593a1ba5ccdcaad629f13',0,'2018-03-24 15:58:50'),('c105d2a6c2ff53ec12b8d830e21516fe130b233a95812085c4210d3a06ce472686c94ec3f4d8f7dc','c9a24f697539a1aaa7408dcbb77cd2bdce784c60675664b0ea362a5c7c2e76b82e0dc4894cec80d7',0,'2018-03-24 15:55:07'),('c112c9232bbd0f3233600fb10983787f3766c74fb05d01b8b1a6175ae097bae84251e3296fafa93b','84409fcd4110cad53aab9ad17cb56c4f3a19a4bf9fdeb832efd00ddccd9b097a6ec1fe4e8bca07db',0,'2018-03-01 17:20:29'),('c12911318b9b4baeae3ca42c3f6797516d79a96605952d5e2e38731103676b29717859144bdf509e','1825be48fe3f4420aab3815f4ec000cb49f673293da7336b84b6016d2cdc5a61a1b4563e67f03a34',0,'2018-03-29 15:13:56'),('c13e67449788d92319f1dbf3a6f689b6e8f741d3dbaf802f05bb131a681690cc54b7baeb1de50219','8dbc7c4a2557e3824009b8133d74863bcacaff81d231d6c09c67688f4c9aa7055586faeb53b67f9e',0,'2018-03-15 10:17:47'),('c164d193c01b3a03fa6f338341b185e5d9b7e364b63b55db442854e38d3c1309d4083c5b86b23918','da53ddf03508ecda8c68b5e4cc4e3813dbdd8a1ca867c9ba4473a455480a8f0ecc82a2610a2e705c',0,'2018-03-03 18:26:36'),('c1743d82813059431acbe036891fd1fd81af52b02033e1485868cb19cbb61991708981d8f40bacdd','5ea585fa5d0c6ea722f928bac62eb62d7e5c452b2d00f7e99a1d19e79d749a3c85fe176be769bee9',0,'2018-03-01 17:13:44'),('c18424d475d152edb1c2d2a65be026869b61830e5fbab5875b00d134d9f5ca7b4972a8a0777ef617','4aaaf075492578f8df0840fd3b57ba95e2a3503588b756ce417bb69d962bcdd5455aa5bd34ff008c',0,'2018-03-28 18:29:29'),('c192e28c93af1e90a28cc02c5aaa6419052a8e51d7bee7730c3033737cfadf002dfa049f45d18072','3f3656d318ffb6b1f651e8e13d551aee31b19986a95094166ee1b93da58da55c9cc42f534567d185',0,'2018-03-31 15:15:47'),('c25f94f3d9d5d21f13bc6a1b08bbff8ea2e89e99a8b5d7f45a8b2926e9b52d53d3dd76f264d7ad4b','6fcec183d4f9cb2530196e2721e56d9d077e9e5d5c8b4b161fbfa65fedce144d27a8cf80b9e72ee6',0,'2018-03-23 17:04:37'),('c27db5d1cd5fe611818859de2882850722336ff49810ca4d01672741bb92211fb11455efdd2f523b','8319b94eb969a346c6aa45a803121d36c37ee2eabf0a4d60beed081dcdc811cd5631db6a85539b2f',0,'2018-03-16 13:30:41'),('c2a3fbab55ff8af59c389228386851d807d456f04a510d93b7eab3dcaad55bef15ea24c3bbde2f45','2dd9c4b81bc67281221c720b8c0e6e327c0685f425cfa435ab4981bc3a0252c31971931965530853',0,'2018-03-09 10:02:50'),('c2c65fb94031fd676d7a64afb2607ec95ee1438d2052ae9344a5d544cb4970017c655547e5e05741','ba6510495cc9bce06a7dca548f656de7e80aed5c8ce7c9e3d1b3c8c96ee7e6d6828cbffbd7bbe01b',0,'2018-03-14 16:22:32'),('c37a7e0d9f54b43d465d55e57e49e395380d86a6d070f6528dfb30090224a438a8ce7598f5661e24','2b7ad5fb1ac2ae56c84c229e23dddefe26e77d2345a84b36eaa2e7e3995f16ea8b8f9aa5ff8df2d1',0,'2018-03-02 17:01:28'),('c37dc511bd7b125fe13a3e66ccffae1a04f017e9758e9ffd97e0bede5deebf610b3c1b1860988a45','1ae2fdc10d51c29f615274ea4de8ad5aa9498da6b4a8441b8163862cd8cbf65f6a8f7a2a677bda64',0,'2018-03-28 17:35:48'),('c3e7fb1903435a4fecbae169f8ab85c89fddcb3b98c25aae7826266b619ee00b69a455cb7ab4d70b','6a351a80a66ca3a8a3df0739638f973fddee390ebbfe9ebdba0e5bcdd3ffd49ec3029912b2a2788e',0,'2018-03-03 17:47:08'),('c47038330b2a0136b21f2a59a9a227fa85f5b9b2c7174e0481872056bacf406091b73d54f38ce737','7dcd908df364934422c0edf8dfeebd9839098c4afa5871ff2a16739c8994ca4fb441b8212ba2ebaf',0,'2018-03-08 17:17:11'),('c47704c8a70bf4377a4fd9537faad3b644ee03853058be33741dc76f8a9985ab53634ddb3568f30b','fbf8aa2902a8997e3dc0e1f3744e1e2f73b2b81d5620dabbb69c2efe4d0f0ed3fbaf966ed1c78643',0,'2018-02-28 10:38:23'),('c47fa1739ba0deea70433f5eb00460feed82e026a9b0ad3ae73aa24a3f55c23f9be998d45471a0de','92f51342109f962859954dbe7601ab94d265db954cac58bd1187662d143ace786717519aaa3dd131',0,'2018-03-21 17:25:49'),('c49df52b8a190b263a815870c6a2ceea39d1645fd61e091ac4f2995ac45f8ced9f641deabf9c262a','4ed30e48c0d025b52035de024c1fdad4dd62861d4f13124d631d9efa6fbe1b96277dae46cb0d731a',0,'2018-03-22 10:17:57'),('c530463ae8df707b822fb27ed6c1d019c0814c2c515d3107246f4b78676a8a5a41901e73852f8ed9','b9f1f5b9d41bfd99b058e3080887eddc4c530b66d48c0393f654364c8370ee04e80aca21fddfac33',0,'2018-03-14 13:36:53'),('c5917dd69c3ef566834756fe428db19750d955b8883d4a0ca9fb159cc03a8584d104839027ce7fbe','be39fac6af1565fbfcec0aa9e81b6bd201d969dc67e792f77ec7eb443c10113c6725c3083e5d89ab',0,'2018-03-08 18:48:47'),('c63093092f8ab098fe1ceeb3ab6a27d4ed25c64932ce48bcbc2c82bbdd3754e7d775567e121fc0ff','9fa0dc27f717cffcbc1dddc174d9d5ba43e474f17c6ba40c329d5c462a74843793c1d15c49ad9ce0',0,'2018-03-24 17:24:03'),('c664d259dd2c9304a643354f07a07e2839ff4832db2fc5ccd0213ba748c3d263cb050bb2e53e55ca','f6e1a0ab1acffacc0c55d2b691fcf831b386ac9c9ed015d71b76685ee86ef695b4b72cad97ff4ba5',0,'2018-03-22 13:14:08'),('c6a8b34a5dd456c920f4741b21a3282d9ef4f9d082fc3c15b7bbd22c4ce613b7d8da3a71144c1c1f','c73084475b762d41873e25d1f466547adebb702333d1c9832978d71e26624f42c71a45320e914d97',0,'2018-03-29 15:21:21'),('c6d59b0c804950296b606af6853d7efa054448fdb380200adac460d54d159744e27ba5308dcc4d61','d44308d7d9dd56dfca383198c9350187ba3c314edd3ccd11318fbc0f4bc504bee57566d06d0e8056',0,'2018-02-23 18:46:49'),('c6d796009d3286558d8d8a5b7a7deab40b203840077e0eb40852ef77975023617d1da61f93c45390','928ba19c74656244fdd041cb59837a759bfe99137fd2257682130bb5c7d6341961e4c651f53afdc5',0,'2018-03-10 18:41:00'),('c6dd2fcd6d4222fed29eca0f37d109a36d6cf7bb2b48b8b33b5d88896a5b07112f8209adaecb8ba7','37af6158bcc229ede6126866f44d76bbadca502bcd7b2f3beb6747108ff20a8bd94ddb750a683b70',0,'2018-03-23 17:25:37'),('c6fb72340e61777b3864edebe89e52261b7c375a5b68218129ae4e921d910daba28342b437a6360a','8cce252a81963bb69caf19abf97375fff7796ff6b9ff03e91bdb0a813d4feb18e48eb5fe5b41b4ff',0,'2018-03-03 15:44:53'),('c718edd58bfa2bfccda4a3722d5a0c0497cd62d6472196c13b3889db02332bf36b8bf45dda011a85','cdbc47a56405ee8a0ef03dc89585323f0313dd29d7dfd2f23dbbeeaf28f67540c4bc24f00572ecde',0,'2018-03-02 13:15:34'),('c7488adaf9399a356aa8fc67809b5609356437af6e7b7245fbb962325aa45ca1b83c5cad96f2e6af','22a4b6f54a95904e92179bd0188c53f4246e8a32a8e47d5ad96b5873a0ccacb01e00ee46852e5309',0,'2018-03-28 18:07:05'),('c752c5139b297dfab6cf4bc8f7a929a6da282d9f99d21a3311fb721bcfe5b2e32034389e96514855','db382539c52488dec75d4d36cec36e338054f83587fbb4a98bbeb6c0f07dbb6de5cf5134bb49ed45',0,'2018-03-03 13:52:36'),('c78de3d8308706d44199d46a7561510ea950ad54613a81e7240cd0fb35bf8fc14c9464c77e513148','91262bc119809b3ced6c8ef006cd324d963e838a30f703f42ea608b900733a5bd0279e07b628035a',0,'2018-07-01 18:47:35'),('c7c418392f1ee429e45dde25662aef4afea37513410a5cc4228f44e35319435f87bb2904a8d77fdc','57e6522093cc83efb5bdd2349084303d724ee335aac42e32f11921c56dbaba75473de9f6905858d7',0,'2018-03-19 12:00:32'),('c7d38b06e5f96e4cfb0a2285c03512c9677755919636a758a324a2ae413c9cff7ad495dd2c751c06','96883ac598093cca8c996186bf953210ac7194a6ccb5d8691ea7e07b8817fd871aa8e24220f5826e',0,'2018-03-28 18:22:30'),('c8bf7ffd545639e58dda0ab5f647b7c6befbe782ea3659378bd8ea53550e71e9225c01ee58c8798c','dd7ee5c80080b9e709f22ca20be24454fb7138b4755e1e4c0b41353db70e637614419fd164687c1f',0,'2018-03-28 18:31:15'),('ca414d6bc8a2e196842724aaed8542a2a3b27f8dd0318843c5a049d282af6962987680a2d8e84605','c427bde56d861cd5b21eb21dec76efbc2b77c2e59ed4babeb57ea7b18e080bddb61f2294f94761a6',0,'2018-03-02 17:57:52'),('ca523f0a57dc97de376c947bb8ef262e110d54575b0c8618bd4b6d0dd60d35b0456bb0f17f8036c2','5d6c45985a56a80c3796d0d863e6c2eb870e422feaf8d065f288fba1d290ab88cf973a46326bee91',0,'2018-03-19 14:55:37'),('ca9fa5b51b813ca6a8588546a7818328e7644d6d0e984f1c6f2ebd24ced915a1877005b5d15c0159','c1d976b593f2683796298ec5ec0830310522a02646e506d2098da013ac31ee9aec4fd2a16fea6a5a',0,'2018-03-11 18:57:29'),('caf799f34f14b1bb2cfbe7d1c131b48bd22692fe23e30fd47b2a8c85b085d09603e8688e253351cf','95a42319f292cedab077e9d3cf11bda6532cdf25d77c92040ba7d99c5b9975f75508d14b0d4c0226',0,'2018-03-29 17:45:28'),('cafea4dd438713eaf487f7bd9e62061f624b26f4d01983ade5ec122a8f8ad0b291d879311e41dc29','ad6ec9d8e75fdb3dc3bdf3599e697536f1960cb5b50399b264d9dbb5a50c7c34eedce72c0401d9d5',0,'2018-04-26 12:43:07'),('cb0035c84980da7617d19c0ad9fab2b456793ab55287cc048c98cd332ee8aa8b81312158125b6989','c235073443ecf2ab743a1db75662b6e7153c2a2cbc9329381e3d70d86d17796e7bb57728ec5a273f',0,'2018-03-11 18:30:27'),('cb42c54d5834ab1388f9e39d882f4e9f07b3cdfcd3e161ed17f1f5cd2ba7bdd44e6dc33f71ca736b','f7c67cfff190f7c40f813395c1c9157d6e84878dc57bacb16523d454727b33244c4ca9f66fd7d03a',0,'2018-03-04 18:30:38'),('cb540145a2ed94bddff43cbdd80f1bcfae53293719909c6b6eea514d9f3a85c0bc3807a184875dfb','b2106a57b7265f5fbfdefc63812cde6c54fed14152507d7d7d3ddae3ad4de4884b4f6447d47b6851',0,'2018-02-24 17:30:25'),('cb640d84b97a800976f157f093e0af428d10dee78b9b23ec6678bdeebe6c15e568a3c1909fedefad','385c69d151e7c539dd3df577e3d1afca0f1537777de372d1b2e12cd3e86cf3078280fe78a271b1ff',0,'2018-03-10 16:14:26'),('cbc3f1ad532a3c0736098297cbd9e2edd02a3631b9dadb65db79e4a68a3a61a53d8dcb95cb50aef8','0a1c5bdf5f21b5d9b3d62ac763fd4930bb282cce4059d3391cd0f5e2e95978226da0e2ddc1459374',0,'2018-03-16 13:29:26'),('cbcb02f33214f9b189a55b4ce6173f974ae0b1466e8def8d4927182cffbf6e0bf56fcdd2c7ad560e','f72f7185a9f1c3e955d1438b33ac016139ce27ba31ee0b293430f286c54aa9ff80ab7156387c907c',0,'2018-03-10 16:56:33'),('cbf861169dd2cda8d3cbbcc415980d2e0ad012d2e2616dca498a5dad92a1ba285237da63b6771207','bf69c21586e2f2971eda9a47b34a4a85bbb86e276555f4f7b9aeb476b46c8076cd68df03af72228b',0,'2018-04-04 17:13:32'),('cc110cad3f4a3990a0f941038950d6a1a2cd82bb07ac96d3d3c82758da9a74565ead310b34246639','d56943a1c6ea34f63345c8b344d34fd045da81258f5cf1890452198b7e8dafb21aeee11897dee251',0,'2018-07-01 16:20:08'),('cc351ab9397f72a18c74a8a5d4e3b9222fad5dbf271c3d729158210963bd5b359a00e97012071a66','099cd96cc68881fb1dcb606d5ad838ccf93a3cbdbca8e97b790178ac8ac15b153742d88c341db784',0,'2018-03-03 13:05:28'),('cc47b380a5bd8fa21ff922cdf57ac54693eb004394a4ce8409456d2859c8c706cb9f20530a2c2c13','d89d69dd0c3ce7cad5c06d22cf292edf756074782ec5fdac0075f8dbab069f16f552bd9a580e83c8',0,'2018-03-02 12:58:47'),('cc50ca3e6a336444607a1f29ff1b0b42fb52bf949c4ec20d985496d1832acbfa5fbdb9110483b2a1','efa7009b75b3d30ba321da685c0922b99f1f54c4c74e0af1881313d212440ab03c5c63c2dbd43431',0,'2018-03-01 12:30:22'),('cc699a453f11d5623b25785ee4e23e146547759ea0258940a14444743b1bc0068b6bea5ce5146b6e','1b5d5344ceef0acd3c5b9040ab612fa43e4d7237c62a16973b857d74398077a3b11fc7f55f1b341f',0,'2018-03-03 22:53:37'),('cc7fefd2a681988df0c7f9b952471f845a541377969e8404a3f5165cab4acd7c9438f82362b1da81','41971ca5f24e988296eeddd96cb57f14a48bc89c8267a78c7fb51d00cc54876069db8ac2588d2c4b',0,'2018-03-30 17:46:38'),('cc82c8bc62c6957dd6fff9e75f2ba108b0a41f48270bd260e1840cd1ca30f3e7df00500e929c6b8d','b279cb577a57b94c35cc7a172acd931277befddda074e06c41f5f6d1c547523d98c502eec6d9bfb7',0,'2018-03-29 13:02:19'),('cca7b8bf386a6b090159d8c01506a6b04e68c2c8b0740f023f2df567e37830e2f315eaf66de5ffa8','1627e219a8c99c26210e6f3a3fcf8fa312f2ae06085bec19e448352529bb0b6af628fddf6232374d',0,'2018-03-18 16:01:29'),('cd0735187cb9ac34f75a492ea1deaf7dcad6a52f800ec02cc8af44ce32441c33b9275052ae5cfb69','e3dba6cd1baca4db91d7eb09faa9abee0723c9d54bf2973aea48b43c8ae53bfdf081f124ad21c32d',0,'2018-03-10 18:39:31'),('cd38734b27b8fd85ef507de6a0f9719806da1a376e2d9349f1eed99a086832e04e7ca614ee44ed1e','4b6483db77de5156a976c44bd917e775e5ac1dc30da04c45bedfe5f577a1ce8dadda1fd1c8eecf1c',0,'2018-03-28 16:10:31'),('cd3cde0406f5aefcf867aaf534c6b45ae1a0e1e782ac715a0c147233d666f972622ea74fd2962232','1901928e5aa6acce1e98e34be02a4f37c17afb51c1a1c99ac0db38329a49e2652ef311a314f88395',0,'2018-03-10 14:08:36'),('cdba4bb150acbb25fc0948160cfefa3e49b404fc61aad58c56c868f3bc7dc4a1235828b7746bf12a','85c74982b4b9255e457d267d0e6b7d36c9f9db9f3f86009f2d183f15d3cc33fef16b7904eae08736',0,'2018-07-01 18:07:10'),('cde0a871b164bf1836411472c1c75e09cb61fc73e41dc46a9265578919f92d0cbaf53f4b712feec7','87c2db230e376d4eafd6923d5e8aa633c55249041e0fef4120e2fc329e778745a93f3adb0c6c4b16',0,'2018-03-28 18:37:07'),('ce59ffee52e1bbb5b2c8c9f96cdb607ffef04b8a8722529e17a1413f86be0aa70af0ec938ea3dfc1','e0ed72ed14eb456ecdc80cf3739090c328a4dbad53047863699297911b5acdf10307f680a28b85c3',0,'2018-03-17 18:07:09'),('ceee954de8227484a7632cab4c132b3a49dda90e7f8c74d0665e8f0c7e7cf6296f22f7b8e90de217','065c5d4141ccfa918f67cef04e6a620ad5afa99c9b5b2c161a3beab3fe25f561d7e7b1e5846d1279',0,'2018-03-29 16:20:38'),('cf128428285244fd1155f0bab1953e342a414c6419b5f393f83a03dfbe23dff8492a2df38db738cb','a0f2670d5e5349c2a7ef5d3d22c75ee8090c60cc7addaadbdd4c0647d57fca3d7a1c27ae96cea4f3',0,'2018-04-04 14:59:02'),('cf1eefd77803cdd516e8de5a2a9d36d358a2f2320173b1a89150b9376aac58702bb73392a897131e','582e600889e216e218cfdac99975011957e712953e60266ed4093be87b2f8e3298b7edc5f46b7338',0,'2018-03-29 17:44:47'),('cf6a84372699649b20c6088a58e522e65bd14b86fda4f07ac152e533c3eb586a78b99fa903219056','864baa4ba47b517e4e2b50daa150a2b2c0da81296a4da273ee4d30e7eb870f85fb5a48cd59babd02',0,'2018-03-15 13:37:14'),('cfaf75430aa76b78799e4f33f2244116cf8db672d09d252d36fb7a7e05c062cb30cb8f5a521129ff','5659a0815be57bcf208ac4d10ab1f11f16359968f340d147d76a9ca19f7d101500e473a6d7996ba7',0,'2018-03-03 18:12:57'),('cfbe17bca53f0ff88215bb6b073b002228bd4486c06e8e3b79aed8cc7aec535a2762e8bd7a113325','363ce451c8a27b86dd6c716483a95bec973fef342bd90d0fe811096c10fd4712e368cd05cf0a799c',0,'2018-03-28 18:11:12'),('cfd8932ba7211571b05e0a0c6c408533fb822811163e9b95bfb69f9880a298d16484ed77072db09a','639259a619d33fb9a65d44e910204c2ff47440ac61df0e1af604e703a47a1f09d0e86c89305f9a20',0,'2018-03-28 18:12:09'),('d0baac6635babc8dfd3a7bd4d35dd1fc14cc901132c29130179a6dac310b88cbcfcfffcfe7b6a71c','0b27746afe7760f659b8ba4e20d708588261461b58c2e3ec871178e9d81e2766513a4530d137f629',0,'2018-03-22 16:46:12'),('d0dd81536c903ceb810ae2a22d428d80041289f110a16974af070b4147c717c846667d7b92ee638f','b0c74492ef5d3656e2abed70f9fb0c95ef8770bcc9edc520f522423f5866924b11c75417d630c6a7',0,'2018-03-04 17:39:14'),('d11ee6d3b98941ca723e1ef9c9b899f2f06f1d1a7dfa639c359d09d1b43921d21a369a0091454ae2','e9d576de0142067ec01ce32fe8fef34ee814983e66145acca9fb05cb2e4005556f1f4ab586fcdd66',0,'2018-03-11 18:25:15'),('d1902500b4f8299954abb75e9db9efb2abb6528943ac385a41d5ac414e644fb437a40f44116156df','da00b1195b9419e920ac18157152bd4b2fb4cc264f36347550f9fc653aea17d27491c4c4c0aad983',0,'2018-03-24 14:12:13'),('d1b16aba0c15e7fd316c2a4fd17c26dce78ba6acd4d5b49d6097b157dd20cf5763a8962c1aa04524','cab627a062eb46d3561852e4459c1227c8779b770f1e256a9b6b5b190df7e0e64b1459bcb3d76a4d',0,'2018-03-14 17:09:46'),('d1e4935fb140bef51363746badea5fc9d966a05aa31151ba624d7762e443a5b0d833ca51551f6e24','c613a85a1e3e64308e55daca00b5647a91dcfce3c24e849eaf0f2030a3243ce33e6432d977fdc636',0,'2018-03-30 15:02:49'),('d1ff58deb71d49ec6f6ebbf6ddfdadac47d399e533b622eb1aa065912c7f3f65964d4ed123d16172','1b5dde1686d1f79d10c370660923d12e966a80bc03ce1502084ab8f891b01fe0cc3f5c1910d6657c',0,'2018-03-14 17:40:29'),('d25096ec458f14fac7e93ab88822102da47a848ae55bd544f2ea1889b2a40948cf3bfb006ad3ddae','4b70e7c0ac77e9ddba3933a5249110a0968642f9d39f3a686359a410e434d04a9e6a410aa8d38ac6',0,'2018-03-03 13:05:48'),('d255086923117d7173784a838fef6d32d3d2fcd257098be3f70a10902fdf9f29a77fdeb13dc1ed1b','b31f4d46a48216139ddb00dd7e10c6c408e88cf3619a192ffd65e30f1a0aa65e3e2b320de7beb1b8',0,'2018-03-02 16:59:24'),('d26bd974226d8681a327c0e9682590429b6218d92a67a092e84338f8fa47b517d0d920527722ff01','dd3960758f1e28b415a6496d278a70fa78c7f7c6172a034f4fc503e0d004e90f3686eaddc20504a3',0,'2018-03-01 18:39:09'),('d29cb85362a7ce7caf20c5ff44b657fb35a94aedac9fa40a9c37a65654005382723a1983ca521f58','d31eeb2714989d56ea9165232afcc9b36f56e1e8ca058d1848aba348d0fae9e11377dc2a0aaf5f79',0,'2018-06-30 16:57:10'),('d329d5d64015eab7f6d7a65d2485a21c9b1b5ae3f45e0f9acef052dc38b570a1afa48f11a3b9c6b8','0b5ffaa8b1cd7532c61651d0ec5a7cdd6687bac02d8777ced4c0a10222aab56ef0bc05173d88b47a',0,'2018-03-14 18:22:44'),('d377148ec8e1ec501833de71a3426411f72356a2fc7bd8ad9d7d55449836e33eddceb679054032ca','873a73ceb60a8f3f4df41f2ebc4267837c2a0a39fe1fe6d5e9a85716b009a0bba4e1824904b64bd4',0,'2018-02-28 18:45:37'),('d3a25dc0154f38850e85d08fac85b4f75900277ae1d881e37a789e88270d5e31bde08d2a7e9c9a59','2743d5ea26a47366564b5ae87282d53460c6ee51143895d1c54c02d48bd0e413be894a082ed03fd5',0,'2018-04-01 18:39:57'),('d3b377a9a000a0d3d81b06a00237f67e442e90be96a1b47661e27473dc637d46fa4d3954dde36477','0e01f6b5c7b380b0f7a374689a746dd03daa56c58e68f0d0000ede15eb9a32ca5895a5ee3d6a3d98',0,'2018-03-09 18:01:49'),('d3c660a2669b6a6871fb5ba4216424e34cb397278e85d8a4f386a91b9954315a0e83c4b83afba877','f08939897689ec32455ca16091ebd11109a2a35c01d459154a38aa8f51058dbb2a14e49ede1c020b',0,'2018-03-17 15:40:07'),('d3ca4da44cf4fce13753b66e6a791b0b4d0a4c7678f7dfc20346b6267210838e58319338f83a57c5','dfbd48ca01b154c63a08996ffa71b09ccd565184c018dc3634e9ac7369b4aae57bde97752bb42adb',0,'2018-04-26 12:36:15'),('d3e205cb8f1394b4fb443d56c3c9ffc4a4cef850ea737e45ed060959a635c8280d5e310dc3ee627e','52a73e8d66a048e66424d89a2057de16fc5bb74b10922082720e0bf13625ccd5e6ade869dc2964cd',0,'2018-03-10 00:08:42'),('d49602821fa704cc5161ea1f0dbd619a7d8e7d9729f305c9aaa0970cecae7d87129caf563b2e1655','db5606207531cf0ba95844edb3e3ae55dfce9a3a846a63ffb48c6e67d59781ee84e4710acab5708c',0,'2018-03-03 16:17:55'),('d4a392355b3e0b10e322af24db8bc86021e88251b646e47877bbe9406a65a09e41507e01720c7d4b','9880d45ec1942bd290f2d4b693847fae6391e5f5c9431e8eeb260fac004b5491c7345fc234c7db89',0,'2018-03-15 16:41:31'),('d4b8909c5d9b74c9469c7267864a064fe80cd547d8610ffc316457ca856de920f5e957f529de49a5','aaa0f1775f9214523e1c970dc5fe943469450574e6112f2f80a7d008e36172c1f3d17372e1779ff2',0,'2018-03-04 09:24:42'),('d4fca4d585775651f3b63da2541a6ebb1c7490aea08eef7f5e4f5b6ceadec87f4f39e1a3464abbe3','1957c0d0ee8da16ea6eabc6e47f3d5401bde822f9a2be5eb6c860567c6c28ac707072c684f470c18',0,'2018-03-08 22:14:32'),('d501b5ae31f4ced5e0be34e69f7b95c66a73ffbf7e82e58fbcacb178996c4966d17bf59ac1bb2a25','23be8e1fda5fe54289d73c55bed7a6ca635737c4e5da0212e9f993b36b42eb8f7db69c8dbc7dd2ec',0,'2018-03-02 16:58:20'),('d517a9d4e1331a9d00f41ec1b51335b984c724b8837eb338425b1107d9c2591811d9a7f0ea84ead2','9427fb2d0ee72b4e01d578cb10779a3485af61796b6cad4a2c1c9f2e63756b08874da2dd4e79e29d',0,'2018-03-21 16:18:37'),('d5373cbfc0caf742eb9ae9a02a3de02a5da19dda806dfe1fc5c5e2b36e468db51433aa15cf2ba99c','24727124fc9abc1fff3b90e3795fe6cbc3ca5bcc5b7765761b7ed85b39ac8f0183f598ab46bd02e6',0,'2018-03-16 10:26:28'),('d553f37305d178a1ecc32208f8b7029ac93a644a92f876429715427d52e942f6d3a6cf6b45cf87f3','8fb85f3b0f20fc1dff76493c9be071efc2e1b6555481e24d99ae252f9943a5bac560680f1b8c9b02',0,'2018-03-28 18:08:52'),('d57dcb3d07a314e1302c31e63dc7842e7c8156830803d79fdf910ba94da41ec03626b35395024334','f303842819acc85954a4cb0d00d4075d49f38493ab364ba8ab65c8b3e54cb8a31b8cf9bdddbd0a71',0,'2018-03-14 18:26:38'),('d597aae8613d90a429066a54db9771819c71436b7ce37e7db783fba847f6a1492976bd81ed67aaf5','79c5662b9a81950b47a8a157ebe540093bf58b9c54afe16baa8841e9a09ac5871973ee599cb6ac60',0,'2018-03-02 17:19:50'),('d60e6311b55a8db9e582ede18257be4f1880166e4060840cb190d4cb30706ecadc0ed7f86d3d7c06','7a7b6d3965fb9c474c455fc4b4a40ba2a4f04b6ec367c7b2a12f3197173479a27a0973b4d39e0fe4',0,'2018-03-14 17:03:01'),('d61976f4f385adce17e17972537b465c3fb11d8e8d7079d6802df1462696c813a8c39f3d613c2ef8','d423b77a4310c348493b66fa781b60e04d0ce24d9b41b59e2704cec0a5c709daff31dfb15d834c2f',0,'2018-03-29 13:04:05'),('d671d2e925ae813bece06c9338a51ece987bbb9d71ea1ba6e1503003a505d7cec8fa295a36b539aa','559eea8a0277e3bf2fb5f46e2d4de679b9d476113632a4325536c525f598e8cf540dff1746cbc60b',0,'2018-03-31 15:10:54'),('d67dcbbe26e78f84fac71625bfec5ac2a91fa7f125e94be967b1323b48c44de4f74ce577888eb8ac','7443771626cd61b1979e9c24cf57f4c2424828cfb5e86f078c3164d1d951839a2602992b94ddf741',0,'2018-03-25 17:18:50'),('d6cb3498821f24cd68bffe26d5668c6e7e10d1a05c8cfcf277a73f0f3d3a082792403739cefa6d15','663d4b6dad2e842ee16e7ff841f2858c5aca7382b699c7344ba614afe3bd706916eb451f46027892',0,'2018-03-11 16:59:39'),('d6e7700db077dfca26ef035576e2b62fb692ecf3c7c06571032d936959e6bcc91305dc11e04b3094','1c96201376226e7187cd1d71267d39cd6cbd4b67fb6671df1222d0d9c4d37f13d87568b1f7c4a2f1',0,'2018-03-03 16:55:03'),('d757e23a1ef7a8073fae5557d86c33157f7fce1796fd8604582e0c9a5d5625379f294e0c8a2b0903','84cc923cd3380a791732033cf11c8178006fc927e7ceb6ae7428726724c3a1ce5fab029d33a6c21d',0,'2018-03-30 17:53:12'),('d7a5ab2d729f1ba7c7911086c11297c558d33802f863a78fb47805ef709436554298ff040a1a9ca3','86d47a8ec0ba787665fd4f09829abee064a1a743e5c439fa20d99bcca7e61223d3748e6ce24714eb',0,'2018-05-03 16:45:53'),('d7df12ed8f7162a5984c5c2740b1b68bf9fd790958aa448dc2fc3dac777d118dc75b0de91e0d8874','b06e64ed693582b3e18adc3c7e527347f341739fad627017d8edf704d176e003f014abd4521a9c6f',0,'2018-03-15 16:43:55'),('d8147e5c67cbc4d848452e8dc10dc41ff778ddf39cd31c987276b9c868b15fbb7fa69d36d5dc3118','47314ec7a320eae8480018cc66c6d2ca03a1d519582744296ad540df2695912a65fef1f24de34eff',0,'2018-03-28 21:46:46'),('d85af65f23c73363074d4030f838377f00fce695d47e01f0440556a338e5bea31d09eb3b8b646d3e','14d08cd215bee6f77923f1293bb8c3d94f9812d9887a4a8b67599c0a5dd5ada0f6e598d51baef148',0,'2018-03-08 17:00:26'),('d8683685e7e458cf914eacd14c1ffbe5d2efada5c47ba075a0b54c6d796c3cdfbdaba16a74129e81','3ce62047376935c3e4a1af9665f509d13c8b702345521ef26727f4f9e628a0cb7c32f90281a3ddfe',0,'2018-03-04 16:47:53'),('d8d0ab358a181fc3b51cf6aaf7b1bc5dfa128d88290aef1dc3da77918a0e7015941f447c2f941aa9','ced28456ea2efcfa563891140355c326c488a1275edc8ef611a2b35c8e80b3ae2e4ada5212bc9950',0,'2018-03-31 22:32:16'),('d8fd0caf31e175cd2eecb23ac161b1cc480f25cb60d7df1768f2e82bace952f2e7e328c46e6d563d','fda34bdcb572dbb591e5d3c540b1ff398612f2e0b9c7f2cd8a8179493a283716a5b74b54c41916c1',0,'2018-03-04 16:15:25'),('d95c72ecb97bc63e4859f25b5b3ba881501e36e455adbe6e0cca66d33af83ebcca3a2d4828038ec1','2999b0a3a0b31f2ae82ebee24ad58114e6b09994bffea0c9b98b8df31e555dba53e8eb25593c9a55',0,'2018-03-22 11:05:58'),('d9bc0be9634574dddcdff76c9a79433f2c1d386c27b354f08c8bcfc5d7d8775062ea062ac4f7a07b','5d81832f4c9a4a1fa84bb75eadd92887062b568c5cf7280301c21bfdbd188f649812b8b33896623a',0,'2018-02-25 12:22:50'),('da227ed3321c8685857269dde877929a0c0e5deeef085ddfda77964f0101dc7e69b7365fadb3c6e4','b75f166dd7ef2ffa7552e0c63009a4c6798cd26d28d58afad253a1fa501b9cec674a4b667e3d971a',0,'2018-03-22 16:03:09'),('da3815d9cd1ecfe3ff4943d5bd72f4ee7844ebb1725d737e26f7f35e917114b785ca1e5eb8f8b299','d947d360d8e176892464d9d117310cba22c1537c736965010ab94f514315fc8f12d381e120ab2b87',0,'2018-03-03 17:34:51'),('da41f5c0f8e2770d9a4321fe4e85caa0649e76bceacb849779f10c05da60f7a45ae6d42f7abc4717','5e7126d1ed03995ca7635ee85dbbb04dbc0875ed505f4dfbe53f81a3290d3816a9632593c953b7ee',0,'2018-03-15 15:50:26'),('da4c55770c1970f47c06c990afa0c1367fbb947cb3bf3d7303e149daf90a191a6006b3c65bc74c75','2a918495cbd07d648a194de751ec38e908003bb3e35bdfbcd971450549eef38e5f9f9efa9a01bc7c',0,'2018-03-03 15:25:22'),('daa2c3fc2ac45e69f233a81fbb12abb3597cce0d057ec2ffdbd7d9d20224974435ec5bf2e366b470','3c6198a42ce02e9f5721491144edc92663e778aacc2a27eca9bd1f8f80f23002d62fb35b60da735a',0,'2018-03-18 18:21:40'),('daa9f1ca767a487baa58798a06df3a8b37ca17e7fa24dc7bc751b0934e0acf4d5112bb9df3190f69','2d5b2b6af4d978149af714fe77d17aafc4ed60015db96287abe7a62baaa83bd1512c5de67662fb29',0,'2018-03-22 14:12:18'),('daf0cbe9550cf97cfe6e473c0830fc0dddb21030d7ef5d015eb12c458aca2be9f5c3eefb4b9eb067','0da7b0ae11502e1f3a351706e9a160b9850f93413123cb9a6f9bcd4f765dddea535788fdf8c52b2d',0,'2018-03-02 16:37:49'),('daf42aba64a1ed72e09e4010bb26e01c27d11e9a47a24343dad7bf8273f969372591bb7e30f739e0','152dfa33463b756f40aced68b9e1ccac0a974bd33e9cf7221bccd972a83cbefc10d4b17061071948',0,'2018-03-25 16:51:48'),('db32a41da33fc4a6ca526f0ae598ab0f15448bca554edc7f719e7633426833d8aef8535605c518b6','cc3a7e6d5c4b3dab282be1d7f0b2614b1b1d89481503c82945368699b623e82684c21ca5a96bcb80',0,'2018-03-21 16:01:08'),('db8ff1f0e9d4d592753fd4f0f435355dcad3bff6872218a41b47d5fac40825eb37ae13343b7167a2','8b74ec9f6f9132bdc1bdf0df0773faf737869c55898a13b777b99c69ced15dbc2518899051eb595f',0,'2018-03-14 13:27:31'),('dbdfd8637877ffde3c64889061f445d57c1d6f976cd96e5574a2c28ca5990ecf6191dbab94c4e896','006e4587f6559bcadb08d0be451ba6000078402fc4026bf41e341b2641e2d6207feef54894d7fe9e',0,'2018-03-31 18:15:17'),('dbe965aef955da2d28fc1e60f09e685b5c19de175dec66f5f23fed1976b4bfaf3db48b3f3bc3a7f5','a0d1d8b9a5d255393ef26f9fc11dd71fd821f62453e47590865f7670da869ca358b92dd25cfd556d',0,'2018-03-17 18:01:51'),('dc462398a8b4a0664140b9a0564c34eb7e7da1ce1eb72da0d75cd0573046d57efadf16c9f3b3d8a6','0dba380d58df22f07357bbcf1027aebc8a5fedd03899f37412b1b19a4f03e8f055370da8d0871286',0,'2018-03-08 19:05:14'),('dd6921e89437879e091448fa01951f592e53030d363e1846996732366c249038b208fbfa80da26c6','453b92da0df493d0c84e54ee5f93ec130c66fe103a9b87af4ba174b28e63d6891e2feb55c8bfa73b',0,'2018-04-07 17:23:28'),('dd98fbeef66773e57656c210f5c11e8bea21239b4c159a35e9a1aee3855a65cf2433cbc92283f6f9','8296dc745ff67e9d11918d1af7dbbc816943460a64dfe962938f1841f9f92367e8bc357a8eb05393',0,'2018-03-17 18:08:25'),('ddb2ccbf91106d4efdb11fc5f0dbad4487984c9f89dc4813c6685cb92458a0318bc4dfc6635efe0c','a5bd44c371d7b61b271b61d163b481f15dbb6fd76b91dfc53a9ac2aac7b9872d365d2feeb5d62e35',0,'2018-03-15 13:40:17'),('ddc36cc7c70b4e9a05ead20e34dd69df35b259fc65251877f1454518234dfbe672f6c24b670b21e8','53f92b5aad25b8532c636f2812254d224e493c7276ec322d5eb55f8e49fe9d5943f4cc957e2a73bc',0,'2018-03-22 13:55:27'),('de144173f8065d8569bd9820f25e35b8c3edc5395b1e790456695eef7b9923ee2384a17fc233b9b3','4f64499fbb1348a9b913388e1e904dfeb254ce6102fa3d0274ddbc5b3f1fe4cb7458ed278e181bae',0,'2018-03-28 18:10:02'),('de25b5acfa9588faf80be10b0a5ddd71771b81ebe78b2191bf26dc100cb7b7d893e93e413e919c42','075e95d261421fcf3ca7582ae1a642cfb72d0a600934e2b49a3c6c6fe3a69e571b32351fc5e344a8',0,'2018-03-09 09:57:23'),('de2b17d59bc196cd1df1d55ebc4fd1891c6b627458bf66125dd67021c82c9ec79e231317476921c9','771baec95ac51b48dd42e7c3d70fb92e36e6925aede0d11fca89e4511b37b8864b1b966af2085f1f',0,'2018-03-21 16:10:38'),('de87e3ff385813982d52c10e5f697bb0ae3f2b48895bdc97328fade513260695877b14683c0b0457','ea6d6bdc6d7becad8f43326b3ea667862d21709fd60646de37bca70b0e8706cb89a3cd1b3d186d9d',0,'2018-03-21 16:21:21'),('deae772ba9d646731c697410ea30b0bc2e49484d3172b371fbc59adb74675a3b02180fde1f46bf1c','1ffe139ada11676dafca111b89e7eb37c27114e9987ecb81a96a5f3e20b035ba1174cd2ba0ef59e0',0,'2018-03-03 14:06:22'),('decba92200331cbaef53b2acc3b45bc313a90f9d4d682df394b7d12e9a835d5c63dadbb68141d8ca','5ececa6ebb2d2246bde747ce0f63c93b274db986b1163b6d453db4c6f87fef37e9823e98fa9c7adb',0,'2018-03-23 10:43:12'),('dece1e688268223419c9fc5e4953bbf4e69172f4ed5d3c8071e24752b421bc2385637154c879050b','b71515a4084bee90796782aaf7bf5f16eb434ab72c0022a07ce340e23a7b9968b4670e3b46ec7558',0,'2018-03-08 18:06:43'),('dee258e4ac41d1cf3dde103bf131ab6a641969e2327c847ad1c7aca3933a5b1ad2ca19b0277819f5','74837c8294af32b76264fcfb97ebebdd2835095621aef5b3c788eab2bee3fdfdb45c094fab1bc53d',0,'2018-03-11 18:35:09'),('df664c2dbf65f07f5656d839f416f553d323b1e850e5e3dbb1bc5918bc062c6cc8f4c8f78d0d7cb9','eb202fc61fda60d045a8dc05070b6f6f1b82bd48b4530425f52040555bfd867f5b1d1e7b0e5df3ca',0,'2018-06-23 15:22:27'),('dfa929fe87b9fb1edfc9b0e21094cd455f5f203632a4851461102f1421ea3d5f1a37970e41f5ef54','fd1c6232f9c452eb2f6aa77a581ca1a7f8c4d7cf45032f9f85f6a24185b8d4823e3fa7dbbeb01c1f',0,'2018-03-25 16:49:41'),('dff03f922a119528151842329700a44c906800badad2f48bea8c2e8425ce8c59e4376b80bde86ccb','90a9094fca56e25538c65be552fa48d255ba43771aeae1281eb83724e5d7d11fd130648b475cf586',0,'2018-03-02 13:05:53'),('dff8db39442b6eebdbc55984f7c037299a989ca2963278167bc070780305fb74bd6cae1ba9a3d0c6','ab6c178e4a23af83ed201f2232470622e8a585b5dbbc45c99a45d6e2bd091dc6470d4b2d1b32a27f',0,'2018-03-25 10:31:47'),('e01b3a3ec4c716ede68351d55605a9e7a21faad981a14bf2b75a9354fa11028bf1f7074041f55b12','b964ca215038c34eff933bf41e72055fe9e2b1f885cb5f6e8c4dc0fe840acbaf36a8acef14484e35',0,'2018-03-17 16:45:04'),('e048467834c0e3282493538964a0651abc636e7991782a66ed6d04def8058825525148ade61a8824','7e414b208b83adc67af03e03f5e61b5fadfac78018064e3ed49e16812ef75f8bc1fbf3ad87a30e55',0,'2018-03-25 19:01:07'),('e08a33e01e6cb7a0cc88f00acf0c1e95a114927e7bde01b715e9ca0f664ca94562fc358b90dfbdbe','89f1c1679fa5d285e400138cbda28bb13d1f8a1fadad938aa2c862ac7a687975679e4a2d2d5dd295',0,'2018-03-28 17:31:36'),('e09d6ddbb684f80f1c33a30cbfce6b41cbdc5affd02fbca95c149ee21cd2d7c4fffeac202284c39d','19050faae4ee9b9e6b7018207457cdbd188bc2a9d19975ae379f82a28fd507b8c5090929175db63e',0,'2018-03-11 18:54:24'),('e0f0cf22b2660cb13f41e4c0fc5628a77df8b534ad53003b1ddf23f19a54c0be127f80e5773921bf','e76619175737c8a1460253cd071c952cbd5a9507612f96e3edd757f9ac9a68e8fc8114aa9098fe5a',0,'2018-03-16 18:45:17'),('e14682768a9f6e50e6a49d11b78e7036a2a426dfb43313564d063905ee7254ff3b0a86dfadc4248b','27b6e473b3ddcd52a9dd87b7a6b10bc4740d281398a6e0d90c1922766e6c3b67e9dc816ecf4e40ac',0,'2018-03-29 17:56:31'),('e17a4e68e0a4b0669cbf90538fc184298877538d9bcc84536cfc2599fc39589affcacdcc218ab69e','d481a0182a60748faa0e8a75a5088b83716ded4d4df535ae215f920d886553f652632716691a92b5',0,'2018-03-22 16:49:30'),('e17b0b777f01ffc13df2c0962d6f2deedf66532b04170d5e98cdc4bc67a019e31508cf776c64ba5f','1e48921170ca8ce8c2ff85827eb30b09ff6cfefecad981f0a9d029a728477dd7c7ce99ca77dde6ab',0,'2018-03-10 18:39:04'),('e19e5a1ea18d3d03fd3cbc5e37314e676782bd3cfc447af95a12d8a685d4b61f26137ace85ee338f','ea5b0f11014d53dec17ecb175aa4d5f0f384b82ddcf6538d61b9dafb744aa064f9b0ca9757c3eea5',0,'2018-04-04 17:24:36'),('e1e0901c372071e15581f66ce0bbaf4b475bcde516181949982331742ca0072a80d7f5ddf0d7df20','85abfcaa7f05180ff2116e05a73a18c4c2a4aa60d01a0356321d19b8a3691e627b192b86fccbbf13',0,'2018-02-28 13:33:33'),('e2b2936ab188e567a2e1f4479358be1f225b375c1fe6776a0e307cd446f5de78b29fa45ead9da60c','5b801ec14cfed2b2666aab04dc3206662c98801c682a9b2832d483e679773acb07e4614052ab3206',0,'2018-03-16 12:41:06'),('e3183b2a176f33ecc596b57f5a2abcba2c39afa8513774262f8cb543bdf85636f9e10764c9eda216','55c34c65047cf62bbf56ccc3b4f6afff7e37a78ef2cc3af975def0a6bfce74db8d3d9396f3c98f21',0,'2018-03-21 17:17:51'),('e3498ab68d26eaac9d2211f196eea14e55837a34610e44a0b1120e34bb3f3d3264da17a8f6afc8aa','5457f77a4ed17233a3480559ed84871a6928aab4d991654c9107b27a240601ca9dc1f140a93e7a93',0,'2018-03-14 18:50:08'),('e37c9bc5febdcd28391745984375c3721cea497eb791c8f0d5386565af780d8be79676a62c03c456','6b8a66890adde596ae3f621f954f1c0997029b7840fe76ce655a1eb202d41de7ddcfa84bc0720943',0,'2018-03-30 18:58:10'),('e390ef930f61b8ffc0519561f82b0062e7412a48d9e5e08fbba645cad0a0fb3b995b95b6dc4414ac','b3b988494ad2d5fb28ec3ef566e56897fca0af11eb74da092848c2d70ecdd2965b8da91888c5027e',0,'2018-03-03 22:08:21'),('e3ead8efbbddbc3d29f4752e1e754f12512250562437210a1a9ae3b6baaa5f46fbcbd12e6fe0282f','84427594448ae9affb21632aefb12cdb70c2700030382744065adb0a142a8ebb24b776eca7f338fc',0,'2018-04-06 23:42:38'),('e3ef8d9c66199942f61d8793be7f2cc772c97fe73c9b5bcc5707e40613dd7dd938411a55f18de048','6d37ce5c7a7979be79bcdfd0c2d5cc6e0e218c61ea01bff5009bad04f12ba066c7dc7635bfd9d86c',0,'2018-03-03 13:20:36'),('e403c498e07bfa369f075c202a6fb2396c4b4f6b28edd88151a9e889462392a85006b403c6287a36','9615f26ffe28988cf7f27cd22e785f6480c372fa9c78f8d9e2911ffe031e4a0d14d88b45f8a540c1',0,'2018-07-01 15:15:09'),('e4071f4ecc54e6dbea5524f1880f1bbab2729446d10420fc04abe92e83ad1781eb87ac2a45ac87bf','06cd918d7fb23d6b2a72d2e8671598c3c3017b4cf17ea962a5728b045100ee54b3cd4f071acbfa96',0,'2018-05-24 15:13:43'),('e4576629243566177a41b494431381df9cc2980b8bbe3856dd1e3573f06baa0807e30acf4301ee8e','26103e8bc5ec9d7dee3d40e630a8c7de63995290ad83af2965ac28a1a87c69c0743da2f2b5d6fb32',0,'2018-07-01 15:15:41'),('e485895cb9995558ef63c6de29dc46b7b2e93916b9290413e12375b30bc321b5760d5f2d858096ac','fb0a48d55641f15fd6eb5c75fe093abf8c0050d8438875a4d25bb90ad8e8914b89aaf5c6ecdc6270',0,'2018-03-22 13:28:25'),('e4fc26bd4bf6f0c6ab60af9f6c424883141bb557859c4d209dd984a9f709cd04aa49c45cddbb39e8','0dc381595128dd57ad5126468aea2757cfc36ee626ff12e89c0acc82d11bedc9baccfd53f8fc503c',0,'2018-03-28 18:55:47'),('e529e28f049f14afa15f0eef629f2e08449330111b230d2969cc6b3eb82edcd746c5cce0a87746e4','ccadbbca8ed56ec5697fd70308d43535bdc2b0aa4dbf29d8b7e53a36ed451289620b7eb7ce5e7db3',0,'2018-03-24 17:23:05'),('e5325eea0ca1341f6b07d76534130b778f8c2aca5a3fe1c31e91761af9a689d2e041f545cb5841e6','7f2dcb8a4048fe18eeeeb22409a661d79d07e24886e7d1afaf09ec70daeebfc13ee3d9cd8d30faf0',0,'2018-03-21 16:13:30'),('e580aaa15cf68b601953c605df1c380a7d4976a8ccea968388971a2cfbc5b1e2dd341303fe561133','4eac11f3483f14974459340c282d9fd50fbf2ffaf4a7864b3b97a46fbdd097d5f1056815f14af083',0,'2018-03-22 18:08:34'),('e582f1fb9b03810c40c5de64f96fb9b8433dc2006739472557b486c1e65c657ab7dd81aafbaf6be5','ef09cdb1996e23e70ba6f35a543890fc133d7f6db10c63b73a371f3b9dd9aa4b23a644018f7751c1',0,'2018-03-03 16:55:21'),('e6295ec9c7c84b643f75a10dc0fa51055e65be4b16cab898504b5ba0755e5e0069bed12f2eca26b4','db65f7d53aec02f88e5dc382af9f9cbe4f218e372c562a8bc60e2e99034e5fabb69818df621cc1b6',0,'2018-03-28 18:16:30'),('e662b1375259fd137b67245501248129f94187c586db29b27e5169393e8e034d1ddc2e0bd278800b','3a302b63024dce9976c305c0509bb2130a92ca649df135f064399580e1edef4fb58d91e47239165a',0,'2018-06-22 12:06:48'),('e73f7b07d88c1e32f81acf9dcba9e1c517a784029afd34886e52fad4e5511af56dddadade59f7cc0','33dc1f4b9c45990af490ccfa77792d053823bac21739cd59c2086087539f2563e52e080b6bc727c0',0,'2018-03-10 16:45:47'),('e74a8f09df6060af458638133682c53c9fbff7721e9a7eec41c6e4aebec2fddc14a1e54078870d52','8f7666fe74be53c3e0c73ad02951e8924af4cbce8690c4da97265322c605b52d8eee1bda94fb53d9',0,'2018-03-02 17:55:19'),('e831852d665b53333f9ca2654328cfb77776ac8a5056fb648ff24f6aff3f2f0ea1a59d2c6058c946','ab8225d7ceef5987168b048089bb031a87ea32c6942f87eeb76ae94de905eff10e47a9f34b4a9625',0,'2018-03-14 18:42:00'),('e863d2796656543bd667f9f1d8672b60c36f272ce1b8c71a85c1c066cf936e9d4a0a033b30d3c92f','4efd05c0ed6f16361fab656d85a3554fd893180c3207dbc4b291887f328de722ffd162672879493f',0,'2018-03-28 17:30:24'),('e88fc8c3f1ae66255db7a6d3aba922d49c8b49f90e21c1dd8c9cdcbff0e558469a9785dbeef5489d','77d839e7d41ad2b7d4e07552206223b4a4b408adfdb4bcadd7c4abb1fad37fa364cbc3d329eed12d',0,'2018-03-02 16:59:47'),('e9601e1fcb422ce14ef4b63a667cfc98b47eae503d17e0362f8a845dddab7edac913a47b90eabd42','59e3bf19a24292997e8b5b00c5cefbab37fa02669d3610fe539c3b27fc3441f9d2bb29d12040f339',0,'2018-03-18 18:40:29'),('e9db15a32097a095595d7da25ebf076811ef606c9227c3e3c7337a12e155dab9dfe65407969f1949','5f1d40dd53cb9ef9612988688906a7dbcc759c4ab73ed7519b020bf7bc220dda7f9ce7adb53d5fad',0,'2018-03-30 18:17:07'),('e9db254a9add99e2b83e140f90a5fccc4a346dcd6e6c3a39a126e29b2acca9220c99467085b4ed81','9fcf42fc3d8f7486524b4efbaf6a4c9324e66ffff21926768845774227e67bdeb65a642a31950899',0,'2018-03-30 15:31:54'),('e9f7f89a4af4cecd546cb0e987e4bb9287eb1919130aa7596f6c3ecbe218b8445d259676c7192ee3','f6e01b7860e770a30a4e07021c0159170246d234b8e8a6d1abfd666f126b552971063c4b7e628f8b',0,'2018-03-14 22:51:22'),('ea36adbffacc7385bc56d7dd4c3bcbffbb31d83effda5eeb01943aeddaa09d93d93ac92dbe649d83','4c75fc88e1c329e25b4c39705a1864cdfe73ce3398490097922beaea6821af74a0f609a108a04506',0,'2018-03-23 18:25:37'),('ea432fa4cb426c85b9d9b168f75391b323fcb00b323c0a0af1d0a310d24e9bf1b54a4ee7b6c4325f','3d94b065b8829d7b7ad88e19393b1006ecf54a892560b24ce41c90768dc45cdd38f29a3b023905f0',0,'2018-02-28 13:50:43'),('ea65f256627eb98c0219c1b96bc961c5b0fc983c4f0046984a5db405f21d0de18b068ed37a4fbf99','f356e596565e26fbbc39d7cd864a0af0df26fe3f76d721964e855855509547bdfed44861633ae929',0,'2018-03-05 19:21:27'),('eaddf847b9ae67159700279ce1c0534dd89757b158ba37a86d36fc2ab83a3828784e244100e7fa0b','cf2f545e6e9558740cd06ca4d3243ba0a782b414ae324659140f627daf0d3e478030a82d7dc4a89e',0,'2018-03-15 15:55:54'),('eaf7249ae33452b229f3d4ba314e812bf93fb4879ffd329ca45bd8774799e0fdef49d9414607efa9','6ab34430f89684baf065aefe006c00db74ae5835113cf9794163fc5433d8315a802460904c733452',0,'2018-03-08 16:06:48'),('eb1689d626d6715401ad82f7e29ecf117d870fe01541821797ad4142eb014d2e58b719b8177228c9','470bd5e6e0e1be5564cef8d3d4f9cbd7813119fe6560652e329d9c528445badc9af756e1bfc7aca3',0,'2018-03-10 16:12:08'),('ebef2fb5984ccd36daaab2d91eb38cb78abab2a549ee9b49a3819a308a2e104d1998de5bf1cae305','c8c82dd922b3cc21573a7a0ea973f8ad546d0b859d9cc5cc5d8f0c5f8f4101589e5f06123a7dee23',0,'2018-03-08 16:20:20'),('ec31745e862084265a44523c02e1225446ec08d55f8559dfeb08bdf9934f01e3f53dbbacc47deab5','21e458fa22b888bc570f7eaf47eecf5e12f5fa5491d0ddfa89313fd9cda9b3d62bc9b69b6c306175',0,'2018-05-05 18:19:19'),('ec6ad45e933a92b46fe41e2cfaf96755859cb580997d56473998d13599d4607e0be91018a2776a20','9895fbe38c3d040268731fe15006419be7b8f6f63a0eeee5ab6355463567b67a18ce7947a4b975ea',0,'2018-06-30 17:25:03'),('ecf1078811f5f0a8784bb1c87685bd4ee5cec511d6c31a95ea15682bda9c160f3f035ba26d896253','6682198b990641d886405019750038ae837749e61e9bb16e0640fa3b88b0cb736ba93134c81087b1',0,'2018-02-28 17:42:36'),('ed06d7e071f00777046429454e5d244cb3ff4fddf9108aa7572867bbc2571b5b05ca263f46ec9e95','f4594a13545aac4feb5fd230ca156d302ab625b59503297c9d2473278ab6b06184bdc61a85bf1c28',0,'2018-03-28 18:02:40'),('ed1863814e17dc88a167924dfecc25f2eed54a6eb811ba78869bb42aacc3a403553e870804983fed','3624aefe2c4b93d56e02984139fe11002e185da73fdf51fa1a9801e42de9fe97d17adf628fdff82d',0,'2018-03-30 17:55:46'),('ed54d969bb77b0a26fcc86c1d4b53ce847a813388a07bd081198ccd5002d6ebcabc2372361c28fea','591b06e059061669081ef64c621451a27a6ffbe5fb519296841a070cbb48e0d6cddbbfbde203bb09',0,'2018-03-14 17:43:31'),('ee051921907039f87beb34e6f819484ae5ab833262d55938c8a2e5ded8425adb623b9f76cf23b7cd','15006877915cd7e5c7d9ea7da860b985be5e48b3702bb2b1061f52a011043a4d8b7f904c9943999c',0,'2018-03-05 18:11:35'),('eed2b69287fde80817ab9a18d026ad1c752ef262f358af3a10841357fe1ad15943e1242751c327df','11ea3afd06f2fcdb54836de4f5106cb27f719daf0d47b5dad4448c6c734bd26b468331959c89ceb6',0,'2018-03-10 15:44:59'),('eeee2e2c5912cba4c91d1afa49c51da9f11e59d064228a992f19f785d984631e8a5f9b454e895435','20543e7701d50bf8137663c053c2e88455e7585ebedffb789cc5527e2e54f03d009eb5b07de873d5',0,'2018-02-28 18:17:24'),('ef0bf5c183fd35b51a29182d91845fc1c0a2e81d0407425392e1ab545e034348d241bdeecf38696a','085d853ed8cb901375d5d23fc2eb4b86a35cfdfd0c058eac4228483fe89306889d8b52de6abb2727',0,'2018-03-23 16:52:40'),('ef42b7d0268d54a4db892717c09960755f850351ab675144e847d4681ecd96c8eb9a82ef9bfe048d','7dfb27ca955aca3febc4a6c89693c2e8f4688fd713f3d254fe8265f6bd5e0fcfa71a8523bef3843c',0,'2018-04-19 13:23:40'),('ef7f15f053295296e37d7917eb39859559f7ec866b81e40b4fd34351513113028ddd833c2d7699b3','f78ad1ae9bf49777723fc04f27702ea60ad14fba36576f4a0354d50e06d961c83d34d54be5e847d5',0,'2018-03-18 18:18:58'),('efb2a0899df6eb06e9771d3947f76367b7286a52086c2e1b9967c40034ef3838bc24c98a51d1edf1','d58c2a3829b827e7df083ff530e5a5a7c800be381382fa805ce305d7f01612b57ea632c1f067db32',0,'2018-03-08 17:23:51'),('efc03f78ad072433519a3bf9cb99d4f16f29a5b5973671619f30a7ce895f977954a8a2da8aa4f403','3e1317989fd447a352666e7c9a10f75d769e631d4e7a783f35471a2eb80a4b92f804e2a016ad10db',0,'2018-03-10 15:49:06'),('f00450cd4903c000fc7a43318c2374d318096dd6b6bc88e93deb7673db25fe6bb055a39b839fd169','0f907c0166b901ce492ec033d2dbc34d75ea5c5c7ec82ca1e121df6f670c61cd3f341b58fcc47514',0,'2018-03-02 15:40:41'),('f04e8eebd23f9297c1c71b8eda5dbbb48b8cdfaea6a9024f936c770a558e566372ec93857734bacd','bf4832ebc59136638337d1660732b9a2c7b3c3c65bc5741b0598bfe3ca0d7ca8e5a2b462a3108b26',0,'2018-04-06 18:05:55'),('f0aabc6650c83bdb7287887db62568af9eb70b31a7c872eef379a88c89bb49ed5b59af164ce0396f','12aee75e0706c54bada7b156fecd47f891229e1623837931ac17f059e05e6d4e55d1626149ff6952',0,'2018-03-29 13:04:57'),('f0c8775dc8b0f903b448e355ec046d3161c5a826b9ba526a64bf7eb9601d69988edc45a327a33861','5fd5940a573ca34c7fe0817c37a59de3640961bb66712840bb466bbcfe97e48ee9269965a3fd6b48',0,'2018-03-22 17:12:46'),('f0f91685972e806b2984ca9dda576a6489fe1db2592114f0cff5ef57e8f05421bff3a136d42ace3f','625f4381b391edcc8a80f9437072b72c77dfc1ca9a44c5f22156dd8a35120cf2dbecfb4a6a263f7f',0,'2018-03-02 13:25:53'),('f0fa7b7edc5cda854fd6a9c750ef663b63d3de4e9ed069d12d532d9cc0dbc1c329f672b99445a510','508ab218ee88fb818fcadf21b93f4b8c72f3ef4d7b9bac3deff0bf822baa48b602dac06de3573ee7',0,'2018-03-16 14:18:36'),('f189b84e055c8bb55615cdbe03de2418a63d7c55d1732cfd00d770d7948a884075a6262366df806c','d36cb1d327b9b079d737f94484e6b881111ebf1a36299fa4296bff2fae752a8d7f55b33942e0a8ef',0,'2018-03-30 11:07:28'),('f20cf025374f0b2b09cb8dc2044269e9ced21b7e0e87b34212bc21cc21190b52dd85f31724e4dc11','dab3d7e8b0e5d79bd13acea3e7043f2629897b80383ca6ba8de8d915394de76292915a8dfb8948fc',0,'2018-03-29 18:29:14'),('f225c07baff9a3726637ef09b3e06dd216c991eb4cec94d2a18595de41c464b8cf24e2eea74fa360','c26a2859660546daee7a541345d87ffd660a7716c69af1b8a0fd3abf5ba62bb19144f24ac5f8592c',0,'2018-03-14 17:09:14'),('f236bf8bd7841b942e5f2016175c50a17186b91745bdd73b78b202f75178bf74c07a9d9601444f4a','43fd402fb4c4d812c0eecfdd96a225a5e36cd527eb25f7b81efaf0cee55e3f5452aa8220596e16e9',0,'2018-03-28 17:14:25'),('f24b4cde885b647641f8fdb3dd253c2d57ef8eac0a97377178bd12ba571120b807c34a97a2328fdd','e5ce55606080df768046bb351616e78448f1c81daef9e48c8c69a31bbbb92b4502bc6c808a398065',0,'2018-03-14 23:02:53'),('f270b1c88b362dcdc84e259a38874f47ac7f428b2f6d1a6e061beda992a2504779f80e200bd8eb84','af4daa44a4f48770d48886b3382c3036b03e0384d98397fe7368527401e91f6692bf3c67c8bcd80e',0,'2018-03-05 19:08:08'),('f2f7ed196f780bcba060805eadb9c2e7ed6636d7d67e507e62022f69453f27b7e07aefbff089cb07','68a87ae73e07653811868542801daea8a8cef03ca3df333d23c01f0e297b8f3e7f4ade64ea8c4858',0,'2018-03-04 11:05:04'),('f34c8d3cc0f68f1138df114daa480cebbff48bba90a47d43f39516c8c3c5656b657240010a4d812d','5b345aec850a057dc3c13b6f9682ad28741becdf346507e81a1aa517aaca0ad02220733b7998195b',0,'2018-03-08 13:26:21'),('f377751395644dd7fbd8fa762471a33e48a7d0c81d22b5f2942c43d9864b6dc283eb1b0dc9f36315','ca2170a9defea692b738c6205d1abb02eb45a20cf59732a8c50aa6d702fa98cacc6c922738346c20',0,'2018-03-02 13:26:52'),('f412298d83fd2c0c95edc034b75281baedb0df95ebb29523b89600cae74ad45551a096ccd27f6779','5a597684817f225a9a2ea738cef0f47f7ca9b23ef537c703f477e698a07f1cb3d16fa0486321d617',0,'2018-03-25 18:15:39'),('f41b462f819e0e972be8355513818724cd1e43b566bf316a88a4110a563f40b1b07cac52f17bdbe3','b85e271596235e69daebeb92f1fc7874578011fb07a5c787f6e429b4bfd592d2a8f6377f681b00b0',0,'2018-06-23 15:26:01'),('f4be5d0d060c7520bde17f48aa84cf67e6047268f87aa1901737ca771616940216430bbbac32cf46','1da86e1407785a392be17b009ca7e35e47120abf36853dffe01e1e166ebdcc5b09734f2c63b6d5d3',0,'2018-03-10 18:40:42'),('f4ded0d7b8c98d49dde4c7b7cc99f5e0bfe94a72123ebd89453259e0a8d719926230891ff27b75da','85a2de3643bcad533d8db23588b59e493dcd3d0a8c37d0e0970d549ff2016d95c774220473f4c84b',0,'2018-03-21 18:06:06'),('f51a65a8b35508a72da5247e77c94f510a299546b3147b7fc1c52ce0bebc40fd2b1fc3dff318fd2e','144b8d390b3fe27cd2c4749c6d17b330b95008516bf1606bccf5238a1744304fa757906b4340ab73',0,'2018-03-01 18:26:00'),('f56335207173d23760a6aa6da037fc53f306ad743543c5acba1444e4ef862062856acc38dcc82f09','a762fd284fe6f105b2a65aa60b50bdf9d3f986821cd4cfdb72c5b56614c20ccb8f4bc8d921204fe0',0,'2018-06-29 11:41:27'),('f58486adad31d84d754d4ca4b1d96c60e029fe761b127210f76179a62045e8eacff247a0c70d6aa2','209de76d07f65b2e2171ae5c477b41fb93c75aafef7812ac804ad7fc0ac61249ac1f2b8afff13179',0,'2018-03-09 18:05:52'),('f58df2213dbad7d1443c74210caf5bb861ffd9dc5e0fb6d31f5ec329c9124ae29d56db32cb1805b5','a4b9a4ca9a65b6adc7af7f9987fd564feb71e22dd1590505b1a46cb194f03b232511a1c1531c3c5f',0,'2018-03-01 12:37:55'),('f593a32ff49665799fd5dc9db5e8be14ec22579776452dc66bf731b7e994e750373ad9e39635ef3c','d3b7cef86f3d5dde4d179fad5619bda9b615e5459d48334f8c96c85f2c735e8f067240e5554c3a22',0,'2018-03-29 13:01:58'),('f5d9c5b8082d20e8a097883dc8135ca498d0a0d8b3a77c389234687321b9344e1e0a1cad41052e64','b6348ee21fe066f1678bdd861e05c70ad2c61ebe453ceeef3d1f91cdd48bf43481cb0c46a25be98e',0,'2018-03-24 13:58:40'),('f68cb9df921ac38f075cb3cb5f7e4b99a7413133e7ccff4776955a7082def2c7cd38fdabba0e2281','4ba4e8505f7250b8388c6f6557b651aea70de7e6b9aad3b3aa51d0476a997d3ca8bd4e76dc7227f9',0,'2018-04-04 17:20:52'),('f7af141c51711531bb78b5183a404dcb2c7856a461a5386685d10dcf34efa65136272b0808f318b2','149af124bf445d8c28b41c8c58f93da4d5266aa5b25ca760b240287cd04611d12a4e169ddb68f23d',0,'2018-07-01 15:25:18'),('f862dc38271080b48bff2596d12cbd81fb57ff1f3fdbe60a5658024d936dcbe006f79887c60fd68a','803d4dc44aa69856aa781cc123958480d1efb0d5d507647154b62c6045c7f42d2e07500e3aba060e',0,'2018-03-21 18:05:55'),('f8e359021571282f55e482d8aa0a6327b35d5322aa9a3c59aad69c4e209788b7b8011362267a9767','3e847b52c13290ceb85f3602507bf912c85204e4d03e4c12328a74c659ce914e36e02be850f0e26c',0,'2018-03-22 16:51:02'),('f90cef57beaebec3bccd53c0beddf3c7cadd1c934dc9a92a5b9b908434cf71557f48871146ece30c','70c9fc0c65a76dcc2b6179f5f3d125ba4e56b37d5765459c219678b89d9418bcc337d5ead56c1691',0,'2018-04-21 18:57:15'),('f9ad346fdaaae905153ab321c329c4f053ca142fed6569a1d568e4d7514b99baddecb83f458ad157','2c1134564fec6e10bdb405103836ed229e28304bfdc9c5ed5ea164c23d107e1e690f2bca2be6aab6',0,'2018-03-04 11:47:19'),('f9d89a6a19b4f43b1618e16ad743b078a12d4305a879b09c1c76eed316f882cc9e53da0ed48d5042','ce3e24de2e2719b2e47a82ab292930dd4ae662db84b108e0d2a956c72d3e79b7267cdda2d281806c',0,'2018-03-18 17:41:43'),('fa1fabe533b5df81a17973ed4f57573b9f3305626088b14dcd987020dddd41eaf440a9bbd859559f','ee4a45ca335f99f4707df23e50a297a9befc42c8732513cb8ce8b236bdc94faacf5a065209102917',0,'2018-03-22 15:57:01'),('fa2fc882ced98913980f61c4bef3bc1a56846c264bc2a0e44c3019033f7501ca72c4692c09e35a4e','7014385c72b782273c53d440ceccd43e30c5a3f8c9f174219511cdb0e50fd3ba57e37dafd5458859',0,'2018-03-21 15:32:58'),('fa5a4014b6cc255a1811406be209da918d26927fa8c86fe076318abe3fcc8b4da32a7b1382a5e87e','97d7e9b7c2c2f1cbbb23c30275837311eb0d390d9b9dce8bc62217ef4ab8b81ad5b72347621d0161',0,'2018-07-01 18:55:03'),('fabda0d38e216933205559d4fb118265fd72690b03b584f4601f980b133f92dc0f2b79dbf0fb4c97','53dd4ea2d8d0bcd98a80ddca01abf31f68b1e299a4ed525041a45b7ab43b49123d8baaaca6bf7a04',0,'2018-03-01 13:23:35'),('fade5645344cb05246c9b3ee0ae42294bbe548f5dfc7f4b3f9d3a2b547fa12ae11efc9cfb7cac7e7','fc44f6a71faceec049d941e22d0923b6b32efe8ebe94e2592255c8d94ed6035f3603a48a677ead7f',0,'2018-03-17 23:23:13'),('fb11a8fca1d48ab11379816bbc3128554afa2916ba7f3024ca1b2555f751e404f2277a7ca8f0c8f2','16b64d14ed9d6521a0790dddbcd3a9e38981aa2a89991bf081f3b68c00a06e7a9e5f428d8d0a7ec1',0,'2018-03-10 10:15:03'),('fb70da3169144635772ef7362dd79e8c915c642bb2d9b2e2f2eea6c42b8f82036e9d668ed8acad29','d693cbde8ebf0c5b04928e41473c21a9d278f37a39b24434a311ad8512777ddaa1a4002d24055e5a',0,'2018-05-05 18:42:01'),('fc15c9d5538784b0eeca383a0d381a00769151d18827621bc409879aefd9af62ac0a43ee24409ee8','94ba26face4432fbfe20baa31001041218996e45cffba25925e8c4322671fbd128e95f38cb52d7fd',0,'2018-03-03 22:03:57'),('fc2eae9bd8a4abc34f4a95012c2fecfd1de63aa62d3310ee43c6175b7f0213c92e22d9439a03dede','7a75289a0d91f8bc9ab07f4ebd456afbd9b7103898cdbbb173364bb066f143fc14792c0e4dfaf8ac',0,'2018-03-22 17:06:45'),('fc93fbee05241fb70d64088a1dce6b8e25a136a21af23e3e9b5304f78863b21c94c1d12640414b0c','c10be7f243460dc9053cfa1cda26d86924c76be971d0ee57b783d16497050e4fc74b6fcf67e10aa4',0,'2018-03-31 18:27:14'),('fccaa1ce8a226aa3521eb88411be4b43707d1bbf9666fff81f456f526c99f6d29c286e5793d14007','ab1be69a4666817f10676a0132759200c7e3bb8ed65ce14ca45316343ad4d8af91bd7d6b8cc9ea79',0,'2018-03-02 17:56:51'),('fcf44495a5f543fc39dba8eb4e13d6aa8708a23936db0610b9c3bfdcf575ae1b832d1965bafd28b7','18772afe70a772fce67a0d92006e1e129045e0946aa0549792faa0de0be2aa6c2d129efc86437c65',0,'2018-03-05 18:56:08'),('fd4145fb2adfcaab9b10031a046d32ce403494f62e03efd67f8cd3685dfff5d5a2313fab140f68be','15abf6448eacffce9cebba69ddc93ad0a5d93cafecd8fdc6a8f00c21e5f66c73778003a2820e3b90',0,'2018-04-01 17:44:24'),('fd65f5d87ddaa997461d108956c09a4ea60488b3302eb059099cbb87e89c17419f5e27c984a40e9b','daf38e0634f1534174783e4d766f2dc6c4ca5c7ea38f565083d59c356920214af0fd7ffc0c217293',0,'2018-06-02 10:27:12'),('fde83f4f481b8ce0d7601179cf09f76d4624cede2df3fd0cb150ea09af5ca107b7ba222b0c9f9270','375c32bf2ab47b52ef697f3e949d877f88da9235736316f8335e09150ed3900802faa3c7d1c16f0c',0,'2018-03-31 14:51:46'),('fe7ec00d611ab141f9111fe6113fc4482ceb02bb0a85c35fd09e6f5642bbaecc615c4a071bbd8235','3caad5067426dcf7068cdcfe748e6c3723bf6da5d2bbb03f39f60c435b63af8ec86e8ad9534d66d0',0,'2018-03-15 16:22:33'),('fe95623268f7cdc1d1aadb5ba4d4678a24781aba7a9ad196071cde20c1965a0e27d7fa564ca3e882','8ec90eb7a759fe78fa50931072bd7d4447858333d08d913191f23ef1f0832208cdff742aae880413',0,'2018-03-29 17:51:33'),('feaa8e70ba8b3c33e56c9488555c0e5a1574632b9a94fd718200546f2b352650ca611574aa1dc953','66c7317bd4983b1459bf1d12c38b12f8a8529c8489da4b1ced92fe874eb5f2a5dff052dd91ff587d',0,'2018-03-30 16:26:16'),('febd2326573db8ccb8fa0302dd5abdf4860f4ba82475bdb43386f650d4262c0ee2f3549669964dd2','eb7e6b8eb79319c4bf0a1ef511c7f13b4ec697cdd4c8eaf6ab69a3710ed252332c9a18e6e06931a0',0,'2018-03-28 18:55:18'),('fedd0260d8c44dfc7d723d43a9e8f9d0fc3bdd5a087f184d968a67e6ad2b77c3b48dad950fe69f31','6f6ab94d5e14bc9f9bb5b3d6e382e90559f3373ca698a786ad10e30ac140403da673dffa805d506c',0,'2018-03-30 18:11:25'),('fee461dea3c6602938ca7d8abcd75b3b82775e0c0f81a83d8fd99f0c0cee1fc0b844251ded24feee','3d94fb55cc7567706304201a38b6f6e3e7295c99985dde0588f6d0b882f6dae6269404d56530150e',0,'2018-03-05 19:04:06'),('ff1e9a169ba532d835c7dcb5915ba6773f54ae71f2c8d19a71a3f27cc9d95b5cdc8b22385fe85523','d9b7ebd6450938283bcb2e423129bbe39c88a479539534dc9cdf59c4ba31b2523a2c1f1e1b7cf646',0,'2018-03-30 16:27:17'),('ff37c6290f7284631a2d95497fa37f22f7f8585a30ce477d84745a9b5268926a0f163d8e0c68b3a2','4a488448b697a2758ee7b0aa45e9bcf38aca088d6f3e65c1c96b3f9d5e7b64131034ed5ff17522a8',0,'2018-03-02 17:48:46'),('ff7794958bff0fb97362265f7a2c7f36088d7f58794283854ec46ab08fa1d13a4a19437688a85f9c','dffb1dad722d2b796381d3b5be26522e1361878bf6856b618c4dde469c78b4724d61fd9483d7d209',0,'2018-02-28 13:25:18'),('ffee6ae34b3c3c52256897ac633a1a5954c262564392168cfca6bad021b8d6bcb677ff2f025b47c9','6819d8f11f8292ed0cd63e54def5117fc9acff7a8621ed289197546009ba0d9575c6339f2a849b25',0,'2018-03-30 17:36:19');
/*!40000 ALTER TABLE `oauth_refresh_tokens` ENABLE KEYS */;
UNLOCK TABLES;

--
-- Table structure for table `orders`
--

DROP TABLE IF EXISTS `orders`;
/*!40101 SET @saved_cs_client     = @@character_set_client */;
/*!40101 SET character_set_client = utf8 */;
CREATE TABLE `orders` (
  `id` int(10) unsigned NOT NULL AUTO_INCREMENT,
  `folio` varchar(191) COLLATE utf8mb4_unicode_ci NOT NULL,
  `paid` tinyint(1) NOT NULL,
  `id_user` int(10) unsigned NOT NULL,
  `id_customer` int(10) unsigned NOT NULL,
  `created_at` timestamp NULL DEFAULT NULL,
  `updated_at` timestamp NULL DEFAULT NULL,
  `deleted_at` timestamp NULL DEFAULT NULL,
  PRIMARY KEY (`id`),
  KEY `orders_id_user_foreign` (`id_user`) USING BTREE,
  KEY `orders_id_customer_foreign` (`id_customer`) USING BTREE,
  CONSTRAINT `orders_ibfk_1` FOREIGN KEY (`id_customer`) REFERENCES `customers` (`id`),
  CONSTRAINT `orders_ibfk_2` FOREIGN KEY (`id_user`) REFERENCES `users` (`id`)
) ENGINE=InnoDB AUTO_INCREMENT=123 DEFAULT CHARSET=utf8mb4 COLLATE=utf8mb4_unicode_ci;
/*!40101 SET character_set_client = @saved_cs_client */;

--
-- Dumping data for table `orders`
--

LOCK TABLES `orders` WRITE;
/*!40000 ALTER TABLE `orders` DISABLE KEYS */;
INSERT INTO `orders` VALUES (98,'00098',1,1,2,'2018-02-26 21:52:00','2018-02-26 21:52:00',NULL),(99,'00099',1,1,2,'2018-02-26 21:57:58','2018-02-26 21:57:58',NULL),(100,'00100',1,7,2,'2018-02-26 23:27:15','2018-02-26 23:27:15',NULL),(101,'00101',1,7,2,'2018-02-26 23:27:36','2018-02-26 23:27:36',NULL),(102,'00102',1,7,2,'2018-02-26 23:27:38','2018-02-26 23:27:38',NULL),(103,'00103',1,7,2,'2018-02-26 23:28:55','2018-02-26 23:28:55',NULL),(104,'00104',1,8,2,'2018-02-26 23:35:03','2018-02-26 23:35:03',NULL),(105,'00105',1,1,2,'2018-02-26 23:36:17','2018-02-26 23:36:17',NULL),(106,'00106',1,1,2,'2018-02-26 23:39:45','2018-02-26 23:39:45',NULL),(107,'00107',1,14,2,'2018-02-27 22:23:18','2018-02-27 22:23:18',NULL),(108,'00108',1,14,2,'2018-02-27 22:26:51','2018-02-27 22:26:51',NULL),(109,'00109',1,14,2,'2018-02-27 22:34:13','2018-02-27 22:34:13',NULL),(110,'00110',1,14,2,'2018-02-27 22:41:34','2018-02-27 22:41:34',NULL),(111,'00111',1,14,2,'2018-02-27 22:53:53','2018-02-27 22:53:53',NULL),(112,'00111',1,14,2,'2018-02-27 22:53:53','2018-02-27 22:53:53',NULL),(113,'00113',1,14,2,'2018-02-27 22:57:11','2018-02-27 22:57:11',NULL),(114,'00114',1,14,2,'2018-02-27 22:57:11','2018-02-27 22:57:11',NULL),(115,'00115',1,14,2,'2018-02-27 22:57:11','2018-02-27 22:57:11',NULL),(116,'00116',1,14,2,'2018-02-27 22:59:28','2018-02-27 22:59:28',NULL),(117,'00117',1,1,2,'2018-03-05 23:27:59','2018-03-05 23:27:59',NULL),(118,'00118',1,1,2,'2018-03-06 00:34:28','2018-03-06 00:34:28',NULL),(119,'00119',1,1,2,'2018-03-06 00:34:28','2018-03-06 00:34:28',NULL),(120,'00120',1,1,2,'2018-03-06 00:34:59','2018-03-06 00:34:59',NULL),(121,'00121',1,1,2,'2018-03-06 00:34:59','2018-03-06 00:34:59',NULL),(122,'00121',1,1,2,'2018-03-06 00:34:59','2018-03-06 00:34:59',NULL);
/*!40000 ALTER TABLE `orders` ENABLE KEYS */;
UNLOCK TABLES;

--
-- Table structure for table `payments`
--

DROP TABLE IF EXISTS `payments`;
/*!40101 SET @saved_cs_client     = @@character_set_client */;
/*!40101 SET character_set_client = utf8 */;
CREATE TABLE `payments` (
  `id` int(10) unsigned NOT NULL AUTO_INCREMENT,
  `quantity` int(11) NOT NULL,
  `id_order` int(10) unsigned NOT NULL,
  `created_at` timestamp NULL DEFAULT NULL,
  `updated_at` timestamp NULL DEFAULT NULL,
  `deleted_at` timestamp NULL DEFAULT NULL,
  PRIMARY KEY (`id`),
  KEY `payments_id_order_foreign` (`id_order`) USING BTREE,
  CONSTRAINT `payments_ibfk_1` FOREIGN KEY (`id_order`) REFERENCES `orders` (`id`)
) ENGINE=InnoDB AUTO_INCREMENT=2 DEFAULT CHARSET=utf8mb4 COLLATE=utf8mb4_unicode_ci;
/*!40101 SET character_set_client = @saved_cs_client */;

--
-- Dumping data for table `payments`
--

LOCK TABLES `payments` WRITE;
/*!40000 ALTER TABLE `payments` DISABLE KEYS */;
INSERT INTO `payments` VALUES (1,900,100,NULL,'2018-06-08 22:46:58',NULL);
/*!40000 ALTER TABLE `payments` ENABLE KEYS */;
UNLOCK TABLES;

--
-- Table structure for table `pivote`
--

DROP TABLE IF EXISTS `pivote`;
/*!40101 SET @saved_cs_client     = @@character_set_client */;
/*!40101 SET character_set_client = utf8 */;
CREATE TABLE `pivote` (
  `id` int(10) unsigned NOT NULL AUTO_INCREMENT,
  `created_at` timestamp NULL DEFAULT NULL,
  `updated_at` timestamp NULL DEFAULT NULL,
  PRIMARY KEY (`id`)
) ENGINE=InnoDB DEFAULT CHARSET=utf8mb4 COLLATE=utf8mb4_unicode_ci;
/*!40101 SET character_set_client = @saved_cs_client */;

--
-- Dumping data for table `pivote`
--

LOCK TABLES `pivote` WRITE;
/*!40000 ALTER TABLE `pivote` DISABLE KEYS */;
/*!40000 ALTER TABLE `pivote` ENABLE KEYS */;
UNLOCK TABLES;

--
-- Table structure for table `pivotes`
--

DROP TABLE IF EXISTS `pivotes`;
/*!40101 SET @saved_cs_client     = @@character_set_client */;
/*!40101 SET character_set_client = utf8 */;
CREATE TABLE `pivotes` (
  `id` int(10) unsigned NOT NULL AUTO_INCREMENT,
  `url` varchar(191) COLLATE utf8mb4_unicode_ci NOT NULL,
  `created_at` timestamp NULL DEFAULT NULL,
  `updated_at` timestamp NULL DEFAULT NULL,
  PRIMARY KEY (`id`)
) ENGINE=InnoDB AUTO_INCREMENT=2 DEFAULT CHARSET=utf8mb4 COLLATE=utf8mb4_unicode_ci;
/*!40101 SET character_set_client = @saved_cs_client */;

--
-- Dumping data for table `pivotes`
--

LOCK TABLES `pivotes` WRITE;
/*!40000 ALTER TABLE `pivotes` DISABLE KEYS */;
INSERT INTO `pivotes` VALUES (1,'1.jpg','2018-01-25 00:20:33','2018-01-25 00:20:36');
/*!40000 ALTER TABLE `pivotes` ENABLE KEYS */;
UNLOCK TABLES;

--
-- Table structure for table `product_categories`
--

DROP TABLE IF EXISTS `product_categories`;
/*!40101 SET @saved_cs_client     = @@character_set_client */;
/*!40101 SET character_set_client = utf8 */;
CREATE TABLE `product_categories` (
  `id` int(10) unsigned NOT NULL AUTO_INCREMENT,
  `name` varchar(191) COLLATE utf8mb4_unicode_ci NOT NULL,
  `description` varchar(191) COLLATE utf8mb4_unicode_ci NOT NULL,
  `created_at` timestamp NULL DEFAULT NULL,
  `updated_at` timestamp NULL DEFAULT NULL,
  `deleted_at` timestamp NULL DEFAULT NULL,
  PRIMARY KEY (`id`)
) ENGINE=InnoDB AUTO_INCREMENT=20 DEFAULT CHARSET=utf8mb4 COLLATE=utf8mb4_unicode_ci;
/*!40101 SET character_set_client = @saved_cs_client */;

--
-- Dumping data for table `product_categories`
--

LOCK TABLES `product_categories` WRITE;
/*!40000 ALTER TABLE `product_categories` DISABLE KEYS */;
INSERT INTO `product_categories` VALUES (1,'Plastico ','dfdffhfsghsfgfghgfhsfhfghfhgfghdfh','2018-01-26 19:49:22','2018-02-08 15:51:29','2018-02-08 15:51:29'),(2,'Vidrio','Es un botellon de vidrio DSFSDFD','2018-02-02 15:42:17','2018-02-08 15:52:49','2018-02-08 15:52:49'),(3,'vidrio ','es de vidriosafsadffa','2018-02-08 15:55:52','2018-02-08 17:19:38','2018-02-08 17:19:38'),(4,'Plasticosdvsdfsdfsdf','Es de plastico sdfsdfsfd','2018-02-08 17:21:50','2018-02-08 20:02:03','2018-02-08 20:02:03'),(5,'Vidrio2','dfafgfaddfgdfgfdgdfgdgdfg','2018-02-07 17:24:29','2018-02-08 20:02:00','2018-02-08 20:02:00'),(7,'asdfasfsad','asfdsafasfda','2018-02-08 20:02:09','2018-02-14 05:25:27','2018-02-14 05:25:27'),(8,'sadfasdf','asdfasfd','2018-02-08 20:03:09','2018-02-14 05:20:30','2018-02-14 05:20:30'),(9,'categoria de productos','una peque;a descripcion de la categoria','2018-02-08 20:03:49','2018-02-14 05:20:16','2018-02-14 05:20:16'),(10,'Plastico','Son de plastico 100 % biodegradable en 5 años','2018-02-14 05:19:24','2018-02-14 05:20:06','2018-02-14 05:20:06'),(11,'Limpieza2','Cleaning5','2018-02-19 16:17:36','2018-02-19 16:59:57','2018-02-19 16:59:57'),(12,'sadf','asdf','2018-02-19 17:19:56','2018-02-19 17:20:26','2018-02-19 17:20:26'),(13,'s','s','2018-02-19 17:31:14','2018-02-19 17:31:19','2018-02-19 17:31:19'),(14,'d','d','2018-02-19 17:31:30','2018-02-19 17:31:46','2018-02-19 17:31:46'),(15,'Vidrio','Es un botellon de vidrio','2018-02-19 18:18:38','2018-02-19 22:15:16','2018-02-19 22:15:16'),(16,'vidrio','De vidrio antiestatico','2018-02-19 23:16:42','2018-02-28 23:58:43',NULL),(17,'Interno','100% tapatio','2018-02-19 23:53:33','2018-03-03 00:32:23',NULL),(18,'Whiskey','100 % mexican people','2018-02-19 23:58:41','2018-02-28 23:21:27',NULL),(19,'Vinos','es una de las mas buscadas','2018-02-27 23:47:07','2018-02-27 23:47:07',NULL);
/*!40000 ALTER TABLE `product_categories` ENABLE KEYS */;
UNLOCK TABLES;

--
-- Table structure for table `products`
--

DROP TABLE IF EXISTS `products`;
/*!40101 SET @saved_cs_client     = @@character_set_client */;
/*!40101 SET character_set_client = utf8 */;
CREATE TABLE `products` (
  `id` int(10) unsigned NOT NULL AUTO_INCREMENT,
  `name` varchar(191) COLLATE utf8mb4_unicode_ci NOT NULL,
  `description` varchar(191) COLLATE utf8mb4_unicode_ci NOT NULL,
  `img_url` varchar(191) COLLATE utf8mb4_unicode_ci NOT NULL,
  `price` decimal(8,2) unsigned NOT NULL,
  `code` varchar(191) COLLATE utf8mb4_unicode_ci NOT NULL,
  `measure` varchar(191) COLLATE utf8mb4_unicode_ci DEFAULT NULL,
  `id_category` int(10) unsigned NOT NULL,
  `id_company` int(10) unsigned NOT NULL,
  `created_at` timestamp NULL DEFAULT NULL,
  `updated_at` timestamp NULL DEFAULT NULL,
  `deleted_at` timestamp NULL DEFAULT NULL,
  PRIMARY KEY (`id`),
  KEY `products_id_category_foreign` (`id_category`) USING BTREE,
  KEY `products_id_company_foreign` (`id_company`) USING BTREE,
  CONSTRAINT `products_ibfk_1` FOREIGN KEY (`id_category`) REFERENCES `product_categories` (`id`),
  CONSTRAINT `products_ibfk_2` FOREIGN KEY (`id_company`) REFERENCES `companies` (`id`)
) ENGINE=InnoDB AUTO_INCREMENT=29 DEFAULT CHARSET=utf8mb4 COLLATE=utf8mb4_unicode_ci;
/*!40101 SET character_set_client = @saved_cs_client */;

--
-- Dumping data for table `products`
--

LOCK TABLES `products` WRITE;
/*!40000 ALTER TABLE `products` DISABLE KEYS */;
INSERT INTO `products` VALUES (1,'Botellon','Un botellon de 20 litros ','1.png',20.00,'456','litro',1,1,'2018-01-26 19:50:58','2018-02-07 23:31:57','2018-02-07 23:31:57'),(2,'buchanas','pudiente','2.png',16.00,'565464','litro',1,1,'2018-02-07 22:20:37','2018-02-08 15:29:36','2018-02-08 15:29:36'),(8,'Ribbon','Rollo','8.png',100.00,'456987123','litro',18,1,'2018-02-08 15:56:47','2018-03-03 00:29:35','2018-03-03 00:29:35'),(9,'Terminal EDA50','Terminales','9.png',1000.00,'8','1',17,1,'2018-02-08 17:42:21','2018-03-03 00:29:29','2018-03-03 00:29:29'),(11,'Coca','600 ml platico','11.jpg',15.00,'465464645456456','1',9,2,'2018-02-14 04:59:48','2018-02-14 05:06:56','2018-02-14 05:06:56'),(12,'agua','es un agua de 500 ml','12.png',45.00,'987797979778779','1',9,2,'2018-02-14 05:05:34','2018-02-14 05:06:46','2018-02-14 05:06:46'),(13,'sdasd','asdfasdf','13.png',12.00,'3','1',7,2,'2018-02-14 05:14:25','2018-02-14 05:14:37','2018-02-14 05:14:37'),(14,'Botella','jafasjf','14.png',12.00,'1','1',8,2,'2018-02-14 05:16:33','2018-02-14 05:16:39','2018-02-14 05:16:39'),(15,'sadf','dds','15.png',546.00,'65456454564','1',9,2,'2018-02-14 05:17:59','2018-02-14 05:18:10','2018-02-14 05:18:10'),(16,'Btla','es una bonita botella','16.png',100.00,'646','1',11,2,'2018-02-19 16:23:58','2018-02-19 16:24:10','2018-02-19 16:24:10'),(17,'asfas','asfd','17.png',5546.00,'645564444464545','1',11,2,'2018-02-19 16:29:21','2018-02-19 16:31:14','2018-02-19 16:31:14'),(18,'ss','ss','18.png',654654.00,'65645446564','1',11,2,'2018-02-19 16:31:49','2018-02-19 16:31:54','2018-02-19 16:31:54'),(19,'botella','es de vidrio','19.png',12.00,'454465464','1',11,2,'2018-02-19 16:32:22','2018-02-19 17:31:50','2018-02-19 17:31:50'),(20,'garrafon','de agua ','20.png',25.00,'56464444','litros',16,2,'2018-02-19 18:18:53','2018-02-28 01:06:13',NULL),(21,'Impresora IMZ3020','Immpresora zebra','21.jpg',5000.00,'12349','1',17,1,'2018-02-19 23:56:49','2018-03-03 00:29:26','2018-03-03 00:29:26'),(22,'Impresora tarjetas','impresora tarjetas pvc','22.jpg',2500.00,'6546465454464','1',17,1,'2018-02-20 22:50:16','2018-03-03 00:29:23','2018-03-03 00:29:23'),(24,'Ribbons','rollos','24.png',100.00,'12354',NULL,17,1,'2018-03-02 00:48:25','2018-03-02 00:48:25',NULL),(25,'Terminal EDA50','Terminales','25.jpg',1000.00,'69',NULL,17,1,'2018-03-03 00:32:00','2018-03-05 23:24:22',NULL),(26,'Impresora tarjetas','impresora tarjetas pvc','26.png',5000.00,'6546464',NULL,17,1,'2018-03-03 00:33:10','2018-03-03 00:35:18',NULL),(27,'Impresora IMZ3020','Immpresora zebra','27.jpg',2500.00,'654',NULL,17,1,'2018-03-03 00:36:04','2018-03-05 23:21:53',NULL),(28,'Epson Tm-22','Es una impresora Epson','28.jpg',20000.00,'54644444',NULL,17,1,'2018-03-05 23:26:21','2018-03-05 23:26:21',NULL);
/*!40000 ALTER TABLE `products` ENABLE KEYS */;
UNLOCK TABLES;

--
-- Table structure for table `sales`
--

DROP TABLE IF EXISTS `sales`;
/*!40101 SET @saved_cs_client     = @@character_set_client */;
/*!40101 SET character_set_client = utf8 */;
CREATE TABLE `sales` (
  `id` int(10) unsigned NOT NULL AUTO_INCREMENT,
  `quantity` int(11) NOT NULL,
  `total` decimal(8,2) NOT NULL,
  `refound_observation` varchar(191) COLLATE utf8mb4_unicode_ci DEFAULT NULL,
  `id_order` int(10) unsigned NOT NULL,
  `id_product` int(10) unsigned NOT NULL,
  `created_at` timestamp NULL DEFAULT NULL,
  `updated_at` timestamp NULL DEFAULT NULL,
  `deleted_at` timestamp NULL DEFAULT NULL,
  PRIMARY KEY (`id`),
  KEY `sales_id_order_foreign` (`id_order`) USING BTREE,
  KEY `sales_id_product_foreign` (`id_product`) USING BTREE,
  CONSTRAINT `sales_ibfk_1` FOREIGN KEY (`id_order`) REFERENCES `orders` (`id`),
  CONSTRAINT `sales_ibfk_2` FOREIGN KEY (`id_product`) REFERENCES `products` (`id`)
) ENGINE=InnoDB AUTO_INCREMENT=60 DEFAULT CHARSET=utf8mb4 COLLATE=utf8mb4_unicode_ci;
/*!40101 SET character_set_client = @saved_cs_client */;

--
-- Dumping data for table `sales`
--

LOCK TABLES `sales` WRITE;
/*!40000 ALTER TABLE `sales` DISABLE KEYS */;
INSERT INTO `sales` VALUES (1,1,250.00,'',98,8,'2018-02-26 21:52:00','2018-02-26 21:52:00',NULL),(2,1,220.00,'',98,9,'2018-02-26 21:52:00','2018-02-26 21:52:00',NULL),(3,1,200.00,'',98,21,'2018-02-26 21:52:00','2018-02-26 21:52:00',NULL),(4,1,500.00,'',98,22,'2018-02-26 21:52:00','2018-02-26 21:52:00',NULL),(5,1,250.00,'',99,8,'2018-02-26 21:57:58','2018-02-26 21:57:58',NULL),(6,1,220.00,'',99,9,'2018-02-26 21:57:58','2018-02-26 21:57:58',NULL),(7,1,200.00,'',99,21,'2018-02-26 21:57:58','2018-02-26 21:57:58',NULL),(8,1,500.00,'',99,22,'2018-02-26 21:57:58','2018-02-26 21:57:58',NULL),(9,-1,-250.00,'No era lo que queria',99,8,'2018-02-26 22:18:01','2018-02-26 22:18:01',NULL),(10,-1,-220.00,'No era lo que queria',99,9,'2018-02-26 22:18:01','2018-02-26 22:18:01',NULL),(11,-1,-250.00,'holi',98,8,'2018-02-26 23:16:53','2018-02-26 23:16:53',NULL),(12,-1,-220.00,'holi',98,9,'2018-02-26 23:16:53','2018-02-26 23:16:53',NULL),(13,2,440.00,'',100,9,'2018-02-26 23:27:15','2018-02-26 23:27:15',NULL),(14,2,440.00,'',101,9,'2018-02-26 23:27:36','2018-02-26 23:27:36',NULL),(15,2,440.00,'',102,9,'2018-02-26 23:27:38','2018-02-26 23:27:38',NULL),(16,2,440.00,'',103,9,'2018-02-26 23:28:55','2018-02-26 23:28:55',NULL),(17,1,250.00,'',105,8,'2018-02-26 23:36:17','2018-02-26 23:36:17',NULL),(18,1,220.00,'',105,9,'2018-02-26 23:36:18','2018-02-26 23:36:18',NULL),(19,1,220.00,'',106,9,'2018-02-26 23:39:45','2018-02-26 23:39:45',NULL),(20,-1,-250.00,'valelll',105,8,'2018-02-27 00:09:24','2018-02-27 00:09:24',NULL),(21,-1,-220.00,'valelll',105,9,'2018-02-27 00:09:24','2018-02-27 00:09:24',NULL),(22,-1,-220.00,'holis',106,9,'2018-02-27 21:17:50','2018-02-27 21:17:50',NULL),(23,-1,-200.00,'falla fea',99,21,'2018-02-27 21:24:28','2018-02-27 21:24:28',NULL),(24,-1,-500.00,'falla fea',99,22,'2018-02-27 21:24:28','2018-02-27 21:24:28',NULL),(25,-1,-200.00,'puras fallas',98,21,'2018-02-27 21:29:54','2018-02-27 21:29:54',NULL),(26,-1,-500.00,'fallas y mas fallas',98,22,'2018-02-27 21:32:13','2018-02-27 21:32:13',NULL),(27,1,500.00,'fallas y mas fallas',98,22,'2018-02-27 21:32:13','2018-02-27 21:32:13',NULL),(28,1,250.00,'',111,8,'2018-02-27 22:53:53','2018-02-27 22:53:53',NULL),(29,1,250.00,'',112,8,'2018-02-27 22:53:53','2018-02-27 22:53:53',NULL),(30,1,220.00,'',111,9,'2018-02-27 22:53:53','2018-02-27 22:53:53',NULL),(31,1,220.00,'',112,9,'2018-02-27 22:53:53','2018-02-27 22:53:53',NULL),(32,1,200.00,'',111,21,'2018-02-27 22:53:53','2018-02-27 22:53:53',NULL),(33,1,200.00,'',112,21,'2018-02-27 22:53:53','2018-02-27 22:53:53',NULL),(34,1,250.00,'',113,8,'2018-02-27 22:57:11','2018-02-27 22:57:11',NULL),(35,1,220.00,'',113,9,'2018-02-27 22:57:11','2018-02-27 22:57:11',NULL),(36,1,200.00,'',113,21,'2018-02-27 22:57:11','2018-02-27 22:57:11',NULL),(37,20,10000.00,'',113,22,'2018-02-27 22:57:11','2018-02-27 22:57:11',NULL),(38,1,250.00,'',115,8,'2018-02-27 22:57:11','2018-02-27 22:57:11',NULL),(39,1,250.00,'',114,8,'2018-02-27 22:57:11','2018-02-27 22:57:11',NULL),(40,1,220.00,'',115,9,'2018-02-27 22:57:11','2018-02-27 22:57:11',NULL),(41,1,220.00,'',114,9,'2018-02-27 22:57:11','2018-02-27 22:57:11',NULL),(42,1,200.00,'',115,21,'2018-02-27 22:57:11','2018-02-27 22:57:11',NULL),(43,1,200.00,'',114,21,'2018-02-27 22:57:11','2018-02-27 22:57:11',NULL),(44,1,250.00,'',116,8,'2018-02-27 22:59:28','2018-02-27 22:59:28',NULL),(45,1,220.00,'',116,9,'2018-02-27 22:59:29','2018-02-27 22:59:29',NULL),(46,1,200.00,'',116,21,'2018-02-27 22:59:29','2018-02-27 22:59:29',NULL),(47,1,500.00,'',116,22,'2018-02-27 22:59:29','2018-02-27 22:59:29',NULL),(48,1,100.00,'',118,24,'2018-03-06 00:34:28','2018-03-06 00:34:28',NULL),(49,1,100.00,'',119,24,'2018-03-06 00:34:28','2018-03-06 00:34:28',NULL),(50,1,1000.00,'',118,25,'2018-03-06 00:34:28','2018-03-06 00:34:28',NULL),(51,1,1000.00,'',119,25,'2018-03-06 00:34:28','2018-03-06 00:34:28',NULL),(52,1,100.00,'',120,24,'2018-03-06 00:35:00','2018-03-06 00:35:00',NULL),(53,1,100.00,'',121,24,'2018-03-06 00:35:00','2018-03-06 00:35:00',NULL),(54,1,100.00,'',122,24,'2018-03-06 00:35:02','2018-03-06 00:35:02',NULL),(55,1,1000.00,'',120,25,'2018-03-06 00:35:02','2018-03-06 00:35:02',NULL),(56,1,1000.00,'',121,25,'2018-03-06 00:35:02','2018-03-06 00:35:02',NULL),(57,1,1000.00,'',122,25,'2018-03-06 00:35:03','2018-03-06 00:35:03',NULL),(58,-1,-100.00,'test',122,24,'2018-03-06 00:47:15','2018-03-06 00:47:15',NULL),(59,-1,-1000.00,'gkb\n',122,25,'2018-06-01 23:13:00','2018-06-01 23:13:00',NULL);
/*!40000 ALTER TABLE `sales` ENABLE KEYS */;
UNLOCK TABLES;

--
-- Table structure for table `sectors`
--

DROP TABLE IF EXISTS `sectors`;
/*!40101 SET @saved_cs_client     = @@character_set_client */;
/*!40101 SET character_set_client = utf8 */;
CREATE TABLE `sectors` (
  `id` int(10) unsigned NOT NULL AUTO_INCREMENT,
  `name` varchar(191) COLLATE utf8mb4_unicode_ci NOT NULL,
  `description` varchar(191) COLLATE utf8mb4_unicode_ci NOT NULL,
  `id_company` int(10) unsigned NOT NULL,
  `created_at` timestamp NULL DEFAULT NULL,
  `updated_at` timestamp NULL DEFAULT NULL,
  `deleted_at` timestamp NULL DEFAULT NULL,
  PRIMARY KEY (`id`),
  KEY `sectors_id_company_foreign` (`id_company`) USING BTREE,
  CONSTRAINT `sectors_ibfk_1` FOREIGN KEY (`id_company`) REFERENCES `companies` (`id`)
) ENGINE=InnoDB AUTO_INCREMENT=43 DEFAULT CHARSET=utf8mb4 COLLATE=utf8mb4_unicode_ci;
/*!40101 SET character_set_client = @saved_cs_client */;

--
-- Dumping data for table `sectors`
--

LOCK TABLES `sectors` WRITE;
/*!40000 ALTER TABLE `sectors` DISABLE KEYS */;
INSERT INTO `sectors` VALUES (1,'Industrial','Industria',1,'2018-02-13 00:40:51','2018-03-03 00:38:57',NULL),(6,'Los huicholes','Donde hay mucha venta',1,NULL,'2018-02-19 23:16:15',NULL),(34,'Periferico Sur','Es un sector comodo y acogedor 56',2,'2018-02-14 04:54:22','2018-02-19 16:08:38','2018-02-19 16:08:38'),(35,'Nuevo sector4','Sector primario',2,'2018-02-19 15:52:51','2018-02-19 16:04:57','2018-02-19 16:04:57'),(36,'ffasfads','asdfsadffsad',2,'2018-02-19 16:09:09','2018-02-19 16:09:21','2018-02-19 16:09:21'),(37,'asfdsa','asdfasf',2,'2018-02-19 16:09:17','2018-02-19 16:09:24','2018-02-19 16:09:24'),(38,'asdfsadf','asdfasf',2,'2018-02-19 16:11:36','2018-02-19 16:11:57','2018-02-19 16:11:57'),(39,'asdf','asdf',2,'2018-02-19 16:11:45','2018-02-19 16:11:50','2018-02-19 16:11:50'),(40,'afsadf','asdf',2,'2018-02-19 16:58:58','2018-02-19 17:32:37','2018-02-19 17:32:37'),(41,'Restaurantero','Bares y restaurantes',1,'2018-02-20 00:11:08','2018-02-20 00:11:08',NULL),(42,'restaurantero','test',2,'2018-02-21 23:31:39','2018-02-21 23:31:39',NULL);
/*!40000 ALTER TABLE `sectors` ENABLE KEYS */;
UNLOCK TABLES;

--
-- Table structure for table `stocktakings`
--

DROP TABLE IF EXISTS `stocktakings`;
/*!40101 SET @saved_cs_client     = @@character_set_client */;
/*!40101 SET character_set_client = utf8 */;
CREATE TABLE `stocktakings` (
  `id` int(10) unsigned NOT NULL AUTO_INCREMENT,
  `id_warehouse` int(10) unsigned NOT NULL,
  `id_product` int(10) unsigned NOT NULL,
  `quantity` int(11) unsigned NOT NULL,
  `created_at` timestamp NULL DEFAULT NULL,
  `updated_at` timestamp NULL DEFAULT NULL,
  `deleted_at` timestamp NULL DEFAULT NULL,
  PRIMARY KEY (`id`),
  KEY `stocktakings_id_warehouse_foreign` (`id_warehouse`) USING BTREE,
  KEY `stocktakings_id_product_foreign` (`id_product`) USING BTREE,
  CONSTRAINT `stocktakings_ibfk_1` FOREIGN KEY (`id_product`) REFERENCES `products` (`id`),
  CONSTRAINT `stocktakings_ibfk_2` FOREIGN KEY (`id_warehouse`) REFERENCES `warehouses` (`id`)
) ENGINE=InnoDB AUTO_INCREMENT=34 DEFAULT CHARSET=utf8mb4 COLLATE=utf8mb4_unicode_ci;
/*!40101 SET character_set_client = @saved_cs_client */;

--
-- Dumping data for table `stocktakings`
--

LOCK TABLES `stocktakings` WRITE;
/*!40000 ALTER TABLE `stocktakings` DISABLE KEYS */;
INSERT INTO `stocktakings` VALUES (3,2,11,100,'2018-02-08 18:14:31','2018-02-08 18:35:23',NULL),(4,2,28,300,'2018-02-08 18:35:56','2018-06-12 16:53:43',NULL),(5,8,9,100,'2018-02-08 22:41:02','2018-02-08 22:41:02',NULL),(6,9,8,100,'2018-02-08 23:27:58','2018-02-08 23:27:58',NULL),(7,21,20,100,'2018-02-19 18:36:01','2018-02-19 21:17:29',NULL),(8,22,20,100,'2018-02-19 18:36:23','2018-02-19 19:50:21',NULL),(9,21,20,100,'2018-02-19 19:51:11','2018-02-19 19:51:11',NULL),(10,25,20,100,'2018-02-19 21:18:03','2018-02-19 21:18:03',NULL),(11,23,20,100,'2018-02-19 21:21:19','2018-02-19 21:21:19',NULL),(12,27,20,100,'2018-02-19 21:23:18','2018-02-19 21:23:18',NULL),(13,27,21,100,'2018-02-20 00:14:54','2018-02-20 00:14:54',NULL),(14,1,8,100,'2018-02-20 00:15:12','2018-02-23 23:32:00',NULL),(15,28,22,100,'2018-02-20 23:30:52','2018-02-22 00:02:36',NULL),(16,28,9,92,NULL,'2018-02-26 23:28:55',NULL),(17,12,25,4,NULL,'2018-06-01 23:13:00',NULL),(19,12,21,3,NULL,'2018-03-01 00:36:22',NULL),(21,2,8,19,NULL,'2018-02-27 22:59:28',NULL),(22,2,22,19,'2018-02-27 22:46:25','2018-02-27 22:59:29',NULL),(23,2,9,19,'2018-02-27 22:47:12','2018-02-27 22:59:29',NULL),(24,2,21,19,'2018-02-27 22:47:21','2018-02-27 22:59:29',NULL),(25,2,22,20,'2018-02-27 22:48:19','2018-02-27 22:56:42',NULL),(26,2,9,20,'2018-02-27 23:05:20','2018-02-27 23:05:20',NULL),(27,2,21,3,'2018-02-28 05:06:55','2018-02-28 05:06:55',NULL),(28,11,8,10,'2018-03-01 00:16:29','2018-03-01 00:16:29',NULL),(29,11,9,10,'2018-03-01 00:18:24','2018-03-01 00:18:24',NULL),(30,11,21,10,'2018-03-01 00:19:13','2018-03-01 00:19:13',NULL),(31,1,21,10,'2018-03-01 00:47:40','2018-03-01 00:47:40',NULL),(32,12,24,98,'2018-03-02 00:49:47','2018-03-06 00:47:15',NULL),(33,12,28,20,'2018-03-05 23:26:57','2018-03-05 23:27:41',NULL);
/*!40000 ALTER TABLE `stocktakings` ENABLE KEYS */;
UNLOCK TABLES;

--
-- Table structure for table `user_types`
--

DROP TABLE IF EXISTS `user_types`;
/*!40101 SET @saved_cs_client     = @@character_set_client */;
/*!40101 SET character_set_client = utf8 */;
CREATE TABLE `user_types` (
  `id` int(10) unsigned NOT NULL AUTO_INCREMENT,
  `name` varchar(191) COLLATE utf8mb4_unicode_ci NOT NULL,
  `description` varchar(191) COLLATE utf8mb4_unicode_ci NOT NULL,
  `created_at` timestamp NULL DEFAULT NULL,
  `updated_at` timestamp NULL DEFAULT NULL,
  `deleted_at` timestamp NULL DEFAULT NULL,
  PRIMARY KEY (`id`)
) ENGINE=InnoDB AUTO_INCREMENT=3 DEFAULT CHARSET=utf8mb4 COLLATE=utf8mb4_unicode_ci;
/*!40101 SET character_set_client = @saved_cs_client */;

--
-- Dumping data for table `user_types`
--

LOCK TABLES `user_types` WRITE;
/*!40000 ALTER TABLE `user_types` DISABLE KEYS */;
INSERT INTO `user_types` VALUES (1,'admin','superusuario','2018-01-25 00:04:11','2018-01-25 00:04:14',NULL),(2,'chofer','reparte agua ','2018-01-31 18:57:01','2018-01-31 18:57:07',NULL);
/*!40000 ALTER TABLE `user_types` ENABLE KEYS */;
UNLOCK TABLES;

--
-- Table structure for table `users`
--

DROP TABLE IF EXISTS `users`;
/*!40101 SET @saved_cs_client     = @@character_set_client */;
/*!40101 SET character_set_client = utf8 */;
CREATE TABLE `users` (
  `id` int(10) unsigned NOT NULL AUTO_INCREMENT,
  `name` varchar(191) COLLATE utf8mb4_unicode_ci NOT NULL,
  `last_name` varchar(191) COLLATE utf8mb4_unicode_ci NOT NULL,
  `img_url` varchar(191) COLLATE utf8mb4_unicode_ci NOT NULL,
  `email` varchar(191) COLLATE utf8mb4_unicode_ci NOT NULL,
  `password` varchar(191) COLLATE utf8mb4_unicode_ci NOT NULL,
  `phone` varchar(191) COLLATE utf8mb4_unicode_ci NOT NULL,
  `address` varchar(191) COLLATE utf8mb4_unicode_ci NOT NULL,
  `user_type` int(10) unsigned DEFAULT NULL,
  `id_company` int(10) unsigned NOT NULL,
  `created_at` timestamp NULL DEFAULT NULL,
  `updated_at` timestamp NULL DEFAULT NULL,
  `deleted_at` timestamp NULL DEFAULT NULL,
  PRIMARY KEY (`id`),
  UNIQUE KEY `users_email_unique` (`email`) USING BTREE,
  KEY `users_id_company_foreign` (`id_company`) USING BTREE,
  CONSTRAINT `users_ibfk_1` FOREIGN KEY (`id_company`) REFERENCES `companies` (`id`)
) ENGINE=InnoDB AUTO_INCREMENT=38 DEFAULT CHARSET=utf8mb4 COLLATE=utf8mb4_unicode_ci;
/*!40101 SET character_set_client = @saved_cs_client */;

--
-- Dumping data for table `users`
--

LOCK TABLES `users` WRITE;
/*!40000 ALTER TABLE `users` DISABLE KEYS */;
INSERT INTO `users` VALUES (1,'Emmanuel','Martinez','1.png','ema@altatec.com','$2y$10$NlijnZSJIUWIw.5HuqXzVuy6L6Brzpaa/9Quz8g3FxR3BsWUTNqDu','3334324345','53517 Ludie Land\r\nWest Tamara, IL 93590-7474',2,1,'2018-01-25 00:22:43','2018-05-25 23:29:29',NULL),(2,'Dr. Virgil Marvin DDS','Wolff','2.png','mara88@example.net','efew','7894563219','206 Camille Flats Suite 084\r\nLake Major, ID 41621-1438',2,1,'2018-01-25 00:22:43','2018-02-08 00:02:37','2018-02-09 23:39:16'),(7,'Mario','cruz','7.png','mario@sandoval.com','$2y$10$/o2t1hQHvE5507GQzSj.6.OZefmbMnBZDXhyrZdN.J0GoTjbEriy6','3312082604','la casa de mario',1,1,'2018-01-29 22:25:49','2018-02-28 22:49:16',NULL),(8,'Juan Carlos','Macias','8.png','juan@macias.com','$2y$10$0W4VYUgsRZgTXxXDo25cU.wDJ4cz1qlpb7ZYCDzw9.pc7dxjUsPsa','7894561236','La casa de juan ca',1,2,'2018-01-31 18:49:56','2018-03-01 23:44:39',NULL),(9,'Carlos Alfredo','Mar Felix','9.png','felix.mar1995@hotmail.com','123','8334513266','Tonala',2,3,'2018-02-01 21:46:11','2018-02-12 22:23:34',NULL),(14,'Jairo','Santoyo','14.png','jairo@santoyo.com','$2y$10$GQ7YieMt28WjhqnARV.DueAS2KEOnMHDGIdUAsBE85fPH/EKKmaxi','8956231478','la casa del yajairo',1,1,'2018-02-06 20:02:52','2018-02-27 22:32:12',NULL),(17,'Juan Francisco','Maldonado Perez','17.png','marcos@maldonado.com','$2y$10$Trjd/tB8lU/sz0aUfXVqTeDr.68x3ov3v1b2FKsqBHiSgd7pucFfS','5558461059','la casa de marcos',2,1,'2018-02-06 23:36:29','2018-02-19 23:39:15','2018-02-19 23:39:15'),(18,'Juan Antonio','Cruz Cardenas','18.png','juan@cruz.com','$2y$10$dfQwSmm/QC7/b/dQ0BvvvudSWdl95KITvYM88kI4Q5gKGJq9wTfZe','8461058963','Calle Galeana Sur #405 Ozuluama Veracruz',2,1,'2018-02-12 18:45:17','2018-02-19 22:22:36','2018-02-19 22:22:36'),(20,'María Mireya','Acevedo Manríquez','20.png','maria@acevedo.com','$2y$10$VHD43Fyi6PLmiaSDSSsdLuAQyo2GxlZWmDe.KZk8xVOn6wozw4cyi','7894561236','Calle Josefa Ortiz de Dominguez #604 Colonia Jose Maria Morelos Ciudad Victoria Tamaulipas.',2,2,'2018-02-13 17:00:29','2018-02-14 00:56:11','2018-02-14 00:56:11'),(21,'Enrique','Acevedo Mejía','21.png','enrique@mejia.com','$2y$10$/.8G0kKpV18pXBiJpd89leZGIrnqSlXuK7ejrt.IjLJUWJg1cH6Ue','4561237896','Calle zona centro Jalisco',2,2,'2018-02-13 17:03:57','2018-02-14 00:56:09','2018-02-14 00:56:09'),(22,'adsf','asdf','22.png','asdf@asdf.com','$2y$10$xnoTrLFUhms7lkOQWOJx2u1TqzMmBrva5NUZGM9dRIfJrw9mfsreK','5654546454','sadfasdf',1,1,'2018-02-13 17:26:57','2018-02-13 17:27:19','2018-02-13 17:27:19'),(23,'asvasdf','asdfasdf','23.png','asdfsaf@asdf.com','$2y$10$rjKr4XmG3qj8jPnK94jBmeF.f4.HOrdrY4MMmpjpe/wn36Dm9aFV6','4546555555','asdf',1,2,'2018-02-14 00:59:02','2018-02-14 00:59:11','2018-02-14 00:59:11'),(24,'asdf','asdf','24.png','asdf.a@asdfas.com','$2y$10$s/SPAZKy.T6GZvg5ETA6k.1iniRfoiX.PS.Sl6EiSwjHJk0okshB.','6465444546','asdfasf',1,2,'2018-02-14 00:59:53','2018-02-14 01:00:00','2018-02-14 01:00:00'),(25,'asdfsadf','sadfasdf','25.png','asdf@sadfsadf.com','$2y$10$YAvcZaaXVEe3njUVxOjrAOlfyylCpUzZDpxci9JQjdXcgZLV8ljr2','8979878979','asdfsadf',1,2,'2018-02-14 01:02:14','2018-02-14 01:02:35','2018-02-14 01:02:35'),(26,'asdf','asdf','26.png','asfd@sadf.com','$2y$10$o4uuDv5OgtIqeWv4Dmv5T.z2bTKlooje.g.l0dxgMTTaUVqxhSWce','5455445555','asdf',1,2,'2018-02-14 01:03:21','2018-02-14 01:04:26','2018-02-14 01:04:26'),(27,'Carolina','Acosta Canto','27.png','carolina@acosta.com','$2y$10$pSZ1lTaopFv.UZQA9nXNAePSlnculwtsOY4cu.XFCxM8qcaNWJ9Re','7895632147','Calle Juan Escutia # 2015 Colonia Los Mangos Guadalajara Guadalajara',2,2,'2018-02-14 04:53:35','2018-02-17 18:00:40','2018-02-17 18:00:40'),(28,'Jose','Perez','28.png','jose@perez.com','$2y$10$nhf37Mwr7ExbZ.WeQR4pQucLjDSSgoMiMhNY7spauUTQOeOMBUvmm','4444444444','calleTonala bla bla',1,2,'2018-02-17 18:05:02','2018-02-17 18:05:36','2018-02-17 18:05:36'),(29,'Alberto','Felix','29.png','alberto@gmail.mx','$2y$10$wOvQzfL4sxOEh5y3065sN.YhBusW5P7BSVEBAKxO5Fxfie4VapRLW','9999999999','Laredo Texas',1,2,'2018-02-17 18:12:45','2018-02-17 18:19:05','2018-02-17 18:19:05'),(30,'dsafa','asdfasfd','30.png','asdfasf@asfasd.com','$2y$10$rFn5Uc6zlx6hZZS0DrkoIelVplOvZTS.xE4YMwXUlPqOReof.jMCK','6546464454','asdfas',1,2,'2018-02-17 19:48:42','2018-02-17 19:48:52','2018-02-17 19:48:52'),(31,'Juan Antonio','Cruz Cardenas','31.png','juan@cardenas.com','$2y$10$ZWSqje7aWAF.kOyWb79PzODJYWfvFa0N/m/6s91Tu3fADwew7KL92','8461059863','calle Galeana',1,2,'2018-02-19 15:19:46','2018-02-19 15:19:46',NULL),(32,'Maria De Jesus','Felix','32.png','maria@felix.com','$2y$10$ZPS5ZcYwPiBrhJOBTB0gf.QzT1V8yxDmMQOVczCBGb.xk6MRloRl.','9999999999','las brisas',2,1,'2018-02-19 22:07:49','2018-02-19 22:57:34','2018-02-19 22:57:34'),(33,'Francisco','Campos','33.png','francisco@campos.com','$2y$10$FetbLz4aX5fdy.DUMy45Re4lhyna7vwz354HPJf3GzBTxNjw5cPHq','3333333333','Calle lomas de infonavit, Morelos Guadalajara Guadalajara',1,1,'2018-02-28 00:13:22','2018-02-28 00:13:22',NULL),(34,'Pedro','Martir','34.png','pedro@martir.com','$2y$10$BPCJGpNrxi.jb243yHXFC.SUJMLKM09PQDRupWIx2gdkw2jBmfr/W','8527419636','Calle Galeana 5206 el chunacate Ozuluama Veracruz Mexico',2,1,'2018-02-28 00:23:09','2018-02-28 00:23:09',NULL),(35,'Cesar','Lopez','35.jpg','cesar@lopez.com','$2y$10$eTuK3wVkL2I.tzGu3oLo.OCT5LR3LFbfrwuWEK3q0fhNRuFwRnjYu','3216564999','Calle alameda 104 los mangos Zapopan jalisco',1,1,'2018-02-28 00:32:30','2018-02-28 00:32:30',NULL),(36,'Carlos','salvador','36.png','carlos@salvador.com','$2y$10$hTqVc43EJIkEiYW6p3w7lOfqsa/qvq7LsETlPftiVmPOWYNeHb68e','7984651322','Calle Violeta 104 Ampliacion Revolucion Verde Madero Tamaulipas',1,1,'2018-02-28 00:36:39','2018-02-28 00:36:39',NULL),(37,'Jose','Perez Leon','37.png','jose@leon.com','$2y$10$krjX8sjyzHJYs0Kyfk6J6eKKufDqiMZSsj7v8WfflKjiKUfgaJzle','4564666666','la casa de leon',1,1,'2018-02-28 01:06:51','2018-03-02 23:29:11',NULL);
/*!40000 ALTER TABLE `users` ENABLE KEYS */;
UNLOCK TABLES;

--
-- Table structure for table `warehouses`
--

DROP TABLE IF EXISTS `warehouses`;
/*!40101 SET @saved_cs_client     = @@character_set_client */;
/*!40101 SET character_set_client = utf8 */;
CREATE TABLE `warehouses` (
  `id` int(10) unsigned NOT NULL AUTO_INCREMENT,
  `name` varchar(191) COLLATE utf8mb4_unicode_ci NOT NULL,
  `description` varchar(191) COLLATE utf8mb4_unicode_ci NOT NULL,
  `type_warehouse` tinyint(1) NOT NULL,
  `id_user` int(10) unsigned NOT NULL,
  `created_at` timestamp NULL DEFAULT NULL,
  `updated_at` timestamp NULL DEFAULT NULL,
  `deleted_at` timestamp NULL DEFAULT NULL,
  PRIMARY KEY (`id`),
  KEY `warehouses_id_user_foreign` (`id_user`) USING BTREE,
  CONSTRAINT `warehouses_ibfk_1` FOREIGN KEY (`id_user`) REFERENCES `users` (`id`)
) ENGINE=InnoDB AUTO_INCREMENT=29 DEFAULT CHARSET=utf8mb4 COLLATE=utf8mb4_unicode_ci;
/*!40101 SET character_set_client = @saved_cs_client */;

--
-- Dumping data for table `warehouses`
--

LOCK TABLES `warehouses` WRITE;
/*!40000 ALTER TABLE `warehouses` DISABLE KEYS */;
INSERT INTO `warehouses` VALUES (1,'sucursal 1','es la mas nuevadsdsd',1,17,'2018-01-25 00:34:44','2018-02-12 17:43:35',NULL),(2,'camion','es un torton ',0,14,'2018-02-08 17:59:17',NULL,NULL),(5,'camioneta 1','es una pickup',1,2,'2018-02-08 22:11:39','2018-02-08 22:39:38','2018-02-08 22:39:38'),(6,'sadfads','asdfasdf',1,17,'2018-02-08 22:14:32','2018-02-08 22:37:30','2018-02-08 22:37:30'),(7,'carlos ','es mi chalan',1,8,'2018-02-08 22:18:07','2018-02-08 22:37:15','2018-02-08 22:37:15'),(8,'el almacen de mario','esta bonito',1,2,'2018-02-08 22:40:44','2018-02-08 22:41:14','2018-02-08 22:41:14'),(9,'almacen 3','asdfsadga',1,2,'2018-02-08 23:27:32','2018-02-08 23:30:12','2018-02-08 23:30:12'),(10,'sucursal 2','es un almacen estacionario',0,9,'2018-02-09 18:24:07','2018-02-09 18:24:07',NULL),(11,'sucursal 5','es una sucursal la cual sera abastecida por el almacén central',0,2,'2018-02-09 18:24:50','2018-02-09 18:24:50',NULL),(12,'CEDIS','Almacen Central',1,1,'2018-02-09 23:48:11','2018-02-09 23:48:11',NULL),(13,'almacen 1','dsadf',0,21,'2018-02-14 00:39:22','2018-02-14 00:41:51','2018-02-14 00:41:51'),(14,'sadf','asdf',0,21,'2018-02-14 00:45:51','2018-02-14 00:49:24','2018-02-14 00:49:24'),(15,'uyguyg','vvyvyv',1,20,'2018-02-14 00:52:33','2018-02-14 00:53:10','2018-02-14 00:53:10'),(16,'Sucursal 2','Es donde trabaja Churros',0,27,'2018-02-14 04:55:26','2018-02-19 16:35:10','2018-02-19 16:35:10'),(17,'Sucursal 1','belenes',1,31,'2018-02-19 16:59:19','2018-02-19 17:32:46','2018-02-19 17:32:46'),(18,'s','s',0,31,'2018-02-19 17:35:11','2018-02-19 17:36:17','2018-02-19 17:36:17'),(19,'d','d',1,31,'2018-02-19 17:36:06','2018-02-19 17:36:12','2018-02-19 17:36:12'),(20,'d','d',1,31,'2018-02-19 17:46:14','2018-02-19 17:46:25','2018-02-19 17:46:25'),(21,'Camioneta','description de la camioneta',0,31,'2018-02-19 17:46:33','2018-02-19 19:42:15',NULL),(22,'Sucursal 5','Es la de carretera nogales',0,31,'2018-02-19 18:24:05','2018-02-19 18:24:05',NULL),(23,'Sucursal Puerta de Hierro','Es una muy buena sucursal',0,31,'2018-02-19 19:13:10','2018-02-19 19:13:10',NULL),(24,'Sucursal Puerta de Hierro','Es una muy buena sucursal',0,31,'2018-02-19 19:35:35','2018-02-19 19:35:42','2018-02-19 19:35:42'),(25,'Camioneta Ford Azul','Placas tal',1,31,'2018-02-19 19:37:16','2018-02-19 21:22:23','2018-02-19 21:22:23'),(26,'sucursal 1','Es la sucursal de Periferico sur',0,31,'2018-02-19 21:08:55','2018-02-19 21:17:47','2018-02-19 21:17:47'),(27,'sucursal 4','Es donde vive el Juan ca',1,31,'2018-02-19 21:23:02','2018-02-19 21:24:10','2018-02-19 21:24:10'),(28,'camioneta 2','lleno',0,7,'2018-02-20 22:31:09','2018-02-20 22:31:11',NULL);
/*!40000 ALTER TABLE `warehouses` ENABLE KEYS */;
UNLOCK TABLES;
/*!40103 SET TIME_ZONE=@OLD_TIME_ZONE */;

/*!40101 SET SQL_MODE=@OLD_SQL_MODE */;
/*!40014 SET FOREIGN_KEY_CHECKS=@OLD_FOREIGN_KEY_CHECKS */;
/*!40014 SET UNIQUE_CHECKS=@OLD_UNIQUE_CHECKS */;
/*!40101 SET CHARACTER_SET_CLIENT=@OLD_CHARACTER_SET_CLIENT */;
/*!40101 SET CHARACTER_SET_RESULTS=@OLD_CHARACTER_SET_RESULTS */;
/*!40101 SET COLLATION_CONNECTION=@OLD_COLLATION_CONNECTION */;
/*!40111 SET SQL_NOTES=@OLD_SQL_NOTES */;

-- Dump completed on 2018-06-12 12:54:03
